date,value,series_id
1996-12-31,3.13,BAMLH0A0HYM2
1997-01-01,,BAMLH0A0HYM2
1997-01-02,3.06,BAMLH0A0HYM2
1997-01-03,3.09,BAMLH0A0HYM2
1997-01-06,3.1,BAMLH0A0HYM2
1997-01-07,3.1,BAMLH0A0HYM2
1997-01-08,3.07,BAMLH0A0HYM2
1997-01-09,3.13,BAMLH0A0HYM2
1997-01-10,3.16,BAMLH0A0HYM2
1997-01-13,3.04,BAMLH0A0HYM2
1997-01-14,3.09,BAMLH0A0HYM2
1997-01-15,3.07,BAMLH0A0HYM2
1997-01-16,3.02,BAMLH0A0HYM2
1997-01-17,3.04,BAMLH0A0HYM2
1997-01-20,3.03,BAMLH0A0HYM2
1997-01-21,3.05,BAMLH0A0HYM2
1997-01-22,2.99,BAMLH0A0HYM2
1997-01-23,2.97,BAMLH0A0HYM2
1997-01-24,2.94,BAMLH0A0HYM2
1997-01-27,2.9,BAMLH0A0HYM2
1997-01-28,2.92,BAMLH0A0HYM2
1997-01-29,2.94,BAMLH0A0HYM2
1997-01-30,2.97,BAMLH0A0HYM2
1997-01-31,3.04,BAMLH0A0HYM2
1997-02-03,3.08,BAMLH0A0HYM2
1997-02-04,3.08,BAMLH0A0HYM2
1997-02-05,3.05,BAMLH0A0HYM2
1997-02-06,3.03,BAMLH0A0HYM2
1997-02-07,3.06,BAMLH0A0HYM2
1997-02-10,3.04,BAMLH0A0HYM2
1997-02-11,3.03,BAMLH0A0HYM2
1997-02-12,3.01,BAMLH0A0HYM2
1997-02-13,3.04,BAMLH0A0HYM2
1997-02-14,3.05,BAMLH0A0HYM2
1997-02-17,,BAMLH0A0HYM2
1997-02-18,3.01,BAMLH0A0HYM2
1997-02-19,2.98,BAMLH0A0HYM2
1997-02-20,2.89,BAMLH0A0HYM2
1997-02-21,2.89,BAMLH0A0HYM2
1997-02-24,2.85,BAMLH0A0HYM2
1997-02-25,2.83,BAMLH0A0HYM2
1997-02-26,2.71,BAMLH0A0HYM2
1997-02-27,2.71,BAMLH0A0HYM2
1997-02-28,2.73,BAMLH0A0HYM2
1997-03-03,2.71,BAMLH0A0HYM2
1997-03-04,2.67,BAMLH0A0HYM2
1997-03-05,2.71,BAMLH0A0HYM2
1997-03-06,2.7,BAMLH0A0HYM2
1997-03-07,2.74,BAMLH0A0HYM2
1997-03-10,2.74,BAMLH0A0HYM2
1997-03-11,2.72,BAMLH0A0HYM2
1997-03-12,2.69,BAMLH0A0HYM2
1997-03-13,2.62,BAMLH0A0HYM2
1997-03-14,2.66,BAMLH0A0HYM2
1997-03-17,2.66,BAMLH0A0HYM2
1997-03-18,2.67,BAMLH0A0HYM2
1997-03-19,2.67,BAMLH0A0HYM2
1997-03-20,2.68,BAMLH0A0HYM2
1997-03-21,2.69,BAMLH0A0HYM2
1997-03-24,2.71,BAMLH0A0HYM2
1997-03-25,2.69,BAMLH0A0HYM2
1997-03-26,2.71,BAMLH0A0HYM2
1997-03-27,2.67,BAMLH0A0HYM2
1997-03-28,,BAMLH0A0HYM2
1997-03-31,2.84,BAMLH0A0HYM2
1997-04-01,2.9,BAMLH0A0HYM2
1997-04-02,2.94,BAMLH0A0HYM2
1997-04-03,2.95,BAMLH0A0HYM2
1997-04-04,2.92,BAMLH0A0HYM2
1997-04-07,2.95,BAMLH0A0HYM2
1997-04-08,2.93,BAMLH0A0HYM2
1997-04-09,2.91,BAMLH0A0HYM2
1997-04-10,2.92,BAMLH0A0HYM2
1997-04-11,2.87,BAMLH0A0HYM2
1997-04-14,2.88,BAMLH0A0HYM2
1997-04-15,2.93,BAMLH0A0HYM2
1997-04-16,2.91,BAMLH0A0HYM2
1997-04-17,2.92,BAMLH0A0HYM2
1997-04-18,2.91,BAMLH0A0HYM2
1997-04-21,2.87,BAMLH0A0HYM2
1997-04-22,2.89,BAMLH0A0HYM2
1997-04-23,2.83,BAMLH0A0HYM2
1997-04-24,2.78,BAMLH0A0HYM2
1997-04-25,2.78,BAMLH0A0HYM2
1997-04-28,2.81,BAMLH0A0HYM2
1997-04-29,2.91,BAMLH0A0HYM2
1997-04-30,2.94,BAMLH0A0HYM2
1997-05-01,2.91,BAMLH0A0HYM2
1997-05-02,2.9,BAMLH0A0HYM2
1997-05-05,2.86,BAMLH0A0HYM2
1997-05-06,2.83,BAMLH0A0HYM2
1997-05-07,2.79,BAMLH0A0HYM2
1997-05-08,2.79,BAMLH0A0HYM2
1997-05-09,2.81,BAMLH0A0HYM2
1997-05-12,2.82,BAMLH0A0HYM2
1997-05-13,2.73,BAMLH0A0HYM2
1997-05-14,2.69,BAMLH0A0HYM2
1997-05-15,2.7,BAMLH0A0HYM2
1997-05-16,2.68,BAMLH0A0HYM2
1997-05-19,2.67,BAMLH0A0HYM2
1997-05-20,2.69,BAMLH0A0HYM2
1997-05-21,2.67,BAMLH0A0HYM2
1997-05-22,2.63,BAMLH0A0HYM2
1997-05-23,2.64,BAMLH0A0HYM2
1997-05-26,,BAMLH0A0HYM2
1997-05-27,2.6,BAMLH0A0HYM2
1997-05-28,2.61,BAMLH0A0HYM2
1997-05-29,2.61,BAMLH0A0HYM2
1997-05-30,2.65,BAMLH0A0HYM2
1997-05-31,2.68,BAMLH0A0HYM2
1997-06-02,2.66,BAMLH0A0HYM2
1997-06-03,2.68,BAMLH0A0HYM2
1997-06-04,2.65,BAMLH0A0HYM2
1997-06-05,2.6,BAMLH0A0HYM2
1997-06-06,2.7,BAMLH0A0HYM2
1997-06-09,2.59,BAMLH0A0HYM2
1997-06-10,2.56,BAMLH0A0HYM2
1997-06-11,2.55,BAMLH0A0HYM2
1997-06-12,2.59,BAMLH0A0HYM2
1997-06-13,2.62,BAMLH0A0HYM2
1997-06-16,2.6,BAMLH0A0HYM2
1997-06-17,2.58,BAMLH0A0HYM2
1997-06-18,2.62,BAMLH0A0HYM2
1997-06-19,2.61,BAMLH0A0HYM2
1997-06-20,2.64,BAMLH0A0HYM2
1997-06-23,2.61,BAMLH0A0HYM2
1997-06-24,2.6,BAMLH0A0HYM2
1997-06-25,2.59,BAMLH0A0HYM2
1997-06-26,2.61,BAMLH0A0HYM2
1997-06-27,2.63,BAMLH0A0HYM2
1997-06-30,2.67,BAMLH0A0HYM2
1997-07-01,2.7,BAMLH0A0HYM2
1997-07-02,2.71,BAMLH0A0HYM2
1997-07-03,2.79,BAMLH0A0HYM2
1997-07-04,,BAMLH0A0HYM2
1997-07-07,2.82,BAMLH0A0HYM2
1997-07-08,2.8,BAMLH0A0HYM2
1997-07-09,2.8,BAMLH0A0HYM2
1997-07-10,2.78,BAMLH0A0HYM2
1997-07-11,2.76,BAMLH0A0HYM2
1997-07-14,2.71,BAMLH0A0HYM2
1997-07-15,2.69,BAMLH0A0HYM2
1997-07-16,2.71,BAMLH0A0HYM2
1997-07-17,2.7,BAMLH0A0HYM2
1997-07-18,2.67,BAMLH0A0HYM2
1997-07-21,2.66,BAMLH0A0HYM2
1997-07-22,2.72,BAMLH0A0HYM2
1997-07-23,2.69,BAMLH0A0HYM2
1997-07-24,2.69,BAMLH0A0HYM2
1997-07-25,2.66,BAMLH0A0HYM2
1997-07-28,2.68,BAMLH0A0HYM2
1997-07-29,2.7,BAMLH0A0HYM2
1997-07-30,2.73,BAMLH0A0HYM2
1997-07-31,2.71,BAMLH0A0HYM2
1997-08-01,2.57,BAMLH0A0HYM2
1997-08-04,2.55,BAMLH0A0HYM2
1997-08-05,2.55,BAMLH0A0HYM2
1997-08-06,2.56,BAMLH0A0HYM2
1997-08-07,2.52,BAMLH0A0HYM2
1997-08-08,2.49,BAMLH0A0HYM2
1997-08-11,2.5,BAMLH0A0HYM2
1997-08-12,2.51,BAMLH0A0HYM2
1997-08-13,2.53,BAMLH0A0HYM2
1997-08-14,2.54,BAMLH0A0HYM2
1997-08-15,2.56,BAMLH0A0HYM2
1997-08-18,2.61,BAMLH0A0HYM2
1997-08-19,2.6,BAMLH0A0HYM2
1997-08-20,2.58,BAMLH0A0HYM2
1997-08-21,2.55,BAMLH0A0HYM2
1997-08-22,2.52,BAMLH0A0HYM2
1997-08-25,2.5,BAMLH0A0HYM2
1997-08-26,2.51,BAMLH0A0HYM2
1997-08-27,2.51,BAMLH0A0HYM2
1997-08-28,2.57,BAMLH0A0HYM2
1997-08-29,2.54,BAMLH0A0HYM2
1997-08-31,2.59,BAMLH0A0HYM2
1997-09-01,,BAMLH0A0HYM2
1997-09-02,2.62,BAMLH0A0HYM2
1997-09-03,2.6,BAMLH0A0HYM2
1997-09-04,2.61,BAMLH0A0HYM2
1997-09-05,2.6,BAMLH0A0HYM2
1997-09-08,2.6,BAMLH0A0HYM2
1997-09-09,2.59,BAMLH0A0HYM2
1997-09-10,2.55,BAMLH0A0HYM2
1997-09-11,2.55,BAMLH0A0HYM2
1997-09-12,2.62,BAMLH0A0HYM2
1997-09-15,2.61,BAMLH0A0HYM2
1997-09-16,2.69,BAMLH0A0HYM2
1997-09-17,2.65,BAMLH0A0HYM2
1997-09-18,2.59,BAMLH0A0HYM2
1997-09-19,2.59,BAMLH0A0HYM2
1997-09-22,2.59,BAMLH0A0HYM2
1997-09-23,2.57,BAMLH0A0HYM2
1997-09-24,2.61,BAMLH0A0HYM2
1997-09-25,2.54,BAMLH0A0HYM2
1997-09-26,2.57,BAMLH0A0HYM2
1997-09-29,2.55,BAMLH0A0HYM2
1997-09-30,2.59,BAMLH0A0HYM2
1997-10-01,2.63,BAMLH0A0HYM2
1997-10-02,2.63,BAMLH0A0HYM2
1997-10-03,2.61,BAMLH0A0HYM2
1997-10-06,2.63,BAMLH0A0HYM2
1997-10-07,2.62,BAMLH0A0HYM2
1997-10-08,2.49,BAMLH0A0HYM2
1997-10-09,2.51,BAMLH0A0HYM2
1997-10-10,2.51,BAMLH0A0HYM2
1997-10-13,2.54,BAMLH0A0HYM2
1997-10-14,2.51,BAMLH0A0HYM2
1997-10-15,2.48,BAMLH0A0HYM2
1997-10-16,2.47,BAMLH0A0HYM2
1997-10-17,2.44,BAMLH0A0HYM2
1997-10-20,2.45,BAMLH0A0HYM2
1997-10-21,2.45,BAMLH0A0HYM2
1997-10-22,2.46,BAMLH0A0HYM2
1997-10-23,2.55,BAMLH0A0HYM2
1997-10-24,2.58,BAMLH0A0HYM2
1997-10-27,2.84,BAMLH0A0HYM2
1997-10-28,2.82,BAMLH0A0HYM2
1997-10-29,2.83,BAMLH0A0HYM2
1997-10-30,2.89,BAMLH0A0HYM2
1997-10-31,2.99,BAMLH0A0HYM2
1997-11-03,2.91,BAMLH0A0HYM2
1997-11-04,2.84,BAMLH0A0HYM2
1997-11-05,2.81,BAMLH0A0HYM2
1997-11-06,2.83,BAMLH0A0HYM2
1997-11-07,2.83,BAMLH0A0HYM2
1997-11-10,2.81,BAMLH0A0HYM2
1997-11-11,2.8,BAMLH0A0HYM2
1997-11-12,2.83,BAMLH0A0HYM2
1997-11-13,2.86,BAMLH0A0HYM2
1997-11-14,2.88,BAMLH0A0HYM2
1997-11-17,2.89,BAMLH0A0HYM2
1997-11-18,2.88,BAMLH0A0HYM2
1997-11-19,2.91,BAMLH0A0HYM2
1997-11-20,2.89,BAMLH0A0HYM2
1997-11-21,2.9,BAMLH0A0HYM2
1997-11-24,2.87,BAMLH0A0HYM2
1997-11-25,2.87,BAMLH0A0HYM2
1997-11-26,2.85,BAMLH0A0HYM2
1997-11-27,2.85,BAMLH0A0HYM2
1997-11-28,2.84,BAMLH0A0HYM2
1997-11-30,2.9,BAMLH0A0HYM2
1997-12-01,2.9,BAMLH0A0HYM2
1997-12-02,2.87,BAMLH0A0HYM2
1997-12-03,2.88,BAMLH0A0HYM2
1997-12-04,2.87,BAMLH0A0HYM2
1997-12-05,2.81,BAMLH0A0HYM2
1997-12-08,2.77,BAMLH0A0HYM2
1997-12-09,2.79,BAMLH0A0HYM2
1997-12-10,2.82,BAMLH0A0HYM2
1997-12-11,2.88,BAMLH0A0HYM2
1997-12-12,2.94,BAMLH0A0HYM2
1997-12-15,2.89,BAMLH0A0HYM2
1997-12-16,2.9,BAMLH0A0HYM2
1997-12-17,2.87,BAMLH0A0HYM2
1997-12-18,2.89,BAMLH0A0HYM2
1997-12-19,2.93,BAMLH0A0HYM2
1997-12-22,2.93,BAMLH0A0HYM2
1997-12-23,2.94,BAMLH0A0HYM2
1997-12-24,2.94,BAMLH0A0HYM2
1997-12-25,,BAMLH0A0HYM2
1997-12-26,2.93,BAMLH0A0HYM2
1997-12-29,2.92,BAMLH0A0HYM2
1997-12-30,2.91,BAMLH0A0HYM2
1997-12-31,2.96,BAMLH0A0HYM2
1998-01-01,,BAMLH0A0HYM2
1998-01-02,3.02,BAMLH0A0HYM2
1998-01-05,3.09,BAMLH0A0HYM2
1998-01-06,3.1,BAMLH0A0HYM2
1998-01-07,3.07,BAMLH0A0HYM2
1998-01-08,3.1,BAMLH0A0HYM2
1998-01-09,3.16,BAMLH0A0HYM2
1998-01-12,3.16,BAMLH0A0HYM2
1998-01-13,3.14,BAMLH0A0HYM2
1998-01-14,3.1,BAMLH0A0HYM2
1998-01-15,3.07,BAMLH0A0HYM2
1998-01-16,3.01,BAMLH0A0HYM2
1998-01-19,3.01,BAMLH0A0HYM2
1998-01-20,2.98,BAMLH0A0HYM2
1998-01-21,2.99,BAMLH0A0HYM2
1998-01-22,2.98,BAMLH0A0HYM2
1998-01-23,2.9,BAMLH0A0HYM2
1998-01-26,2.92,BAMLH0A0HYM2
1998-01-27,2.89,BAMLH0A0HYM2
1998-01-28,2.89,BAMLH0A0HYM2
1998-01-29,2.95,BAMLH0A0HYM2
1998-01-30,2.98,BAMLH0A0HYM2
1998-01-31,3.0,BAMLH0A0HYM2
1998-02-02,2.96,BAMLH0A0HYM2
1998-02-03,2.98,BAMLH0A0HYM2
1998-02-04,2.98,BAMLH0A0HYM2
1998-02-05,2.94,BAMLH0A0HYM2
1998-02-06,2.93,BAMLH0A0HYM2
1998-02-09,2.92,BAMLH0A0HYM2
1998-02-10,2.93,BAMLH0A0HYM2
1998-02-11,2.96,BAMLH0A0HYM2
1998-02-12,2.95,BAMLH0A0HYM2
1998-02-13,2.97,BAMLH0A0HYM2
1998-02-16,2.96,BAMLH0A0HYM2
1998-02-17,2.94,BAMLH0A0HYM2
1998-02-18,2.94,BAMLH0A0HYM2
1998-02-19,2.93,BAMLH0A0HYM2
1998-02-20,2.91,BAMLH0A0HYM2
1998-02-23,2.88,BAMLH0A0HYM2
1998-02-24,2.83,BAMLH0A0HYM2
1998-02-25,2.87,BAMLH0A0HYM2
1998-02-26,2.86,BAMLH0A0HYM2
1998-02-27,2.88,BAMLH0A0HYM2
1998-02-28,2.87,BAMLH0A0HYM2
1998-03-02,2.8,BAMLH0A0HYM2
1998-03-03,2.79,BAMLH0A0HYM2
1998-03-04,2.81,BAMLH0A0HYM2
1998-03-05,2.82,BAMLH0A0HYM2
1998-03-06,2.85,BAMLH0A0HYM2
1998-03-09,2.88,BAMLH0A0HYM2
1998-03-10,2.89,BAMLH0A0HYM2
1998-03-11,2.89,BAMLH0A0HYM2
1998-03-12,2.93,BAMLH0A0HYM2
1998-03-13,2.91,BAMLH0A0HYM2
1998-03-16,2.91,BAMLH0A0HYM2
1998-03-17,2.88,BAMLH0A0HYM2
1998-03-18,2.85,BAMLH0A0HYM2
1998-03-19,2.84,BAMLH0A0HYM2
1998-03-20,2.84,BAMLH0A0HYM2
1998-03-23,2.83,BAMLH0A0HYM2
1998-03-24,2.82,BAMLH0A0HYM2
1998-03-25,2.78,BAMLH0A0HYM2
1998-03-26,2.75,BAMLH0A0HYM2
1998-03-27,2.73,BAMLH0A0HYM2
1998-03-30,2.71,BAMLH0A0HYM2
1998-03-31,2.83,BAMLH0A0HYM2
1998-04-01,2.84,BAMLH0A0HYM2
1998-04-02,2.88,BAMLH0A0HYM2
1998-04-03,2.94,BAMLH0A0HYM2
1998-04-06,2.89,BAMLH0A0HYM2
1998-04-07,2.9,BAMLH0A0HYM2
1998-04-08,2.87,BAMLH0A0HYM2
1998-04-09,2.86,BAMLH0A0HYM2
1998-04-10,,BAMLH0A0HYM2
1998-04-13,2.81,BAMLH0A0HYM2
1998-04-14,2.85,BAMLH0A0HYM2
1998-04-15,2.84,BAMLH0A0HYM2
1998-04-16,2.86,BAMLH0A0HYM2
1998-04-17,2.85,BAMLH0A0HYM2
1998-04-20,2.82,BAMLH0A0HYM2
1998-04-21,2.8,BAMLH0A0HYM2
1998-04-22,2.8,BAMLH0A0HYM2
1998-04-23,2.8,BAMLH0A0HYM2
1998-04-24,2.81,BAMLH0A0HYM2
1998-04-27,2.79,BAMLH0A0HYM2
1998-04-28,2.78,BAMLH0A0HYM2
1998-04-29,2.79,BAMLH0A0HYM2
1998-04-30,2.98,BAMLH0A0HYM2
1998-05-01,2.98,BAMLH0A0HYM2
1998-05-04,2.95,BAMLH0A0HYM2
1998-05-05,2.93,BAMLH0A0HYM2
1998-05-06,2.97,BAMLH0A0HYM2
1998-05-07,2.97,BAMLH0A0HYM2
1998-05-08,2.95,BAMLH0A0HYM2
1998-05-11,2.9,BAMLH0A0HYM2
1998-05-12,2.98,BAMLH0A0HYM2
1998-05-13,3.0,BAMLH0A0HYM2
1998-05-14,2.98,BAMLH0A0HYM2
1998-05-15,2.97,BAMLH0A0HYM2
1998-05-18,3.02,BAMLH0A0HYM2
1998-05-19,3.02,BAMLH0A0HYM2
1998-05-20,3.04,BAMLH0A0HYM2
1998-05-21,3.0,BAMLH0A0HYM2
1998-05-22,3.01,BAMLH0A0HYM2
1998-05-25,3.01,BAMLH0A0HYM2
1998-05-26,3.04,BAMLH0A0HYM2
1998-05-27,3.05,BAMLH0A0HYM2
1998-05-28,3.04,BAMLH0A0HYM2
1998-05-29,3.05,BAMLH0A0HYM2
1998-05-31,3.18,BAMLH0A0HYM2
1998-06-01,3.2,BAMLH0A0HYM2
1998-06-02,3.18,BAMLH0A0HYM2
1998-06-03,3.18,BAMLH0A0HYM2
1998-06-04,3.15,BAMLH0A0HYM2
1998-06-05,3.16,BAMLH0A0HYM2
1998-06-08,3.15,BAMLH0A0HYM2
1998-06-09,3.15,BAMLH0A0HYM2
1998-06-10,3.2,BAMLH0A0HYM2
1998-06-11,3.24,BAMLH0A0HYM2
1998-06-12,3.26,BAMLH0A0HYM2
1998-06-15,3.3,BAMLH0A0HYM2
1998-06-16,3.29,BAMLH0A0HYM2
1998-06-17,3.25,BAMLH0A0HYM2
1998-06-18,3.26,BAMLH0A0HYM2
1998-06-19,3.28,BAMLH0A0HYM2
1998-06-22,3.29,BAMLH0A0HYM2
1998-06-23,3.31,BAMLH0A0HYM2
1998-06-24,3.28,BAMLH0A0HYM2
1998-06-25,3.28,BAMLH0A0HYM2
1998-06-26,3.28,BAMLH0A0HYM2
1998-06-29,3.27,BAMLH0A0HYM2
1998-06-30,3.37,BAMLH0A0HYM2
1998-07-01,3.39,BAMLH0A0HYM2
1998-07-02,3.41,BAMLH0A0HYM2
1998-07-03,3.41,BAMLH0A0HYM2
1998-07-06,3.42,BAMLH0A0HYM2
1998-07-07,3.39,BAMLH0A0HYM2
1998-07-08,3.36,BAMLH0A0HYM2
1998-07-09,3.39,BAMLH0A0HYM2
1998-07-10,3.38,BAMLH0A0HYM2
1998-07-13,3.34,BAMLH0A0HYM2
1998-07-14,3.33,BAMLH0A0HYM2
1998-07-15,3.3,BAMLH0A0HYM2
1998-07-16,3.29,BAMLH0A0HYM2
1998-07-17,3.29,BAMLH0A0HYM2
1998-07-20,3.3,BAMLH0A0HYM2
1998-07-21,3.3,BAMLH0A0HYM2
1998-07-22,3.29,BAMLH0A0HYM2
1998-07-23,3.31,BAMLH0A0HYM2
1998-07-24,3.3,BAMLH0A0HYM2
1998-07-27,3.3,BAMLH0A0HYM2
1998-07-28,3.26,BAMLH0A0HYM2
1998-07-29,3.29,BAMLH0A0HYM2
1998-07-30,3.3,BAMLH0A0HYM2
1998-07-31,3.38,BAMLH0A0HYM2
1998-08-03,3.42,BAMLH0A0HYM2
1998-08-04,3.48,BAMLH0A0HYM2
1998-08-05,3.5,BAMLH0A0HYM2
1998-08-06,3.5,BAMLH0A0HYM2
1998-08-07,3.55,BAMLH0A0HYM2
1998-08-10,3.58,BAMLH0A0HYM2
1998-08-11,3.75,BAMLH0A0HYM2
1998-08-12,3.76,BAMLH0A0HYM2
1998-08-13,3.76,BAMLH0A0HYM2
1998-08-14,3.78,BAMLH0A0HYM2
1998-08-17,3.83,BAMLH0A0HYM2
1998-08-18,3.84,BAMLH0A0HYM2
1998-08-19,3.86,BAMLH0A0HYM2
1998-08-20,3.9,BAMLH0A0HYM2
1998-08-21,4.09,BAMLH0A0HYM2
1998-08-24,4.16,BAMLH0A0HYM2
1998-08-25,4.23,BAMLH0A0HYM2
1998-08-26,4.36,BAMLH0A0HYM2
1998-08-27,4.7,BAMLH0A0HYM2
1998-08-28,4.87,BAMLH0A0HYM2
1998-08-31,5.2,BAMLH0A0HYM2
1998-09-01,5.26,BAMLH0A0HYM2
1998-09-02,5.26,BAMLH0A0HYM2
1998-09-03,5.33,BAMLH0A0HYM2
1998-09-04,5.36,BAMLH0A0HYM2
1998-09-07,5.35,BAMLH0A0HYM2
1998-09-08,5.3,BAMLH0A0HYM2
1998-09-09,5.43,BAMLH0A0HYM2
1998-09-10,5.68,BAMLH0A0HYM2
1998-09-11,5.7,BAMLH0A0HYM2
1998-09-14,5.67,BAMLH0A0HYM2
1998-09-15,5.66,BAMLH0A0HYM2
1998-09-16,5.67,BAMLH0A0HYM2
1998-09-17,5.7,BAMLH0A0HYM2
1998-09-18,5.79,BAMLH0A0HYM2
1998-09-21,5.78,BAMLH0A0HYM2
1998-09-22,5.72,BAMLH0A0HYM2
1998-09-23,5.72,BAMLH0A0HYM2
1998-09-24,5.73,BAMLH0A0HYM2
1998-09-25,5.76,BAMLH0A0HYM2
1998-09-28,5.74,BAMLH0A0HYM2
1998-09-29,5.76,BAMLH0A0HYM2
1998-09-30,5.95,BAMLH0A0HYM2
1998-10-01,6.06,BAMLH0A0HYM2
1998-10-02,6.11,BAMLH0A0HYM2
1998-10-05,6.29,BAMLH0A0HYM2
1998-10-06,6.27,BAMLH0A0HYM2
1998-10-07,6.21,BAMLH0A0HYM2
1998-10-08,6.39,BAMLH0A0HYM2
1998-10-09,6.32,BAMLH0A0HYM2
1998-10-12,6.32,BAMLH0A0HYM2
1998-10-13,6.37,BAMLH0A0HYM2
1998-10-14,6.59,BAMLH0A0HYM2
1998-10-15,6.67,BAMLH0A0HYM2
1998-10-16,6.78,BAMLH0A0HYM2
1998-10-19,6.78,BAMLH0A0HYM2
1998-10-20,6.65,BAMLH0A0HYM2
1998-10-21,6.59,BAMLH0A0HYM2
1998-10-22,6.49,BAMLH0A0HYM2
1998-10-23,6.37,BAMLH0A0HYM2
1998-10-26,6.38,BAMLH0A0HYM2
1998-10-27,6.43,BAMLH0A0HYM2
1998-10-28,6.49,BAMLH0A0HYM2
1998-10-29,6.5,BAMLH0A0HYM2
1998-10-30,6.36,BAMLH0A0HYM2
1998-10-31,6.52,BAMLH0A0HYM2
1998-11-02,6.33,BAMLH0A0HYM2
1998-11-03,6.27,BAMLH0A0HYM2
1998-11-04,6.11,BAMLH0A0HYM2
1998-11-05,6.09,BAMLH0A0HYM2
1998-11-06,5.95,BAMLH0A0HYM2
1998-11-09,5.93,BAMLH0A0HYM2
1998-11-10,5.88,BAMLH0A0HYM2
1998-11-11,5.85,BAMLH0A0HYM2
1998-11-12,5.82,BAMLH0A0HYM2
1998-11-13,5.73,BAMLH0A0HYM2
1998-11-16,5.62,BAMLH0A0HYM2
1998-11-17,5.53,BAMLH0A0HYM2
1998-11-18,5.54,BAMLH0A0HYM2
1998-11-19,5.47,BAMLH0A0HYM2
1998-11-20,5.45,BAMLH0A0HYM2
1998-11-23,5.41,BAMLH0A0HYM2
1998-11-24,5.36,BAMLH0A0HYM2
1998-11-25,5.33,BAMLH0A0HYM2
1998-11-26,5.33,BAMLH0A0HYM2
1998-11-27,5.34,BAMLH0A0HYM2
1998-11-30,5.44,BAMLH0A0HYM2
1998-12-01,5.48,BAMLH0A0HYM2
1998-12-02,5.55,BAMLH0A0HYM2
1998-12-03,5.55,BAMLH0A0HYM2
1998-12-04,5.53,BAMLH0A0HYM2
1998-12-07,5.45,BAMLH0A0HYM2
1998-12-08,5.54,BAMLH0A0HYM2
1998-12-09,5.56,BAMLH0A0HYM2
1998-12-10,5.61,BAMLH0A0HYM2
1998-12-11,5.56,BAMLH0A0HYM2
1998-12-14,5.64,BAMLH0A0HYM2
1998-12-15,5.59,BAMLH0A0HYM2
1998-12-16,5.64,BAMLH0A0HYM2
1998-12-17,5.64,BAMLH0A0HYM2
1998-12-18,5.63,BAMLH0A0HYM2
1998-12-21,5.58,BAMLH0A0HYM2
1998-12-22,5.53,BAMLH0A0HYM2
1998-12-23,5.43,BAMLH0A0HYM2
1998-12-24,5.39,BAMLH0A0HYM2
1998-12-25,,BAMLH0A0HYM2
1998-12-28,5.44,BAMLH0A0HYM2
1998-12-29,5.48,BAMLH0A0HYM2
1998-12-30,5.51,BAMLH0A0HYM2
1998-12-31,5.66,BAMLH0A0HYM2
1999-01-01,,BAMLH0A0HYM2
1999-01-04,5.63,BAMLH0A0HYM2
1999-01-05,5.57,BAMLH0A0HYM2
1999-01-06,5.56,BAMLH0A0HYM2
1999-01-07,5.53,BAMLH0A0HYM2
1999-01-08,5.41,BAMLH0A0HYM2
1999-01-11,5.37,BAMLH0A0HYM2
1999-01-12,5.46,BAMLH0A0HYM2
1999-01-13,5.6,BAMLH0A0HYM2
1999-01-14,5.67,BAMLH0A0HYM2
1999-01-15,5.62,BAMLH0A0HYM2
1999-01-18,5.63,BAMLH0A0HYM2
1999-01-19,5.55,BAMLH0A0HYM2
1999-01-20,5.49,BAMLH0A0HYM2
1999-01-21,5.54,BAMLH0A0HYM2
1999-01-22,5.59,BAMLH0A0HYM2
1999-01-25,5.56,BAMLH0A0HYM2
1999-01-26,5.54,BAMLH0A0HYM2
1999-01-27,5.54,BAMLH0A0HYM2
1999-01-28,5.53,BAMLH0A0HYM2
1999-01-29,5.53,BAMLH0A0HYM2
1999-01-31,5.6,BAMLH0A0HYM2
1999-02-01,5.54,BAMLH0A0HYM2
1999-02-02,5.49,BAMLH0A0HYM2
1999-02-03,5.45,BAMLH0A0HYM2
1999-02-04,5.41,BAMLH0A0HYM2
1999-02-05,5.36,BAMLH0A0HYM2
1999-02-08,5.36,BAMLH0A0HYM2
1999-02-09,5.41,BAMLH0A0HYM2
1999-02-10,5.35,BAMLH0A0HYM2
1999-02-11,5.33,BAMLH0A0HYM2
1999-02-12,5.24,BAMLH0A0HYM2
1999-02-15,5.22,BAMLH0A0HYM2
1999-02-16,5.25,BAMLH0A0HYM2
1999-02-17,5.29,BAMLH0A0HYM2
1999-02-18,5.23,BAMLH0A0HYM2
1999-02-19,5.23,BAMLH0A0HYM2
1999-02-22,5.31,BAMLH0A0HYM2
1999-02-23,5.26,BAMLH0A0HYM2
1999-02-24,5.22,BAMLH0A0HYM2
1999-02-25,5.15,BAMLH0A0HYM2
1999-02-26,5.21,BAMLH0A0HYM2
1999-02-28,5.21,BAMLH0A0HYM2
1999-03-01,5.15,BAMLH0A0HYM2
1999-03-02,5.24,BAMLH0A0HYM2
1999-03-03,5.2,BAMLH0A0HYM2
1999-03-04,5.2,BAMLH0A0HYM2
1999-03-05,5.28,BAMLH0A0HYM2
1999-03-08,5.3,BAMLH0A0HYM2
1999-03-09,5.34,BAMLH0A0HYM2
1999-03-10,5.29,BAMLH0A0HYM2
1999-03-11,5.27,BAMLH0A0HYM2
1999-03-12,5.29,BAMLH0A0HYM2
1999-03-15,5.28,BAMLH0A0HYM2
1999-03-16,5.3,BAMLH0A0HYM2
1999-03-17,5.28,BAMLH0A0HYM2
1999-03-18,5.29,BAMLH0A0HYM2
1999-03-19,5.21,BAMLH0A0HYM2
1999-03-22,5.18,BAMLH0A0HYM2
1999-03-23,5.23,BAMLH0A0HYM2
1999-03-24,5.22,BAMLH0A0HYM2
1999-03-25,5.17,BAMLH0A0HYM2
1999-03-26,5.18,BAMLH0A0HYM2
1999-03-29,5.14,BAMLH0A0HYM2
1999-03-30,5.19,BAMLH0A0HYM2
1999-03-31,5.19,BAMLH0A0HYM2
1999-04-01,5.11,BAMLH0A0HYM2
1999-04-02,5.17,BAMLH0A0HYM2
1999-04-05,5.18,BAMLH0A0HYM2
1999-04-06,5.18,BAMLH0A0HYM2
1999-04-07,5.13,BAMLH0A0HYM2
1999-04-08,5.18,BAMLH0A0HYM2
1999-04-09,5.16,BAMLH0A0HYM2
1999-04-12,5.14,BAMLH0A0HYM2
1999-04-13,5.09,BAMLH0A0HYM2
1999-04-14,5.05,BAMLH0A0HYM2
1999-04-15,5.0,BAMLH0A0HYM2
1999-04-16,4.96,BAMLH0A0HYM2
1999-04-19,4.99,BAMLH0A0HYM2
1999-04-20,5.02,BAMLH0A0HYM2
1999-04-21,5.0,BAMLH0A0HYM2
1999-04-22,4.93,BAMLH0A0HYM2
1999-04-23,4.93,BAMLH0A0HYM2
1999-04-26,4.95,BAMLH0A0HYM2
1999-04-27,4.95,BAMLH0A0HYM2
1999-04-28,4.92,BAMLH0A0HYM2
1999-04-29,4.98,BAMLH0A0HYM2
1999-04-30,4.76,BAMLH0A0HYM2
1999-05-03,4.7,BAMLH0A0HYM2
1999-05-04,4.65,BAMLH0A0HYM2
1999-05-05,4.71,BAMLH0A0HYM2
1999-05-06,4.61,BAMLH0A0HYM2
1999-05-07,4.62,BAMLH0A0HYM2
1999-05-10,4.67,BAMLH0A0HYM2
1999-05-11,4.65,BAMLH0A0HYM2
1999-05-12,4.68,BAMLH0A0HYM2
1999-05-13,4.76,BAMLH0A0HYM2
1999-05-14,4.66,BAMLH0A0HYM2
1999-05-17,4.64,BAMLH0A0HYM2
1999-05-18,4.6,BAMLH0A0HYM2
1999-05-19,4.69,BAMLH0A0HYM2
1999-05-20,4.72,BAMLH0A0HYM2
1999-05-21,4.77,BAMLH0A0HYM2
1999-05-24,4.81,BAMLH0A0HYM2
1999-05-25,4.81,BAMLH0A0HYM2
1999-05-26,4.78,BAMLH0A0HYM2
1999-05-27,4.72,BAMLH0A0HYM2
1999-05-28,4.74,BAMLH0A0HYM2
1999-05-31,4.75,BAMLH0A0HYM2
1999-06-01,4.65,BAMLH0A0HYM2
1999-06-02,4.65,BAMLH0A0HYM2
1999-06-03,4.69,BAMLH0A0HYM2
1999-06-04,4.7,BAMLH0A0HYM2
1999-06-07,4.72,BAMLH0A0HYM2
1999-06-08,4.69,BAMLH0A0HYM2
1999-06-09,4.64,BAMLH0A0HYM2
1999-06-10,4.66,BAMLH0A0HYM2
1999-06-11,4.6,BAMLH0A0HYM2
1999-06-14,4.65,BAMLH0A0HYM2
1999-06-15,4.63,BAMLH0A0HYM2
1999-06-16,4.66,BAMLH0A0HYM2
1999-06-17,4.77,BAMLH0A0HYM2
1999-06-18,4.73,BAMLH0A0HYM2
1999-06-21,4.68,BAMLH0A0HYM2
1999-06-22,4.66,BAMLH0A0HYM2
1999-06-23,4.61,BAMLH0A0HYM2
1999-06-24,4.58,BAMLH0A0HYM2
1999-06-25,4.6,BAMLH0A0HYM2
1999-06-28,4.66,BAMLH0A0HYM2
1999-06-29,4.69,BAMLH0A0HYM2
1999-06-30,4.87,BAMLH0A0HYM2
1999-07-01,4.79,BAMLH0A0HYM2
1999-07-02,4.79,BAMLH0A0HYM2
1999-07-05,4.8,BAMLH0A0HYM2
1999-07-06,4.75,BAMLH0A0HYM2
1999-07-07,4.74,BAMLH0A0HYM2
1999-07-08,4.79,BAMLH0A0HYM2
1999-07-09,4.78,BAMLH0A0HYM2
1999-07-12,4.87,BAMLH0A0HYM2
1999-07-13,4.86,BAMLH0A0HYM2
1999-07-14,4.82,BAMLH0A0HYM2
1999-07-15,4.77,BAMLH0A0HYM2
1999-07-16,4.79,BAMLH0A0HYM2
1999-07-19,4.82,BAMLH0A0HYM2
1999-07-20,4.83,BAMLH0A0HYM2
1999-07-21,4.83,BAMLH0A0HYM2
1999-07-22,4.78,BAMLH0A0HYM2
1999-07-23,4.77,BAMLH0A0HYM2
1999-07-26,4.77,BAMLH0A0HYM2
1999-07-27,4.85,BAMLH0A0HYM2
1999-07-28,4.86,BAMLH0A0HYM2
1999-07-29,4.82,BAMLH0A0HYM2
1999-07-30,4.81,BAMLH0A0HYM2
1999-07-31,4.66,BAMLH0A0HYM2
1999-08-02,4.66,BAMLH0A0HYM2
1999-08-03,4.69,BAMLH0A0HYM2
1999-08-04,4.75,BAMLH0A0HYM2
1999-08-05,4.84,BAMLH0A0HYM2
1999-08-06,4.74,BAMLH0A0HYM2
1999-08-09,4.65,BAMLH0A0HYM2
1999-08-10,4.69,BAMLH0A0HYM2
1999-08-11,4.73,BAMLH0A0HYM2
1999-08-12,4.7,BAMLH0A0HYM2
1999-08-13,4.78,BAMLH0A0HYM2
1999-08-16,4.76,BAMLH0A0HYM2
1999-08-17,4.83,BAMLH0A0HYM2
1999-08-18,4.87,BAMLH0A0HYM2
1999-08-19,4.87,BAMLH0A0HYM2
1999-08-20,4.89,BAMLH0A0HYM2
1999-08-23,4.89,BAMLH0A0HYM2
1999-08-24,4.94,BAMLH0A0HYM2
1999-08-25,5.03,BAMLH0A0HYM2
1999-08-26,5.0,BAMLH0A0HYM2
1999-08-27,4.93,BAMLH0A0HYM2
1999-08-30,4.88,BAMLH0A0HYM2
1999-08-31,4.9,BAMLH0A0HYM2
1999-09-01,4.91,BAMLH0A0HYM2
1999-09-02,4.9,BAMLH0A0HYM2
1999-09-03,4.99,BAMLH0A0HYM2
1999-09-06,4.99,BAMLH0A0HYM2
1999-09-07,4.94,BAMLH0A0HYM2
1999-09-08,4.96,BAMLH0A0HYM2
1999-09-09,4.94,BAMLH0A0HYM2
1999-09-10,5.01,BAMLH0A0HYM2
1999-09-13,5.0,BAMLH0A0HYM2
1999-09-14,4.98,BAMLH0A0HYM2
1999-09-15,5.01,BAMLH0A0HYM2
1999-09-16,5.05,BAMLH0A0HYM2
1999-09-17,5.07,BAMLH0A0HYM2
1999-09-20,5.06,BAMLH0A0HYM2
1999-09-21,5.07,BAMLH0A0HYM2
1999-09-22,5.09,BAMLH0A0HYM2
1999-09-23,5.15,BAMLH0A0HYM2
1999-09-24,5.26,BAMLH0A0HYM2
1999-09-27,5.22,BAMLH0A0HYM2
1999-09-28,5.17,BAMLH0A0HYM2
1999-09-29,5.1,BAMLH0A0HYM2
1999-09-30,5.07,BAMLH0A0HYM2
1999-10-01,5.06,BAMLH0A0HYM2
1999-10-04,5.05,BAMLH0A0HYM2
1999-10-05,5.12,BAMLH0A0HYM2
1999-10-06,5.03,BAMLH0A0HYM2
1999-10-07,4.99,BAMLH0A0HYM2
1999-10-08,5.0,BAMLH0A0HYM2
1999-10-11,4.99,BAMLH0A0HYM2
1999-10-12,4.96,BAMLH0A0HYM2
1999-10-13,4.98,BAMLH0A0HYM2
1999-10-14,4.93,BAMLH0A0HYM2
1999-10-15,4.94,BAMLH0A0HYM2
1999-10-18,4.99,BAMLH0A0HYM2
1999-10-19,4.99,BAMLH0A0HYM2
1999-10-20,4.91,BAMLH0A0HYM2
1999-10-21,4.97,BAMLH0A0HYM2
1999-10-22,4.93,BAMLH0A0HYM2
1999-10-25,4.89,BAMLH0A0HYM2
1999-10-26,4.94,BAMLH0A0HYM2
1999-10-27,4.99,BAMLH0A0HYM2
1999-10-28,5.08,BAMLH0A0HYM2
1999-10-29,5.17,BAMLH0A0HYM2
1999-10-31,5.13,BAMLH0A0HYM2
1999-11-01,5.13,BAMLH0A0HYM2
1999-11-02,5.15,BAMLH0A0HYM2
1999-11-03,5.14,BAMLH0A0HYM2
1999-11-04,5.14,BAMLH0A0HYM2
1999-11-05,5.16,BAMLH0A0HYM2
1999-11-08,5.15,BAMLH0A0HYM2
1999-11-09,5.13,BAMLH0A0HYM2
1999-11-10,5.12,BAMLH0A0HYM2
1999-11-11,5.14,BAMLH0A0HYM2
1999-11-12,5.18,BAMLH0A0HYM2
1999-11-15,5.17,BAMLH0A0HYM2
1999-11-16,5.13,BAMLH0A0HYM2
1999-11-17,5.1,BAMLH0A0HYM2
1999-11-18,5.07,BAMLH0A0HYM2
1999-11-19,5.05,BAMLH0A0HYM2
1999-11-22,5.02,BAMLH0A0HYM2
1999-11-23,5.01,BAMLH0A0HYM2
1999-11-24,4.99,BAMLH0A0HYM2
1999-11-25,5.0,BAMLH0A0HYM2
1999-11-26,4.97,BAMLH0A0HYM2
1999-11-29,4.9,BAMLH0A0HYM2
1999-11-30,4.91,BAMLH0A0HYM2
1999-12-01,4.86,BAMLH0A0HYM2
1999-12-02,4.89,BAMLH0A0HYM2
1999-12-03,4.91,BAMLH0A0HYM2
1999-12-06,4.92,BAMLH0A0HYM2
1999-12-07,4.93,BAMLH0A0HYM2
1999-12-08,4.85,BAMLH0A0HYM2
1999-12-09,4.86,BAMLH0A0HYM2
1999-12-10,4.88,BAMLH0A0HYM2
1999-12-13,4.87,BAMLH0A0HYM2
1999-12-14,4.79,BAMLH0A0HYM2
1999-12-15,4.73,BAMLH0A0HYM2
1999-12-16,4.72,BAMLH0A0HYM2
1999-12-17,4.72,BAMLH0A0HYM2
1999-12-20,4.69,BAMLH0A0HYM2
1999-12-21,4.68,BAMLH0A0HYM2
1999-12-22,4.66,BAMLH0A0HYM2
1999-12-23,4.66,BAMLH0A0HYM2
1999-12-24,4.66,BAMLH0A0HYM2
1999-12-27,4.68,BAMLH0A0HYM2
1999-12-28,4.66,BAMLH0A0HYM2
1999-12-29,4.7,BAMLH0A0HYM2
1999-12-30,4.71,BAMLH0A0HYM2
1999-12-31,4.76,BAMLH0A0HYM2
2000-01-03,4.68,BAMLH0A0HYM2
2000-01-04,4.81,BAMLH0A0HYM2
2000-01-05,4.77,BAMLH0A0HYM2
2000-01-06,4.82,BAMLH0A0HYM2
2000-01-07,4.86,BAMLH0A0HYM2
2000-01-10,4.81,BAMLH0A0HYM2
2000-01-11,4.74,BAMLH0A0HYM2
2000-01-12,4.72,BAMLH0A0HYM2
2000-01-13,4.82,BAMLH0A0HYM2
2000-01-14,4.77,BAMLH0A0HYM2
2000-01-17,4.77,BAMLH0A0HYM2
2000-01-18,4.75,BAMLH0A0HYM2
2000-01-19,4.77,BAMLH0A0HYM2
2000-01-20,4.74,BAMLH0A0HYM2
2000-01-21,4.73,BAMLH0A0HYM2
2000-01-24,4.82,BAMLH0A0HYM2
2000-01-25,4.81,BAMLH0A0HYM2
2000-01-26,4.81,BAMLH0A0HYM2
2000-01-27,4.8,BAMLH0A0HYM2
2000-01-28,4.8,BAMLH0A0HYM2
2000-01-31,4.87,BAMLH0A0HYM2
2000-02-01,4.87,BAMLH0A0HYM2
2000-02-02,4.86,BAMLH0A0HYM2
2000-02-03,4.99,BAMLH0A0HYM2
2000-02-04,4.87,BAMLH0A0HYM2
2000-02-07,4.82,BAMLH0A0HYM2
2000-02-08,4.82,BAMLH0A0HYM2
2000-02-09,4.79,BAMLH0A0HYM2
2000-02-10,4.77,BAMLH0A0HYM2
2000-02-11,4.81,BAMLH0A0HYM2
2000-02-14,4.88,BAMLH0A0HYM2
2000-02-15,4.83,BAMLH0A0HYM2
2000-02-16,4.86,BAMLH0A0HYM2
2000-02-17,4.82,BAMLH0A0HYM2
2000-02-18,4.9,BAMLH0A0HYM2
2000-02-21,4.9,BAMLH0A0HYM2
2000-02-22,5.02,BAMLH0A0HYM2
2000-02-23,4.94,BAMLH0A0HYM2
2000-02-24,5.04,BAMLH0A0HYM2
2000-02-25,5.07,BAMLH0A0HYM2
2000-02-28,5.01,BAMLH0A0HYM2
2000-02-29,5.08,BAMLH0A0HYM2
2000-03-01,5.11,BAMLH0A0HYM2
2000-03-02,5.11,BAMLH0A0HYM2
2000-03-03,5.13,BAMLH0A0HYM2
2000-03-06,5.1,BAMLH0A0HYM2
2000-03-07,5.15,BAMLH0A0HYM2
2000-03-08,5.16,BAMLH0A0HYM2
2000-03-09,5.19,BAMLH0A0HYM2
2000-03-10,5.16,BAMLH0A0HYM2
2000-03-13,5.21,BAMLH0A0HYM2
2000-03-14,5.29,BAMLH0A0HYM2
2000-03-15,5.34,BAMLH0A0HYM2
2000-03-16,5.4,BAMLH0A0HYM2
2000-03-17,5.41,BAMLH0A0HYM2
2000-03-20,5.42,BAMLH0A0HYM2
2000-03-21,5.46,BAMLH0A0HYM2
2000-03-22,5.51,BAMLH0A0HYM2
2000-03-23,5.55,BAMLH0A0HYM2
2000-03-24,5.47,BAMLH0A0HYM2
2000-03-27,5.47,BAMLH0A0HYM2
2000-03-28,5.57,BAMLH0A0HYM2
2000-03-29,5.68,BAMLH0A0HYM2
2000-03-30,5.84,BAMLH0A0HYM2
2000-03-31,5.75,BAMLH0A0HYM2
2000-04-03,5.78,BAMLH0A0HYM2
2000-04-04,5.94,BAMLH0A0HYM2
2000-04-05,5.94,BAMLH0A0HYM2
2000-04-06,5.87,BAMLH0A0HYM2
2000-04-07,5.9,BAMLH0A0HYM2
2000-04-10,5.95,BAMLH0A0HYM2
2000-04-11,5.89,BAMLH0A0HYM2
2000-04-12,5.82,BAMLH0A0HYM2
2000-04-13,5.87,BAMLH0A0HYM2
2000-04-14,5.92,BAMLH0A0HYM2
2000-04-17,5.84,BAMLH0A0HYM2
2000-04-18,5.81,BAMLH0A0HYM2
2000-04-19,5.85,BAMLH0A0HYM2
2000-04-20,5.85,BAMLH0A0HYM2
2000-04-21,,BAMLH0A0HYM2
2000-04-24,5.88,BAMLH0A0HYM2
2000-04-25,5.77,BAMLH0A0HYM2
2000-04-26,5.77,BAMLH0A0HYM2
2000-04-27,5.69,BAMLH0A0HYM2
2000-04-28,5.71,BAMLH0A0HYM2
2000-04-30,5.88,BAMLH0A0HYM2
2000-05-01,5.83,BAMLH0A0HYM2
2000-05-02,5.79,BAMLH0A0HYM2
2000-05-03,5.77,BAMLH0A0HYM2
2000-05-04,5.74,BAMLH0A0HYM2
2000-05-05,5.73,BAMLH0A0HYM2
2000-05-08,5.72,BAMLH0A0HYM2
2000-05-09,5.75,BAMLH0A0HYM2
2000-05-10,5.82,BAMLH0A0HYM2
2000-05-11,5.84,BAMLH0A0HYM2
2000-05-12,5.78,BAMLH0A0HYM2
2000-05-15,5.78,BAMLH0A0HYM2
2000-05-16,5.82,BAMLH0A0HYM2
2000-05-17,5.83,BAMLH0A0HYM2
2000-05-18,5.8,BAMLH0A0HYM2
2000-05-19,5.89,BAMLH0A0HYM2
2000-05-22,5.95,BAMLH0A0HYM2
2000-05-23,5.99,BAMLH0A0HYM2
2000-05-24,6.01,BAMLH0A0HYM2
2000-05-25,6.13,BAMLH0A0HYM2
2000-05-26,6.18,BAMLH0A0HYM2
2000-05-29,6.19,BAMLH0A0HYM2
2000-05-30,6.15,BAMLH0A0HYM2
2000-05-31,6.16,BAMLH0A0HYM2
2000-06-01,6.22,BAMLH0A0HYM2
2000-06-02,6.21,BAMLH0A0HYM2
2000-06-05,6.23,BAMLH0A0HYM2
2000-06-06,6.2,BAMLH0A0HYM2
2000-06-07,6.18,BAMLH0A0HYM2
2000-06-08,6.18,BAMLH0A0HYM2
2000-06-09,6.12,BAMLH0A0HYM2
2000-06-12,6.15,BAMLH0A0HYM2
2000-06-13,6.15,BAMLH0A0HYM2
2000-06-14,6.18,BAMLH0A0HYM2
2000-06-15,6.12,BAMLH0A0HYM2
2000-06-16,6.19,BAMLH0A0HYM2
2000-06-19,6.18,BAMLH0A0HYM2
2000-06-20,6.14,BAMLH0A0HYM2
2000-06-21,6.07,BAMLH0A0HYM2
2000-06-22,6.06,BAMLH0A0HYM2
2000-06-23,5.99,BAMLH0A0HYM2
2000-06-26,6.05,BAMLH0A0HYM2
2000-06-27,6.05,BAMLH0A0HYM2
2000-06-28,6.04,BAMLH0A0HYM2
2000-06-29,6.11,BAMLH0A0HYM2
2000-06-30,6.17,BAMLH0A0HYM2
2000-07-03,6.2,BAMLH0A0HYM2
2000-07-04,6.21,BAMLH0A0HYM2
2000-07-05,6.21,BAMLH0A0HYM2
2000-07-06,6.18,BAMLH0A0HYM2
2000-07-07,6.2,BAMLH0A0HYM2
2000-07-10,6.17,BAMLH0A0HYM2
2000-07-11,6.14,BAMLH0A0HYM2
2000-07-12,6.14,BAMLH0A0HYM2
2000-07-13,6.18,BAMLH0A0HYM2
2000-07-14,6.06,BAMLH0A0HYM2
2000-07-17,5.98,BAMLH0A0HYM2
2000-07-18,5.97,BAMLH0A0HYM2
2000-07-19,5.98,BAMLH0A0HYM2
2000-07-20,6.1,BAMLH0A0HYM2
2000-07-21,6.11,BAMLH0A0HYM2
2000-07-24,6.07,BAMLH0A0HYM2
2000-07-25,6.09,BAMLH0A0HYM2
2000-07-26,6.06,BAMLH0A0HYM2
2000-07-27,6.13,BAMLH0A0HYM2
2000-07-28,6.15,BAMLH0A0HYM2
2000-07-31,6.26,BAMLH0A0HYM2
2000-08-01,6.31,BAMLH0A0HYM2
2000-08-02,6.33,BAMLH0A0HYM2
2000-08-03,6.33,BAMLH0A0HYM2
2000-08-04,6.38,BAMLH0A0HYM2
2000-08-07,6.33,BAMLH0A0HYM2
2000-08-08,6.34,BAMLH0A0HYM2
2000-08-09,6.33,BAMLH0A0HYM2
2000-08-10,6.37,BAMLH0A0HYM2
2000-08-11,6.33,BAMLH0A0HYM2
2000-08-14,6.37,BAMLH0A0HYM2
2000-08-15,6.34,BAMLH0A0HYM2
2000-08-16,6.34,BAMLH0A0HYM2
2000-08-17,6.36,BAMLH0A0HYM2
2000-08-18,6.4,BAMLH0A0HYM2
2000-08-21,6.4,BAMLH0A0HYM2
2000-08-22,6.39,BAMLH0A0HYM2
2000-08-23,6.43,BAMLH0A0HYM2
2000-08-24,6.44,BAMLH0A0HYM2
2000-08-25,6.42,BAMLH0A0HYM2
2000-08-28,6.36,BAMLH0A0HYM2
2000-08-29,6.3,BAMLH0A0HYM2
2000-08-30,6.28,BAMLH0A0HYM2
2000-08-31,6.43,BAMLH0A0HYM2
2000-09-01,6.48,BAMLH0A0HYM2
2000-09-04,6.49,BAMLH0A0HYM2
2000-09-05,6.41,BAMLH0A0HYM2
2000-09-06,6.37,BAMLH0A0HYM2
2000-09-07,6.3,BAMLH0A0HYM2
2000-09-08,6.32,BAMLH0A0HYM2
2000-09-11,6.3,BAMLH0A0HYM2
2000-09-12,6.31,BAMLH0A0HYM2
2000-09-13,6.35,BAMLH0A0HYM2
2000-09-14,6.33,BAMLH0A0HYM2
2000-09-15,6.3,BAMLH0A0HYM2
2000-09-18,6.35,BAMLH0A0HYM2
2000-09-19,6.41,BAMLH0A0HYM2
2000-09-20,6.43,BAMLH0A0HYM2
2000-09-21,6.45,BAMLH0A0HYM2
2000-09-22,6.5,BAMLH0A0HYM2
2000-09-25,6.49,BAMLH0A0HYM2
2000-09-26,6.56,BAMLH0A0HYM2
2000-09-27,6.65,BAMLH0A0HYM2
2000-09-28,6.69,BAMLH0A0HYM2
2000-09-29,6.72,BAMLH0A0HYM2
2000-09-30,6.77,BAMLH0A0HYM2
2000-10-02,6.77,BAMLH0A0HYM2
2000-10-03,6.74,BAMLH0A0HYM2
2000-10-04,6.77,BAMLH0A0HYM2
2000-10-05,6.84,BAMLH0A0HYM2
2000-10-06,6.87,BAMLH0A0HYM2
2000-10-09,6.89,BAMLH0A0HYM2
2000-10-10,6.96,BAMLH0A0HYM2
2000-10-11,7.11,BAMLH0A0HYM2
2000-10-12,7.21,BAMLH0A0HYM2
2000-10-13,7.31,BAMLH0A0HYM2
2000-10-16,7.28,BAMLH0A0HYM2
2000-10-17,7.47,BAMLH0A0HYM2
2000-10-18,7.58,BAMLH0A0HYM2
2000-10-19,7.58,BAMLH0A0HYM2
2000-10-20,7.59,BAMLH0A0HYM2
2000-10-23,7.65,BAMLH0A0HYM2
2000-10-24,7.61,BAMLH0A0HYM2
2000-10-25,7.55,BAMLH0A0HYM2
2000-10-26,7.62,BAMLH0A0HYM2
2000-10-27,7.62,BAMLH0A0HYM2
2000-10-30,7.62,BAMLH0A0HYM2
2000-10-31,7.79,BAMLH0A0HYM2
2000-11-01,7.75,BAMLH0A0HYM2
2000-11-02,7.8,BAMLH0A0HYM2
2000-11-03,7.75,BAMLH0A0HYM2
2000-11-06,7.73,BAMLH0A0HYM2
2000-11-07,7.75,BAMLH0A0HYM2
2000-11-08,7.73,BAMLH0A0HYM2
2000-11-09,7.81,BAMLH0A0HYM2
2000-11-10,7.85,BAMLH0A0HYM2
2000-11-13,7.9,BAMLH0A0HYM2
2000-11-14,7.9,BAMLH0A0HYM2
2000-11-15,7.91,BAMLH0A0HYM2
2000-11-16,7.96,BAMLH0A0HYM2
2000-11-17,7.99,BAMLH0A0HYM2
2000-11-20,8.09,BAMLH0A0HYM2
2000-11-21,8.24,BAMLH0A0HYM2
2000-11-22,8.37,BAMLH0A0HYM2
2000-11-23,8.37,BAMLH0A0HYM2
2000-11-24,8.36,BAMLH0A0HYM2
2000-11-27,8.42,BAMLH0A0HYM2
2000-11-28,8.51,BAMLH0A0HYM2
2000-11-29,8.69,BAMLH0A0HYM2
2000-11-30,9.06,BAMLH0A0HYM2
2000-12-01,8.98,BAMLH0A0HYM2
2000-12-04,9.06,BAMLH0A0HYM2
2000-12-05,9.1,BAMLH0A0HYM2
2000-12-06,9.12,BAMLH0A0HYM2
2000-12-07,9.13,BAMLH0A0HYM2
2000-12-08,9.09,BAMLH0A0HYM2
2000-12-11,9.02,BAMLH0A0HYM2
2000-12-12,8.94,BAMLH0A0HYM2
2000-12-13,8.89,BAMLH0A0HYM2
2000-12-14,8.94,BAMLH0A0HYM2
2000-12-15,8.88,BAMLH0A0HYM2
2000-12-18,8.91,BAMLH0A0HYM2
2000-12-19,8.87,BAMLH0A0HYM2
2000-12-20,8.98,BAMLH0A0HYM2
2000-12-21,9.05,BAMLH0A0HYM2
2000-12-22,9.06,BAMLH0A0HYM2
2000-12-25,,BAMLH0A0HYM2
2000-12-26,9.07,BAMLH0A0HYM2
2000-12-27,9.04,BAMLH0A0HYM2
2000-12-28,9.0,BAMLH0A0HYM2
2000-12-29,9.0,BAMLH0A0HYM2
2000-12-31,9.16,BAMLH0A0HYM2
2001-01-01,,BAMLH0A0HYM2
2001-01-02,9.36,BAMLH0A0HYM2
2001-01-03,9.13,BAMLH0A0HYM2
2001-01-04,9.11,BAMLH0A0HYM2
2001-01-05,9.12,BAMLH0A0HYM2
2001-01-08,9.06,BAMLH0A0HYM2
2001-01-09,8.88,BAMLH0A0HYM2
2001-01-10,8.73,BAMLH0A0HYM2
2001-01-11,8.56,BAMLH0A0HYM2
2001-01-12,8.38,BAMLH0A0HYM2
2001-01-15,8.32,BAMLH0A0HYM2
2001-01-16,8.33,BAMLH0A0HYM2
2001-01-17,8.31,BAMLH0A0HYM2
2001-01-18,8.36,BAMLH0A0HYM2
2001-01-19,8.21,BAMLH0A0HYM2
2001-01-22,8.17,BAMLH0A0HYM2
2001-01-23,8.09,BAMLH0A0HYM2
2001-01-24,8.05,BAMLH0A0HYM2
2001-01-25,8.05,BAMLH0A0HYM2
2001-01-26,8.05,BAMLH0A0HYM2
2001-01-29,8.03,BAMLH0A0HYM2
2001-01-30,8.02,BAMLH0A0HYM2
2001-01-31,7.87,BAMLH0A0HYM2
2001-02-01,7.83,BAMLH0A0HYM2
2001-02-02,7.73,BAMLH0A0HYM2
2001-02-05,7.69,BAMLH0A0HYM2
2001-02-06,7.62,BAMLH0A0HYM2
2001-02-07,7.64,BAMLH0A0HYM2
2001-02-08,7.6,BAMLH0A0HYM2
2001-02-09,7.63,BAMLH0A0HYM2
2001-02-12,7.6,BAMLH0A0HYM2
2001-02-13,7.56,BAMLH0A0HYM2
2001-02-14,7.49,BAMLH0A0HYM2
2001-02-15,7.38,BAMLH0A0HYM2
2001-02-16,7.49,BAMLH0A0HYM2
2001-02-19,7.5,BAMLH0A0HYM2
2001-02-20,7.51,BAMLH0A0HYM2
2001-02-21,7.54,BAMLH0A0HYM2
2001-02-22,7.6,BAMLH0A0HYM2
2001-02-23,7.67,BAMLH0A0HYM2
2001-02-26,7.69,BAMLH0A0HYM2
2001-02-27,7.68,BAMLH0A0HYM2
2001-02-28,7.7,BAMLH0A0HYM2
2001-03-01,7.68,BAMLH0A0HYM2
2001-03-02,7.64,BAMLH0A0HYM2
2001-03-05,7.61,BAMLH0A0HYM2
2001-03-06,7.59,BAMLH0A0HYM2
2001-03-07,7.61,BAMLH0A0HYM2
2001-03-08,7.59,BAMLH0A0HYM2
2001-03-09,7.53,BAMLH0A0HYM2
2001-03-12,7.6,BAMLH0A0HYM2
2001-03-13,7.63,BAMLH0A0HYM2
2001-03-14,7.84,BAMLH0A0HYM2
2001-03-15,7.88,BAMLH0A0HYM2
2001-03-16,8.0,BAMLH0A0HYM2
2001-03-19,8.02,BAMLH0A0HYM2
2001-03-20,8.09,BAMLH0A0HYM2
2001-03-21,8.22,BAMLH0A0HYM2
2001-03-22,8.4,BAMLH0A0HYM2
2001-03-23,8.3,BAMLH0A0HYM2
2001-03-26,8.2,BAMLH0A0HYM2
2001-03-27,8.03,BAMLH0A0HYM2
2001-03-28,8.08,BAMLH0A0HYM2
2001-03-29,8.13,BAMLH0A0HYM2
2001-03-30,8.2,BAMLH0A0HYM2
2001-03-31,8.18,BAMLH0A0HYM2
2001-04-02,8.21,BAMLH0A0HYM2
2001-04-03,8.48,BAMLH0A0HYM2
2001-04-04,8.61,BAMLH0A0HYM2
2001-04-05,8.63,BAMLH0A0HYM2
2001-04-06,8.75,BAMLH0A0HYM2
2001-04-09,8.78,BAMLH0A0HYM2
2001-04-10,8.55,BAMLH0A0HYM2
2001-04-11,8.5,BAMLH0A0HYM2
2001-04-12,8.44,BAMLH0A0HYM2
2001-04-13,,BAMLH0A0HYM2
2001-04-16,8.3,BAMLH0A0HYM2
2001-04-17,8.4,BAMLH0A0HYM2
2001-04-18,8.46,BAMLH0A0HYM2
2001-04-19,8.61,BAMLH0A0HYM2
2001-04-20,8.64,BAMLH0A0HYM2
2001-04-23,8.9,BAMLH0A0HYM2
2001-04-24,9.02,BAMLH0A0HYM2
2001-04-25,8.26,BAMLH0A0HYM2
2001-04-26,8.29,BAMLH0A0HYM2
2001-04-27,8.17,BAMLH0A0HYM2
2001-04-30,8.06,BAMLH0A0HYM2
2001-05-01,7.95,BAMLH0A0HYM2
2001-05-02,7.8,BAMLH0A0HYM2
2001-05-03,7.83,BAMLH0A0HYM2
2001-05-04,7.86,BAMLH0A0HYM2
2001-05-07,7.85,BAMLH0A0HYM2
2001-05-08,7.83,BAMLH0A0HYM2
2001-05-09,7.88,BAMLH0A0HYM2
2001-05-10,7.79,BAMLH0A0HYM2
2001-05-11,7.6,BAMLH0A0HYM2
2001-05-14,7.7,BAMLH0A0HYM2
2001-05-15,7.61,BAMLH0A0HYM2
2001-05-16,7.66,BAMLH0A0HYM2
2001-05-17,7.65,BAMLH0A0HYM2
2001-05-18,7.63,BAMLH0A0HYM2
2001-05-21,7.6,BAMLH0A0HYM2
2001-05-22,7.61,BAMLH0A0HYM2
2001-05-23,7.62,BAMLH0A0HYM2
2001-05-24,7.53,BAMLH0A0HYM2
2001-05-25,7.53,BAMLH0A0HYM2
2001-05-28,7.55,BAMLH0A0HYM2
2001-05-29,7.52,BAMLH0A0HYM2
2001-05-30,7.56,BAMLH0A0HYM2
2001-05-31,7.68,BAMLH0A0HYM2
2001-06-01,7.65,BAMLH0A0HYM2
2001-06-04,7.69,BAMLH0A0HYM2
2001-06-05,7.76,BAMLH0A0HYM2
2001-06-06,7.75,BAMLH0A0HYM2
2001-06-07,7.71,BAMLH0A0HYM2
2001-06-08,7.67,BAMLH0A0HYM2
2001-06-11,7.71,BAMLH0A0HYM2
2001-06-12,7.78,BAMLH0A0HYM2
2001-06-13,7.86,BAMLH0A0HYM2
2001-06-14,8.09,BAMLH0A0HYM2
2001-06-15,8.04,BAMLH0A0HYM2
2001-06-18,8.19,BAMLH0A0HYM2
2001-06-19,8.28,BAMLH0A0HYM2
2001-06-20,8.38,BAMLH0A0HYM2
2001-06-21,8.4,BAMLH0A0HYM2
2001-06-22,8.47,BAMLH0A0HYM2
2001-06-25,8.45,BAMLH0A0HYM2
2001-06-26,8.42,BAMLH0A0HYM2
2001-06-27,8.34,BAMLH0A0HYM2
2001-06-28,8.29,BAMLH0A0HYM2
2001-06-29,8.16,BAMLH0A0HYM2
2001-06-30,8.16,BAMLH0A0HYM2
2001-07-02,8.18,BAMLH0A0HYM2
2001-07-03,8.1,BAMLH0A0HYM2
2001-07-04,8.11,BAMLH0A0HYM2
2001-07-05,8.07,BAMLH0A0HYM2
2001-07-06,8.13,BAMLH0A0HYM2
2001-07-09,8.13,BAMLH0A0HYM2
2001-07-10,8.2,BAMLH0A0HYM2
2001-07-11,8.21,BAMLH0A0HYM2
2001-07-12,8.28,BAMLH0A0HYM2
2001-07-13,8.27,BAMLH0A0HYM2
2001-07-16,8.28,BAMLH0A0HYM2
2001-07-17,8.31,BAMLH0A0HYM2
2001-07-18,8.45,BAMLH0A0HYM2
2001-07-19,8.42,BAMLH0A0HYM2
2001-07-20,8.39,BAMLH0A0HYM2
2001-07-23,8.37,BAMLH0A0HYM2
2001-07-24,8.37,BAMLH0A0HYM2
2001-07-25,8.31,BAMLH0A0HYM2
2001-07-26,8.27,BAMLH0A0HYM2
2001-07-27,8.28,BAMLH0A0HYM2
2001-07-30,8.32,BAMLH0A0HYM2
2001-07-31,8.27,BAMLH0A0HYM2
2001-08-01,8.09,BAMLH0A0HYM2
2001-08-02,7.95,BAMLH0A0HYM2
2001-08-03,7.92,BAMLH0A0HYM2
2001-08-06,7.91,BAMLH0A0HYM2
2001-08-07,7.87,BAMLH0A0HYM2
2001-08-08,7.95,BAMLH0A0HYM2
2001-08-09,7.93,BAMLH0A0HYM2
2001-08-10,7.99,BAMLH0A0HYM2
2001-08-13,8.07,BAMLH0A0HYM2
2001-08-14,8.04,BAMLH0A0HYM2
2001-08-15,7.96,BAMLH0A0HYM2
2001-08-16,8.01,BAMLH0A0HYM2
2001-08-17,8.11,BAMLH0A0HYM2
2001-08-20,8.07,BAMLH0A0HYM2
2001-08-21,8.12,BAMLH0A0HYM2
2001-08-22,8.11,BAMLH0A0HYM2
2001-08-23,8.15,BAMLH0A0HYM2
2001-08-24,8.13,BAMLH0A0HYM2
2001-08-27,8.14,BAMLH0A0HYM2
2001-08-28,8.19,BAMLH0A0HYM2
2001-08-29,8.23,BAMLH0A0HYM2
2001-08-30,8.23,BAMLH0A0HYM2
2001-08-31,8.05,BAMLH0A0HYM2
2001-09-03,8.04,BAMLH0A0HYM2
2001-09-04,7.87,BAMLH0A0HYM2
2001-09-05,7.95,BAMLH0A0HYM2
2001-09-06,8.09,BAMLH0A0HYM2
2001-09-07,8.22,BAMLH0A0HYM2
2001-09-10,8.22,BAMLH0A0HYM2
2001-09-11,,BAMLH0A0HYM2
2001-09-12,,BAMLH0A0HYM2
2001-09-13,,BAMLH0A0HYM2
2001-09-14,9.41,BAMLH0A0HYM2
2001-09-17,9.58,BAMLH0A0HYM2
2001-09-18,9.51,BAMLH0A0HYM2
2001-09-19,9.6,BAMLH0A0HYM2
2001-09-20,9.69,BAMLH0A0HYM2
2001-09-21,9.89,BAMLH0A0HYM2
2001-09-24,9.95,BAMLH0A0HYM2
2001-09-25,9.88,BAMLH0A0HYM2
2001-09-26,9.97,BAMLH0A0HYM2
2001-09-27,10.07,BAMLH0A0HYM2
2001-09-28,10.25,BAMLH0A0HYM2
2001-09-30,10.18,BAMLH0A0HYM2
2001-10-01,10.14,BAMLH0A0HYM2
2001-10-02,10.17,BAMLH0A0HYM2
2001-10-03,10.14,BAMLH0A0HYM2
2001-10-04,10.11,BAMLH0A0HYM2
2001-10-05,10.1,BAMLH0A0HYM2
2001-10-08,10.06,BAMLH0A0HYM2
2001-10-09,10.0,BAMLH0A0HYM2
2001-10-10,9.92,BAMLH0A0HYM2
2001-10-11,9.81,BAMLH0A0HYM2
2001-10-12,9.77,BAMLH0A0HYM2
2001-10-15,9.65,BAMLH0A0HYM2
2001-10-16,9.63,BAMLH0A0HYM2
2001-10-17,9.61,BAMLH0A0HYM2
2001-10-18,9.61,BAMLH0A0HYM2
2001-10-19,9.6,BAMLH0A0HYM2
2001-10-22,9.6,BAMLH0A0HYM2
2001-10-23,9.57,BAMLH0A0HYM2
2001-10-24,9.61,BAMLH0A0HYM2
2001-10-25,9.62,BAMLH0A0HYM2
2001-10-26,9.62,BAMLH0A0HYM2
2001-10-29,9.64,BAMLH0A0HYM2
2001-10-30,9.73,BAMLH0A0HYM2
2001-10-31,9.61,BAMLH0A0HYM2
2001-11-01,9.56,BAMLH0A0HYM2
2001-11-02,9.46,BAMLH0A0HYM2
2001-11-05,9.48,BAMLH0A0HYM2
2001-11-06,9.5,BAMLH0A0HYM2
2001-11-07,9.53,BAMLH0A0HYM2
2001-11-08,9.36,BAMLH0A0HYM2
2001-11-09,9.29,BAMLH0A0HYM2
2001-11-12,9.3,BAMLH0A0HYM2
2001-11-13,9.24,BAMLH0A0HYM2
2001-11-14,9.06,BAMLH0A0HYM2
2001-11-15,8.62,BAMLH0A0HYM2
2001-11-16,8.38,BAMLH0A0HYM2
2001-11-19,8.48,BAMLH0A0HYM2
2001-11-20,8.37,BAMLH0A0HYM2
2001-11-21,8.25,BAMLH0A0HYM2
2001-11-22,8.24,BAMLH0A0HYM2
2001-11-23,8.15,BAMLH0A0HYM2
2001-11-26,8.17,BAMLH0A0HYM2
2001-11-27,8.18,BAMLH0A0HYM2
2001-11-28,8.13,BAMLH0A0HYM2
2001-11-29,8.33,BAMLH0A0HYM2
2001-11-30,8.39,BAMLH0A0HYM2
2001-12-03,8.38,BAMLH0A0HYM2
2001-12-04,8.47,BAMLH0A0HYM2
2001-12-05,8.25,BAMLH0A0HYM2
2001-12-06,8.12,BAMLH0A0HYM2
2001-12-07,8.01,BAMLH0A0HYM2
2001-12-10,8.2,BAMLH0A0HYM2
2001-12-11,8.31,BAMLH0A0HYM2
2001-12-12,8.42,BAMLH0A0HYM2
2001-12-13,8.33,BAMLH0A0HYM2
2001-12-14,8.34,BAMLH0A0HYM2
2001-12-17,8.17,BAMLH0A0HYM2
2001-12-18,8.33,BAMLH0A0HYM2
2001-12-19,8.41,BAMLH0A0HYM2
2001-12-20,8.37,BAMLH0A0HYM2
2001-12-21,8.32,BAMLH0A0HYM2
2001-12-24,8.3,BAMLH0A0HYM2
2001-12-25,,BAMLH0A0HYM2
2001-12-26,8.26,BAMLH0A0HYM2
2001-12-27,8.33,BAMLH0A0HYM2
2001-12-28,8.33,BAMLH0A0HYM2
2001-12-31,8.24,BAMLH0A0HYM2
2002-01-01,,BAMLH0A0HYM2
2002-01-02,8.12,BAMLH0A0HYM2
2002-01-03,8.03,BAMLH0A0HYM2
2002-01-04,7.99,BAMLH0A0HYM2
2002-01-07,8.06,BAMLH0A0HYM2
2002-01-08,8.05,BAMLH0A0HYM2
2002-01-09,8.04,BAMLH0A0HYM2
2002-01-10,8.08,BAMLH0A0HYM2
2002-01-11,8.17,BAMLH0A0HYM2
2002-01-14,8.17,BAMLH0A0HYM2
2002-01-15,8.26,BAMLH0A0HYM2
2002-01-16,8.27,BAMLH0A0HYM2
2002-01-17,8.22,BAMLH0A0HYM2
2002-01-18,8.28,BAMLH0A0HYM2
2002-01-21,8.29,BAMLH0A0HYM2
2002-01-22,8.27,BAMLH0A0HYM2
2002-01-23,8.22,BAMLH0A0HYM2
2002-01-24,8.18,BAMLH0A0HYM2
2002-01-25,8.14,BAMLH0A0HYM2
2002-01-28,8.11,BAMLH0A0HYM2
2002-01-29,8.26,BAMLH0A0HYM2
2002-01-30,8.29,BAMLH0A0HYM2
2002-01-31,7.89,BAMLH0A0HYM2
2002-02-01,7.81,BAMLH0A0HYM2
2002-02-04,7.91,BAMLH0A0HYM2
2002-02-05,7.98,BAMLH0A0HYM2
2002-02-06,8.02,BAMLH0A0HYM2
2002-02-07,8.02,BAMLH0A0HYM2
2002-02-08,8.08,BAMLH0A0HYM2
2002-02-11,8.09,BAMLH0A0HYM2
2002-02-12,8.03,BAMLH0A0HYM2
2002-02-13,7.99,BAMLH0A0HYM2
2002-02-14,8.05,BAMLH0A0HYM2
2002-02-15,8.11,BAMLH0A0HYM2
2002-02-18,8.12,BAMLH0A0HYM2
2002-02-19,8.12,BAMLH0A0HYM2
2002-02-20,8.19,BAMLH0A0HYM2
2002-02-21,8.2,BAMLH0A0HYM2
2002-02-22,8.28,BAMLH0A0HYM2
2002-02-25,8.31,BAMLH0A0HYM2
2002-02-26,8.25,BAMLH0A0HYM2
2002-02-27,8.31,BAMLH0A0HYM2
2002-02-28,8.19,BAMLH0A0HYM2
2002-03-01,7.99,BAMLH0A0HYM2
2002-03-04,7.92,BAMLH0A0HYM2
2002-03-05,7.83,BAMLH0A0HYM2
2002-03-06,7.77,BAMLH0A0HYM2
2002-03-07,7.51,BAMLH0A0HYM2
2002-03-08,7.34,BAMLH0A0HYM2
2002-03-11,7.33,BAMLH0A0HYM2
2002-03-12,7.32,BAMLH0A0HYM2
2002-03-13,7.36,BAMLH0A0HYM2
2002-03-14,7.2,BAMLH0A0HYM2
2002-03-15,7.18,BAMLH0A0HYM2
2002-03-18,7.2,BAMLH0A0HYM2
2002-03-19,7.18,BAMLH0A0HYM2
2002-03-20,7.08,BAMLH0A0HYM2
2002-03-21,7.1,BAMLH0A0HYM2
2002-03-22,7.08,BAMLH0A0HYM2
2002-03-25,7.06,BAMLH0A0HYM2
2002-03-26,7.13,BAMLH0A0HYM2
2002-03-27,7.13,BAMLH0A0HYM2
2002-03-28,7.11,BAMLH0A0HYM2
2002-03-29,,BAMLH0A0HYM2
2002-03-31,7.08,BAMLH0A0HYM2
2002-04-01,7.0,BAMLH0A0HYM2
2002-04-02,7.06,BAMLH0A0HYM2
2002-04-03,7.15,BAMLH0A0HYM2
2002-04-04,7.15,BAMLH0A0HYM2
2002-04-05,7.21,BAMLH0A0HYM2
2002-04-08,7.18,BAMLH0A0HYM2
2002-04-09,7.2,BAMLH0A0HYM2
2002-04-10,7.15,BAMLH0A0HYM2
2002-04-11,7.17,BAMLH0A0HYM2
2002-04-12,7.26,BAMLH0A0HYM2
2002-04-15,7.27,BAMLH0A0HYM2
2002-04-16,7.21,BAMLH0A0HYM2
2002-04-17,7.14,BAMLH0A0HYM2
2002-04-18,7.13,BAMLH0A0HYM2
2002-04-19,7.14,BAMLH0A0HYM2
2002-04-22,7.18,BAMLH0A0HYM2
2002-04-23,7.17,BAMLH0A0HYM2
2002-04-24,7.2,BAMLH0A0HYM2
2002-04-25,7.22,BAMLH0A0HYM2
2002-04-26,7.24,BAMLH0A0HYM2
2002-04-29,7.19,BAMLH0A0HYM2
2002-04-30,6.88,BAMLH0A0HYM2
2002-05-01,6.89,BAMLH0A0HYM2
2002-05-02,6.87,BAMLH0A0HYM2
2002-05-03,6.94,BAMLH0A0HYM2
2002-05-06,6.96,BAMLH0A0HYM2
2002-05-07,7.02,BAMLH0A0HYM2
2002-05-08,6.89,BAMLH0A0HYM2
2002-05-09,6.89,BAMLH0A0HYM2
2002-05-10,6.97,BAMLH0A0HYM2
2002-05-13,6.96,BAMLH0A0HYM2
2002-05-14,6.89,BAMLH0A0HYM2
2002-05-15,6.93,BAMLH0A0HYM2
2002-05-16,7.05,BAMLH0A0HYM2
2002-05-17,7.01,BAMLH0A0HYM2
2002-05-20,7.07,BAMLH0A0HYM2
2002-05-21,7.11,BAMLH0A0HYM2
2002-05-22,7.15,BAMLH0A0HYM2
2002-05-23,7.1,BAMLH0A0HYM2
2002-05-24,7.08,BAMLH0A0HYM2
2002-05-27,7.08,BAMLH0A0HYM2
2002-05-28,7.09,BAMLH0A0HYM2
2002-05-29,7.16,BAMLH0A0HYM2
2002-05-30,7.22,BAMLH0A0HYM2
2002-05-31,7.28,BAMLH0A0HYM2
2002-06-03,7.27,BAMLH0A0HYM2
2002-06-04,7.35,BAMLH0A0HYM2
2002-06-05,7.31,BAMLH0A0HYM2
2002-06-06,7.35,BAMLH0A0HYM2
2002-06-07,7.41,BAMLH0A0HYM2
2002-06-10,7.48,BAMLH0A0HYM2
2002-06-11,7.57,BAMLH0A0HYM2
2002-06-12,7.7,BAMLH0A0HYM2
2002-06-13,7.75,BAMLH0A0HYM2
2002-06-14,7.9,BAMLH0A0HYM2
2002-06-17,7.85,BAMLH0A0HYM2
2002-06-18,7.85,BAMLH0A0HYM2
2002-06-19,7.97,BAMLH0A0HYM2
2002-06-20,7.95,BAMLH0A0HYM2
2002-06-21,8.14,BAMLH0A0HYM2
2002-06-24,8.19,BAMLH0A0HYM2
2002-06-25,8.27,BAMLH0A0HYM2
2002-06-26,9.06,BAMLH0A0HYM2
2002-06-27,9.14,BAMLH0A0HYM2
2002-06-28,9.23,BAMLH0A0HYM2
2002-06-30,8.75,BAMLH0A0HYM2
2002-07-01,8.69,BAMLH0A0HYM2
2002-07-02,8.93,BAMLH0A0HYM2
2002-07-03,9.02,BAMLH0A0HYM2
2002-07-04,9.02,BAMLH0A0HYM2
2002-07-05,8.96,BAMLH0A0HYM2
2002-07-08,8.99,BAMLH0A0HYM2
2002-07-09,8.98,BAMLH0A0HYM2
2002-07-10,9.06,BAMLH0A0HYM2
2002-07-11,9.26,BAMLH0A0HYM2
2002-07-12,9.26,BAMLH0A0HYM2
2002-07-15,9.19,BAMLH0A0HYM2
2002-07-16,9.13,BAMLH0A0HYM2
2002-07-17,9.19,BAMLH0A0HYM2
2002-07-18,9.26,BAMLH0A0HYM2
2002-07-19,9.37,BAMLH0A0HYM2
2002-07-22,9.49,BAMLH0A0HYM2
2002-07-23,9.71,BAMLH0A0HYM2
2002-07-24,9.96,BAMLH0A0HYM2
2002-07-25,9.98,BAMLH0A0HYM2
2002-07-26,10.13,BAMLH0A0HYM2
2002-07-29,10.01,BAMLH0A0HYM2
2002-07-30,9.99,BAMLH0A0HYM2
2002-07-31,9.71,BAMLH0A0HYM2
2002-08-01,9.54,BAMLH0A0HYM2
2002-08-02,9.76,BAMLH0A0HYM2
2002-08-05,9.91,BAMLH0A0HYM2
2002-08-06,9.81,BAMLH0A0HYM2
2002-08-07,9.89,BAMLH0A0HYM2
2002-08-08,9.85,BAMLH0A0HYM2
2002-08-09,9.92,BAMLH0A0HYM2
2002-08-12,10.0,BAMLH0A0HYM2
2002-08-13,10.15,BAMLH0A0HYM2
2002-08-14,10.2,BAMLH0A0HYM2
2002-08-15,10.01,BAMLH0A0HYM2
2002-08-16,9.93,BAMLH0A0HYM2
2002-08-19,9.93,BAMLH0A0HYM2
2002-08-20,9.94,BAMLH0A0HYM2
2002-08-21,9.88,BAMLH0A0HYM2
2002-08-22,9.65,BAMLH0A0HYM2
2002-08-23,9.62,BAMLH0A0HYM2
2002-08-26,9.55,BAMLH0A0HYM2
2002-08-27,9.44,BAMLH0A0HYM2
2002-08-28,9.48,BAMLH0A0HYM2
2002-08-29,9.51,BAMLH0A0HYM2
2002-08-30,9.5,BAMLH0A0HYM2
2002-08-31,9.61,BAMLH0A0HYM2
2002-09-02,9.6,BAMLH0A0HYM2
2002-09-03,9.76,BAMLH0A0HYM2
2002-09-04,9.75,BAMLH0A0HYM2
2002-09-05,9.82,BAMLH0A0HYM2
2002-09-06,9.69,BAMLH0A0HYM2
2002-09-09,9.69,BAMLH0A0HYM2
2002-09-10,9.7,BAMLH0A0HYM2
2002-09-11,9.59,BAMLH0A0HYM2
2002-09-12,9.63,BAMLH0A0HYM2
2002-09-13,9.65,BAMLH0A0HYM2
2002-09-16,9.61,BAMLH0A0HYM2
2002-09-17,9.6,BAMLH0A0HYM2
2002-09-18,9.65,BAMLH0A0HYM2
2002-09-19,9.82,BAMLH0A0HYM2
2002-09-20,9.92,BAMLH0A0HYM2
2002-09-23,10.12,BAMLH0A0HYM2
2002-09-24,10.26,BAMLH0A0HYM2
2002-09-25,10.18,BAMLH0A0HYM2
2002-09-26,10.17,BAMLH0A0HYM2
2002-09-27,10.3,BAMLH0A0HYM2
2002-09-30,10.33,BAMLH0A0HYM2
2002-10-01,10.21,BAMLH0A0HYM2
2002-10-02,10.34,BAMLH0A0HYM2
2002-10-03,10.48,BAMLH0A0HYM2
2002-10-04,10.55,BAMLH0A0HYM2
2002-10-07,10.71,BAMLH0A0HYM2
2002-10-08,10.87,BAMLH0A0HYM2
2002-10-09,11.17,BAMLH0A0HYM2
2002-10-10,11.2,BAMLH0A0HYM2
2002-10-11,11.07,BAMLH0A0HYM2
2002-10-14,11.09,BAMLH0A0HYM2
2002-10-15,10.73,BAMLH0A0HYM2
2002-10-16,10.73,BAMLH0A0HYM2
2002-10-17,10.64,BAMLH0A0HYM2
2002-10-18,10.65,BAMLH0A0HYM2
2002-10-21,10.54,BAMLH0A0HYM2
2002-10-22,10.53,BAMLH0A0HYM2
2002-10-23,10.54,BAMLH0A0HYM2
2002-10-24,10.53,BAMLH0A0HYM2
2002-10-25,10.57,BAMLH0A0HYM2
2002-10-28,10.55,BAMLH0A0HYM2
2002-10-29,10.67,BAMLH0A0HYM2
2002-10-30,10.62,BAMLH0A0HYM2
2002-10-31,10.59,BAMLH0A0HYM2
2002-11-01,10.47,BAMLH0A0HYM2
2002-11-04,10.3,BAMLH0A0HYM2
2002-11-05,10.19,BAMLH0A0HYM2
2002-11-06,10.1,BAMLH0A0HYM2
2002-11-07,10.12,BAMLH0A0HYM2
2002-11-08,10.16,BAMLH0A0HYM2
2002-11-11,10.18,BAMLH0A0HYM2
2002-11-12,10.15,BAMLH0A0HYM2
2002-11-13,10.11,BAMLH0A0HYM2
2002-11-14,9.94,BAMLH0A0HYM2
2002-11-15,9.78,BAMLH0A0HYM2
2002-11-18,9.7,BAMLH0A0HYM2
2002-11-19,9.61,BAMLH0A0HYM2
2002-11-20,9.39,BAMLH0A0HYM2
2002-11-21,9.15,BAMLH0A0HYM2
2002-11-22,9.04,BAMLH0A0HYM2
2002-11-25,9.01,BAMLH0A0HYM2
2002-11-26,9.14,BAMLH0A0HYM2
2002-11-27,8.94,BAMLH0A0HYM2
2002-11-28,8.94,BAMLH0A0HYM2
2002-11-29,9.01,BAMLH0A0HYM2
2002-11-30,8.83,BAMLH0A0HYM2
2002-12-02,8.67,BAMLH0A0HYM2
2002-12-03,8.67,BAMLH0A0HYM2
2002-12-04,8.81,BAMLH0A0HYM2
2002-12-05,8.89,BAMLH0A0HYM2
2002-12-06,9.0,BAMLH0A0HYM2
2002-12-09,9.08,BAMLH0A0HYM2
2002-12-10,9.05,BAMLH0A0HYM2
2002-12-11,9.09,BAMLH0A0HYM2
2002-12-12,9.06,BAMLH0A0HYM2
2002-12-13,8.99,BAMLH0A0HYM2
2002-12-16,8.88,BAMLH0A0HYM2
2002-12-17,8.9,BAMLH0A0HYM2
2002-12-18,8.94,BAMLH0A0HYM2
2002-12-19,9.03,BAMLH0A0HYM2
2002-12-20,8.99,BAMLH0A0HYM2
2002-12-23,9.0,BAMLH0A0HYM2
2002-12-24,9.01,BAMLH0A0HYM2
2002-12-25,,BAMLH0A0HYM2
2002-12-26,9.02,BAMLH0A0HYM2
2002-12-27,9.11,BAMLH0A0HYM2
2002-12-30,9.13,BAMLH0A0HYM2
2002-12-31,8.9,BAMLH0A0HYM2
2003-01-01,,BAMLH0A0HYM2
2003-01-02,8.65,BAMLH0A0HYM2
2003-01-03,8.57,BAMLH0A0HYM2
2003-01-06,8.41,BAMLH0A0HYM2
2003-01-07,8.26,BAMLH0A0HYM2
2003-01-08,8.18,BAMLH0A0HYM2
2003-01-09,7.95,BAMLH0A0HYM2
2003-01-10,7.92,BAMLH0A0HYM2
2003-01-13,7.92,BAMLH0A0HYM2
2003-01-14,7.96,BAMLH0A0HYM2
2003-01-15,7.96,BAMLH0A0HYM2
2003-01-16,7.99,BAMLH0A0HYM2
2003-01-17,8.1,BAMLH0A0HYM2
2003-01-20,8.11,BAMLH0A0HYM2
2003-01-21,8.12,BAMLH0A0HYM2
2003-01-22,8.23,BAMLH0A0HYM2
2003-01-23,8.16,BAMLH0A0HYM2
2003-01-24,8.21,BAMLH0A0HYM2
2003-01-27,8.29,BAMLH0A0HYM2
2003-01-28,8.25,BAMLH0A0HYM2
2003-01-29,8.24,BAMLH0A0HYM2
2003-01-30,8.25,BAMLH0A0HYM2
2003-01-31,8.29,BAMLH0A0HYM2
2003-02-03,8.21,BAMLH0A0HYM2
2003-02-04,8.28,BAMLH0A0HYM2
2003-02-05,8.23,BAMLH0A0HYM2
2003-02-06,8.35,BAMLH0A0HYM2
2003-02-07,8.39,BAMLH0A0HYM2
2003-02-10,8.35,BAMLH0A0HYM2
2003-02-11,8.37,BAMLH0A0HYM2
2003-02-12,8.5,BAMLH0A0HYM2
2003-02-13,8.69,BAMLH0A0HYM2
2003-02-14,8.62,BAMLH0A0HYM2
2003-02-17,8.58,BAMLH0A0HYM2
2003-02-18,8.56,BAMLH0A0HYM2
2003-02-19,8.53,BAMLH0A0HYM2
2003-02-20,8.51,BAMLH0A0HYM2
2003-02-21,8.42,BAMLH0A0HYM2
2003-02-24,8.41,BAMLH0A0HYM2
2003-02-25,8.45,BAMLH0A0HYM2
2003-02-26,8.44,BAMLH0A0HYM2
2003-02-27,8.4,BAMLH0A0HYM2
2003-02-28,8.38,BAMLH0A0HYM2
2003-03-03,8.29,BAMLH0A0HYM2
2003-03-04,8.31,BAMLH0A0HYM2
2003-03-05,8.33,BAMLH0A0HYM2
2003-03-06,8.31,BAMLH0A0HYM2
2003-03-07,8.34,BAMLH0A0HYM2
2003-03-10,8.38,BAMLH0A0HYM2
2003-03-11,8.33,BAMLH0A0HYM2
2003-03-12,8.32,BAMLH0A0HYM2
2003-03-13,8.16,BAMLH0A0HYM2
2003-03-14,8.17,BAMLH0A0HYM2
2003-03-17,8.04,BAMLH0A0HYM2
2003-03-18,7.91,BAMLH0A0HYM2
2003-03-19,7.88,BAMLH0A0HYM2
2003-03-20,7.84,BAMLH0A0HYM2
2003-03-21,7.69,BAMLH0A0HYM2
2003-03-24,7.81,BAMLH0A0HYM2
2003-03-25,7.8,BAMLH0A0HYM2
2003-03-26,7.78,BAMLH0A0HYM2
2003-03-27,7.76,BAMLH0A0HYM2
2003-03-28,7.75,BAMLH0A0HYM2
2003-03-31,7.72,BAMLH0A0HYM2
2003-04-01,7.61,BAMLH0A0HYM2
2003-04-02,7.36,BAMLH0A0HYM2
2003-04-03,7.31,BAMLH0A0HYM2
2003-04-04,7.24,BAMLH0A0HYM2
2003-04-07,7.11,BAMLH0A0HYM2
2003-04-08,7.21,BAMLH0A0HYM2
2003-04-09,7.31,BAMLH0A0HYM2
2003-04-10,7.28,BAMLH0A0HYM2
2003-04-11,7.21,BAMLH0A0HYM2
2003-04-14,7.12,BAMLH0A0HYM2
2003-04-15,7.07,BAMLH0A0HYM2
2003-04-16,7.05,BAMLH0A0HYM2
2003-04-17,6.97,BAMLH0A0HYM2
2003-04-18,,BAMLH0A0HYM2
2003-04-21,6.92,BAMLH0A0HYM2
2003-04-22,6.86,BAMLH0A0HYM2
2003-04-23,6.71,BAMLH0A0HYM2
2003-04-24,6.69,BAMLH0A0HYM2
2003-04-25,6.68,BAMLH0A0HYM2
2003-04-28,6.64,BAMLH0A0HYM2
2003-04-29,6.55,BAMLH0A0HYM2
2003-04-30,6.44,BAMLH0A0HYM2
2003-05-01,6.37,BAMLH0A0HYM2
2003-05-02,6.26,BAMLH0A0HYM2
2003-05-05,6.25,BAMLH0A0HYM2
2003-05-06,6.34,BAMLH0A0HYM2
2003-05-07,6.46,BAMLH0A0HYM2
2003-05-08,6.55,BAMLH0A0HYM2
2003-05-09,6.53,BAMLH0A0HYM2
2003-05-12,6.53,BAMLH0A0HYM2
2003-05-13,6.53,BAMLH0A0HYM2
2003-05-14,6.62,BAMLH0A0HYM2
2003-05-15,6.55,BAMLH0A0HYM2
2003-05-16,6.63,BAMLH0A0HYM2
2003-05-19,6.66,BAMLH0A0HYM2
2003-05-20,6.77,BAMLH0A0HYM2
2003-05-21,6.8,BAMLH0A0HYM2
2003-05-22,6.86,BAMLH0A0HYM2
2003-05-23,6.87,BAMLH0A0HYM2
2003-05-26,6.87,BAMLH0A0HYM2
2003-05-27,6.88,BAMLH0A0HYM2
2003-05-28,6.89,BAMLH0A0HYM2
2003-05-29,6.87,BAMLH0A0HYM2
2003-05-30,6.81,BAMLH0A0HYM2
2003-05-31,6.79,BAMLH0A0HYM2
2003-06-02,6.66,BAMLH0A0HYM2
2003-06-03,6.74,BAMLH0A0HYM2
2003-06-04,6.7,BAMLH0A0HYM2
2003-06-05,6.58,BAMLH0A0HYM2
2003-06-06,6.48,BAMLH0A0HYM2
2003-06-09,6.51,BAMLH0A0HYM2
2003-06-10,6.58,BAMLH0A0HYM2
2003-06-11,6.5,BAMLH0A0HYM2
2003-06-12,6.48,BAMLH0A0HYM2
2003-06-13,6.46,BAMLH0A0HYM2
2003-06-16,6.31,BAMLH0A0HYM2
2003-06-17,6.14,BAMLH0A0HYM2
2003-06-18,6.04,BAMLH0A0HYM2
2003-06-19,6.09,BAMLH0A0HYM2
2003-06-20,6.07,BAMLH0A0HYM2
2003-06-23,6.21,BAMLH0A0HYM2
2003-06-24,6.29,BAMLH0A0HYM2
2003-06-25,6.15,BAMLH0A0HYM2
2003-06-26,6.03,BAMLH0A0HYM2
2003-06-27,6.03,BAMLH0A0HYM2
2003-06-30,6.13,BAMLH0A0HYM2
2003-07-01,6.15,BAMLH0A0HYM2
2003-07-02,6.18,BAMLH0A0HYM2
2003-07-03,6.11,BAMLH0A0HYM2
2003-07-04,6.11,BAMLH0A0HYM2
2003-07-07,6.05,BAMLH0A0HYM2
2003-07-08,5.97,BAMLH0A0HYM2
2003-07-09,5.97,BAMLH0A0HYM2
2003-07-10,6.0,BAMLH0A0HYM2
2003-07-11,6.05,BAMLH0A0HYM2
2003-07-14,5.94,BAMLH0A0HYM2
2003-07-15,5.73,BAMLH0A0HYM2
2003-07-16,5.76,BAMLH0A0HYM2
2003-07-17,5.75,BAMLH0A0HYM2
2003-07-18,5.76,BAMLH0A0HYM2
2003-07-21,5.59,BAMLH0A0HYM2
2003-07-22,5.66,BAMLH0A0HYM2
2003-07-23,5.72,BAMLH0A0HYM2
2003-07-24,5.7,BAMLH0A0HYM2
2003-07-25,5.73,BAMLH0A0HYM2
2003-07-28,5.65,BAMLH0A0HYM2
2003-07-29,5.63,BAMLH0A0HYM2
2003-07-30,5.83,BAMLH0A0HYM2
2003-07-31,5.67,BAMLH0A0HYM2
2003-08-01,5.77,BAMLH0A0HYM2
2003-08-04,5.84,BAMLH0A0HYM2
2003-08-05,5.8,BAMLH0A0HYM2
2003-08-06,6.06,BAMLH0A0HYM2
2003-08-07,6.15,BAMLH0A0HYM2
2003-08-08,6.13,BAMLH0A0HYM2
2003-08-11,6.08,BAMLH0A0HYM2
2003-08-12,6.13,BAMLH0A0HYM2
2003-08-13,5.99,BAMLH0A0HYM2
2003-08-14,6.06,BAMLH0A0HYM2
2003-08-15,6.07,BAMLH0A0HYM2
2003-08-18,6.05,BAMLH0A0HYM2
2003-08-19,5.98,BAMLH0A0HYM2
2003-08-20,5.81,BAMLH0A0HYM2
2003-08-21,5.61,BAMLH0A0HYM2
2003-08-22,5.62,BAMLH0A0HYM2
2003-08-25,5.53,BAMLH0A0HYM2
2003-08-26,5.55,BAMLH0A0HYM2
2003-08-27,5.45,BAMLH0A0HYM2
2003-08-28,5.5,BAMLH0A0HYM2
2003-08-29,5.43,BAMLH0A0HYM2
2003-08-31,5.46,BAMLH0A0HYM2
2003-09-01,5.46,BAMLH0A0HYM2
2003-09-02,5.19,BAMLH0A0HYM2
2003-09-03,5.16,BAMLH0A0HYM2
2003-09-04,5.25,BAMLH0A0HYM2
2003-09-05,5.42,BAMLH0A0HYM2
2003-09-08,5.35,BAMLH0A0HYM2
2003-09-09,5.34,BAMLH0A0HYM2
2003-09-10,5.42,BAMLH0A0HYM2
2003-09-11,5.36,BAMLH0A0HYM2
2003-09-12,5.42,BAMLH0A0HYM2
2003-09-15,5.43,BAMLH0A0HYM2
2003-09-16,5.39,BAMLH0A0HYM2
2003-09-17,5.41,BAMLH0A0HYM2
2003-09-18,5.32,BAMLH0A0HYM2
2003-09-19,5.26,BAMLH0A0HYM2
2003-09-22,5.28,BAMLH0A0HYM2
2003-09-23,5.34,BAMLH0A0HYM2
2003-09-24,5.36,BAMLH0A0HYM2
2003-09-25,5.37,BAMLH0A0HYM2
2003-09-26,5.45,BAMLH0A0HYM2
2003-09-29,5.4,BAMLH0A0HYM2
2003-09-30,5.51,BAMLH0A0HYM2
2003-10-01,5.46,BAMLH0A0HYM2
2003-10-02,5.36,BAMLH0A0HYM2
2003-10-03,5.18,BAMLH0A0HYM2
2003-10-06,5.25,BAMLH0A0HYM2
2003-10-07,5.13,BAMLH0A0HYM2
2003-10-08,5.1,BAMLH0A0HYM2
2003-10-09,5.02,BAMLH0A0HYM2
2003-10-10,5.02,BAMLH0A0HYM2
2003-10-13,5.01,BAMLH0A0HYM2
2003-10-14,4.88,BAMLH0A0HYM2
2003-10-15,4.74,BAMLH0A0HYM2
2003-10-16,4.62,BAMLH0A0HYM2
2003-10-17,4.68,BAMLH0A0HYM2
2003-10-20,4.68,BAMLH0A0HYM2
2003-10-21,4.68,BAMLH0A0HYM2
2003-10-22,4.81,BAMLH0A0HYM2
2003-10-23,4.82,BAMLH0A0HYM2
2003-10-24,4.89,BAMLH0A0HYM2
2003-10-27,4.8,BAMLH0A0HYM2
2003-10-28,4.87,BAMLH0A0HYM2
2003-10-29,4.77,BAMLH0A0HYM2
2003-10-30,4.68,BAMLH0A0HYM2
2003-10-31,4.73,BAMLH0A0HYM2
2003-11-03,4.65,BAMLH0A0HYM2
2003-11-04,4.68,BAMLH0A0HYM2
2003-11-05,4.62,BAMLH0A0HYM2
2003-11-06,4.56,BAMLH0A0HYM2
2003-11-07,4.52,BAMLH0A0HYM2
2003-11-10,4.5,BAMLH0A0HYM2
2003-11-11,4.5,BAMLH0A0HYM2
2003-11-12,4.55,BAMLH0A0HYM2
2003-11-13,4.69,BAMLH0A0HYM2
2003-11-14,4.74,BAMLH0A0HYM2
2003-11-17,4.74,BAMLH0A0HYM2
2003-11-18,4.73,BAMLH0A0HYM2
2003-11-19,4.65,BAMLH0A0HYM2
2003-11-20,4.76,BAMLH0A0HYM2
2003-11-21,4.75,BAMLH0A0HYM2
2003-11-24,4.67,BAMLH0A0HYM2
2003-11-25,4.62,BAMLH0A0HYM2
2003-11-26,4.55,BAMLH0A0HYM2
2003-11-27,4.55,BAMLH0A0HYM2
2003-11-28,4.46,BAMLH0A0HYM2
2003-11-30,4.48,BAMLH0A0HYM2
2003-12-01,4.37,BAMLH0A0HYM2
2003-12-02,4.35,BAMLH0A0HYM2
2003-12-03,4.27,BAMLH0A0HYM2
2003-12-04,4.26,BAMLH0A0HYM2
2003-12-05,4.39,BAMLH0A0HYM2
2003-12-08,4.29,BAMLH0A0HYM2
2003-12-09,4.19,BAMLH0A0HYM2
2003-12-10,4.22,BAMLH0A0HYM2
2003-12-11,4.35,BAMLH0A0HYM2
2003-12-12,4.34,BAMLH0A0HYM2
2003-12-15,4.27,BAMLH0A0HYM2
2003-12-16,4.31,BAMLH0A0HYM2
2003-12-17,4.34,BAMLH0A0HYM2
2003-12-18,4.34,BAMLH0A0HYM2
2003-12-19,4.33,BAMLH0A0HYM2
2003-12-22,4.28,BAMLH0A0HYM2
2003-12-23,4.16,BAMLH0A0HYM2
2003-12-24,4.25,BAMLH0A0HYM2
2003-12-25,,BAMLH0A0HYM2
2003-12-26,4.28,BAMLH0A0HYM2
2003-12-29,4.22,BAMLH0A0HYM2
2003-12-30,4.17,BAMLH0A0HYM2
2003-12-31,4.18,BAMLH0A0HYM2
2004-01-01,,BAMLH0A0HYM2
2004-01-02,4.08,BAMLH0A0HYM2
2004-01-05,3.97,BAMLH0A0HYM2
2004-01-06,3.98,BAMLH0A0HYM2
2004-01-07,3.92,BAMLH0A0HYM2
2004-01-08,3.87,BAMLH0A0HYM2
2004-01-09,4.01,BAMLH0A0HYM2
2004-01-12,4.0,BAMLH0A0HYM2
2004-01-13,4.05,BAMLH0A0HYM2
2004-01-14,4.04,BAMLH0A0HYM2
2004-01-15,3.98,BAMLH0A0HYM2
2004-01-16,3.94,BAMLH0A0HYM2
2004-01-19,3.93,BAMLH0A0HYM2
2004-01-20,3.89,BAMLH0A0HYM2
2004-01-21,3.88,BAMLH0A0HYM2
2004-01-22,3.9,BAMLH0A0HYM2
2004-01-23,3.79,BAMLH0A0HYM2
2004-01-26,3.76,BAMLH0A0HYM2
2004-01-27,3.88,BAMLH0A0HYM2
2004-01-28,3.81,BAMLH0A0HYM2
2004-01-29,3.92,BAMLH0A0HYM2
2004-01-30,4.03,BAMLH0A0HYM2
2004-01-31,4.05,BAMLH0A0HYM2
2004-02-02,4.06,BAMLH0A0HYM2
2004-02-03,4.17,BAMLH0A0HYM2
2004-02-04,4.2,BAMLH0A0HYM2
2004-02-05,4.22,BAMLH0A0HYM2
2004-02-06,4.34,BAMLH0A0HYM2
2004-02-09,4.28,BAMLH0A0HYM2
2004-02-10,4.24,BAMLH0A0HYM2
2004-02-11,4.31,BAMLH0A0HYM2
2004-02-12,4.19,BAMLH0A0HYM2
2004-02-13,4.25,BAMLH0A0HYM2
2004-02-16,4.23,BAMLH0A0HYM2
2004-02-17,4.21,BAMLH0A0HYM2
2004-02-18,4.23,BAMLH0A0HYM2
2004-02-19,4.24,BAMLH0A0HYM2
2004-02-20,4.22,BAMLH0A0HYM2
2004-02-23,4.3,BAMLH0A0HYM2
2004-02-24,4.38,BAMLH0A0HYM2
2004-02-25,4.36,BAMLH0A0HYM2
2004-02-26,4.32,BAMLH0A0HYM2
2004-02-27,4.34,BAMLH0A0HYM2
2004-02-29,4.34,BAMLH0A0HYM2
2004-03-01,4.29,BAMLH0A0HYM2
2004-03-02,4.22,BAMLH0A0HYM2
2004-03-03,4.22,BAMLH0A0HYM2
2004-03-04,4.24,BAMLH0A0HYM2
2004-03-05,4.35,BAMLH0A0HYM2
2004-03-08,4.37,BAMLH0A0HYM2
2004-03-09,4.4,BAMLH0A0HYM2
2004-03-10,4.37,BAMLH0A0HYM2
2004-03-11,4.41,BAMLH0A0HYM2
2004-03-12,4.39,BAMLH0A0HYM2
2004-03-15,4.41,BAMLH0A0HYM2
2004-03-16,4.53,BAMLH0A0HYM2
2004-03-17,4.5,BAMLH0A0HYM2
2004-03-18,4.46,BAMLH0A0HYM2
2004-03-19,4.43,BAMLH0A0HYM2
2004-03-22,4.52,BAMLH0A0HYM2
2004-03-23,4.54,BAMLH0A0HYM2
2004-03-24,4.56,BAMLH0A0HYM2
2004-03-25,4.53,BAMLH0A0HYM2
2004-03-26,4.42,BAMLH0A0HYM2
2004-03-29,4.34,BAMLH0A0HYM2
2004-03-30,4.33,BAMLH0A0HYM2
2004-03-31,4.41,BAMLH0A0HYM2
2004-04-01,4.32,BAMLH0A0HYM2
2004-04-02,4.16,BAMLH0A0HYM2
2004-04-05,4.11,BAMLH0A0HYM2
2004-04-06,4.14,BAMLH0A0HYM2
2004-04-07,4.11,BAMLH0A0HYM2
2004-04-08,4.06,BAMLH0A0HYM2
2004-04-09,,BAMLH0A0HYM2
2004-04-12,4.02,BAMLH0A0HYM2
2004-04-13,3.96,BAMLH0A0HYM2
2004-04-14,3.97,BAMLH0A0HYM2
2004-04-15,3.95,BAMLH0A0HYM2
2004-04-16,3.96,BAMLH0A0HYM2
2004-04-19,3.94,BAMLH0A0HYM2
2004-04-20,3.91,BAMLH0A0HYM2
2004-04-21,3.91,BAMLH0A0HYM2
2004-04-22,3.93,BAMLH0A0HYM2
2004-04-23,3.81,BAMLH0A0HYM2
2004-04-26,3.82,BAMLH0A0HYM2
2004-04-27,3.85,BAMLH0A0HYM2
2004-04-28,3.81,BAMLH0A0HYM2
2004-04-29,3.83,BAMLH0A0HYM2
2004-04-30,3.91,BAMLH0A0HYM2
2004-05-03,3.93,BAMLH0A0HYM2
2004-05-04,3.98,BAMLH0A0HYM2
2004-05-05,3.97,BAMLH0A0HYM2
2004-05-06,4.04,BAMLH0A0HYM2
2004-05-07,3.99,BAMLH0A0HYM2
2004-05-10,4.21,BAMLH0A0HYM2
2004-05-11,4.24,BAMLH0A0HYM2
2004-05-12,4.31,BAMLH0A0HYM2
2004-05-13,4.37,BAMLH0A0HYM2
2004-05-14,4.48,BAMLH0A0HYM2
2004-05-17,4.56,BAMLH0A0HYM2
2004-05-18,4.46,BAMLH0A0HYM2
2004-05-19,4.32,BAMLH0A0HYM2
2004-05-20,4.4,BAMLH0A0HYM2
2004-05-21,4.32,BAMLH0A0HYM2
2004-05-24,4.29,BAMLH0A0HYM2
2004-05-25,4.28,BAMLH0A0HYM2
2004-05-26,4.28,BAMLH0A0HYM2
2004-05-27,4.32,BAMLH0A0HYM2
2004-05-28,4.24,BAMLH0A0HYM2
2004-05-31,4.28,BAMLH0A0HYM2
2004-06-01,4.25,BAMLH0A0HYM2
2004-06-02,4.23,BAMLH0A0HYM2
2004-06-03,4.25,BAMLH0A0HYM2
2004-06-04,4.16,BAMLH0A0HYM2
2004-06-07,4.16,BAMLH0A0HYM2
2004-06-08,4.1,BAMLH0A0HYM2
2004-06-09,4.05,BAMLH0A0HYM2
2004-06-10,4.06,BAMLH0A0HYM2
2004-06-11,4.05,BAMLH0A0HYM2
2004-06-14,4.0,BAMLH0A0HYM2
2004-06-15,4.12,BAMLH0A0HYM2
2004-06-16,4.05,BAMLH0A0HYM2
2004-06-17,4.06,BAMLH0A0HYM2
2004-06-18,4.02,BAMLH0A0HYM2
2004-06-21,4.02,BAMLH0A0HYM2
2004-06-22,3.98,BAMLH0A0HYM2
2004-06-23,3.98,BAMLH0A0HYM2
2004-06-24,4.01,BAMLH0A0HYM2
2004-06-25,4.0,BAMLH0A0HYM2
2004-06-28,3.91,BAMLH0A0HYM2
2004-06-29,3.96,BAMLH0A0HYM2
2004-06-30,4.1,BAMLH0A0HYM2
2004-07-01,4.13,BAMLH0A0HYM2
2004-07-02,4.17,BAMLH0A0HYM2
2004-07-05,4.18,BAMLH0A0HYM2
2004-07-06,4.13,BAMLH0A0HYM2
2004-07-07,4.12,BAMLH0A0HYM2
2004-07-08,4.1,BAMLH0A0HYM2
2004-07-09,4.08,BAMLH0A0HYM2
2004-07-12,4.08,BAMLH0A0HYM2
2004-07-13,4.02,BAMLH0A0HYM2
2004-07-14,3.98,BAMLH0A0HYM2
2004-07-15,3.94,BAMLH0A0HYM2
2004-07-16,4.02,BAMLH0A0HYM2
2004-07-19,3.98,BAMLH0A0HYM2
2004-07-20,3.86,BAMLH0A0HYM2
2004-07-21,3.84,BAMLH0A0HYM2
2004-07-22,3.91,BAMLH0A0HYM2
2004-07-23,3.95,BAMLH0A0HYM2
2004-07-26,3.95,BAMLH0A0HYM2
2004-07-27,3.92,BAMLH0A0HYM2
2004-07-28,3.96,BAMLH0A0HYM2
2004-07-29,3.94,BAMLH0A0HYM2
2004-07-30,3.99,BAMLH0A0HYM2
2004-07-31,4.02,BAMLH0A0HYM2
2004-08-02,4.04,BAMLH0A0HYM2
2004-08-03,4.05,BAMLH0A0HYM2
2004-08-04,4.06,BAMLH0A0HYM2
2004-08-05,4.05,BAMLH0A0HYM2
2004-08-06,4.19,BAMLH0A0HYM2
2004-08-09,4.16,BAMLH0A0HYM2
2004-08-10,4.12,BAMLH0A0HYM2
2004-08-11,4.11,BAMLH0A0HYM2
2004-08-12,4.17,BAMLH0A0HYM2
2004-08-13,4.2,BAMLH0A0HYM2
2004-08-16,4.16,BAMLH0A0HYM2
2004-08-17,4.18,BAMLH0A0HYM2
2004-08-18,4.13,BAMLH0A0HYM2
2004-08-19,4.12,BAMLH0A0HYM2
2004-08-20,4.07,BAMLH0A0HYM2
2004-08-23,4.01,BAMLH0A0HYM2
2004-08-24,4.0,BAMLH0A0HYM2
2004-08-25,3.97,BAMLH0A0HYM2
2004-08-26,3.99,BAMLH0A0HYM2
2004-08-27,3.97,BAMLH0A0HYM2
2004-08-30,3.98,BAMLH0A0HYM2
2004-08-31,4.06,BAMLH0A0HYM2
2004-09-01,4.07,BAMLH0A0HYM2
2004-09-02,3.99,BAMLH0A0HYM2
2004-09-03,3.89,BAMLH0A0HYM2
2004-09-06,3.89,BAMLH0A0HYM2
2004-09-07,3.93,BAMLH0A0HYM2
2004-09-08,3.96,BAMLH0A0HYM2
2004-09-09,3.89,BAMLH0A0HYM2
2004-09-10,3.88,BAMLH0A0HYM2
2004-09-13,3.86,BAMLH0A0HYM2
2004-09-14,3.85,BAMLH0A0HYM2
2004-09-15,3.82,BAMLH0A0HYM2
2004-09-16,3.93,BAMLH0A0HYM2
2004-09-17,3.83,BAMLH0A0HYM2
2004-09-20,3.88,BAMLH0A0HYM2
2004-09-21,3.85,BAMLH0A0HYM2
2004-09-22,3.87,BAMLH0A0HYM2
2004-09-23,3.77,BAMLH0A0HYM2
2004-09-24,3.78,BAMLH0A0HYM2
2004-09-27,3.83,BAMLH0A0HYM2
2004-09-28,3.83,BAMLH0A0HYM2
2004-09-29,3.79,BAMLH0A0HYM2
2004-09-30,3.83,BAMLH0A0HYM2
2004-10-01,3.78,BAMLH0A0HYM2
2004-10-04,3.78,BAMLH0A0HYM2
2004-10-05,3.78,BAMLH0A0HYM2
2004-10-06,3.7,BAMLH0A0HYM2
2004-10-07,3.66,BAMLH0A0HYM2
2004-10-08,3.73,BAMLH0A0HYM2
2004-10-11,3.73,BAMLH0A0HYM2
2004-10-12,3.74,BAMLH0A0HYM2
2004-10-13,3.76,BAMLH0A0HYM2
2004-10-14,3.79,BAMLH0A0HYM2
2004-10-15,3.74,BAMLH0A0HYM2
2004-10-18,3.77,BAMLH0A0HYM2
2004-10-19,3.78,BAMLH0A0HYM2
2004-10-20,3.84,BAMLH0A0HYM2
2004-10-21,3.78,BAMLH0A0HYM2
2004-10-22,3.78,BAMLH0A0HYM2
2004-10-25,3.76,BAMLH0A0HYM2
2004-10-26,3.72,BAMLH0A0HYM2
2004-10-27,3.61,BAMLH0A0HYM2
2004-10-28,3.58,BAMLH0A0HYM2
2004-10-29,3.56,BAMLH0A0HYM2
2004-10-31,3.63,BAMLH0A0HYM2
2004-11-01,3.56,BAMLH0A0HYM2
2004-11-02,3.54,BAMLH0A0HYM2
2004-11-03,3.49,BAMLH0A0HYM2
2004-11-04,3.43,BAMLH0A0HYM2
2004-11-05,3.29,BAMLH0A0HYM2
2004-11-08,3.28,BAMLH0A0HYM2
2004-11-09,3.29,BAMLH0A0HYM2
2004-11-10,3.27,BAMLH0A0HYM2
2004-11-11,3.27,BAMLH0A0HYM2
2004-11-12,3.31,BAMLH0A0HYM2
2004-11-15,3.28,BAMLH0A0HYM2
2004-11-16,3.26,BAMLH0A0HYM2
2004-11-17,3.31,BAMLH0A0HYM2
2004-11-18,3.29,BAMLH0A0HYM2
2004-11-19,3.21,BAMLH0A0HYM2
2004-11-22,3.24,BAMLH0A0HYM2
2004-11-23,3.21,BAMLH0A0HYM2
2004-11-24,3.19,BAMLH0A0HYM2
2004-11-25,3.21,BAMLH0A0HYM2
2004-11-26,3.15,BAMLH0A0HYM2
2004-11-29,3.12,BAMLH0A0HYM2
2004-11-30,3.17,BAMLH0A0HYM2
2004-12-01,3.15,BAMLH0A0HYM2
2004-12-02,3.13,BAMLH0A0HYM2
2004-12-03,3.2,BAMLH0A0HYM2
2004-12-06,3.21,BAMLH0A0HYM2
2004-12-07,3.18,BAMLH0A0HYM2
2004-12-08,3.23,BAMLH0A0HYM2
2004-12-09,3.18,BAMLH0A0HYM2
2004-12-10,3.17,BAMLH0A0HYM2
2004-12-13,3.15,BAMLH0A0HYM2
2004-12-14,3.15,BAMLH0A0HYM2
2004-12-15,3.15,BAMLH0A0HYM2
2004-12-16,3.06,BAMLH0A0HYM2
2004-12-17,3.06,BAMLH0A0HYM2
2004-12-20,3.05,BAMLH0A0HYM2
2004-12-21,3.07,BAMLH0A0HYM2
2004-12-22,3.05,BAMLH0A0HYM2
2004-12-23,3.05,BAMLH0A0HYM2
2004-12-24,,BAMLH0A0HYM2
2004-12-27,2.99,BAMLH0A0HYM2
2004-12-28,2.99,BAMLH0A0HYM2
2004-12-29,2.96,BAMLH0A0HYM2
2004-12-30,2.99,BAMLH0A0HYM2
2004-12-31,3.1,BAMLH0A0HYM2
2005-01-03,3.06,BAMLH0A0HYM2
2005-01-04,2.97,BAMLH0A0HYM2
2005-01-05,3.04,BAMLH0A0HYM2
2005-01-06,3.09,BAMLH0A0HYM2
2005-01-07,3.07,BAMLH0A0HYM2
2005-01-10,3.1,BAMLH0A0HYM2
2005-01-11,3.19,BAMLH0A0HYM2
2005-01-12,3.2,BAMLH0A0HYM2
2005-01-13,3.24,BAMLH0A0HYM2
2005-01-14,3.22,BAMLH0A0HYM2
2005-01-17,3.21,BAMLH0A0HYM2
2005-01-18,3.24,BAMLH0A0HYM2
2005-01-19,3.24,BAMLH0A0HYM2
2005-01-20,3.33,BAMLH0A0HYM2
2005-01-21,3.37,BAMLH0A0HYM2
2005-01-24,3.37,BAMLH0A0HYM2
2005-01-25,3.29,BAMLH0A0HYM2
2005-01-26,3.27,BAMLH0A0HYM2
2005-01-27,3.23,BAMLH0A0HYM2
2005-01-28,3.27,BAMLH0A0HYM2
2005-01-31,3.29,BAMLH0A0HYM2
2005-02-01,3.26,BAMLH0A0HYM2
2005-02-02,3.2,BAMLH0A0HYM2
2005-02-03,3.15,BAMLH0A0HYM2
2005-02-04,3.19,BAMLH0A0HYM2
2005-02-07,3.17,BAMLH0A0HYM2
2005-02-08,3.14,BAMLH0A0HYM2
2005-02-09,3.22,BAMLH0A0HYM2
2005-02-10,3.16,BAMLH0A0HYM2
2005-02-11,3.12,BAMLH0A0HYM2
2005-02-14,3.11,BAMLH0A0HYM2
2005-02-15,3.06,BAMLH0A0HYM2
2005-02-16,2.99,BAMLH0A0HYM2
2005-02-17,2.99,BAMLH0A0HYM2
2005-02-18,2.93,BAMLH0A0HYM2
2005-02-21,2.93,BAMLH0A0HYM2
2005-02-22,2.92,BAMLH0A0HYM2
2005-02-23,2.93,BAMLH0A0HYM2
2005-02-24,2.88,BAMLH0A0HYM2
2005-02-25,2.85,BAMLH0A0HYM2
2005-02-28,2.83,BAMLH0A0HYM2
2005-03-01,2.81,BAMLH0A0HYM2
2005-03-02,2.84,BAMLH0A0HYM2
2005-03-03,2.83,BAMLH0A0HYM2
2005-03-04,2.86,BAMLH0A0HYM2
2005-03-07,2.82,BAMLH0A0HYM2
2005-03-08,2.76,BAMLH0A0HYM2
2005-03-09,2.71,BAMLH0A0HYM2
2005-03-10,2.78,BAMLH0A0HYM2
2005-03-11,2.73,BAMLH0A0HYM2
2005-03-14,2.77,BAMLH0A0HYM2
2005-03-15,2.77,BAMLH0A0HYM2
2005-03-16,2.89,BAMLH0A0HYM2
2005-03-17,3.0,BAMLH0A0HYM2
2005-03-18,2.98,BAMLH0A0HYM2
2005-03-21,3.08,BAMLH0A0HYM2
2005-03-22,3.08,BAMLH0A0HYM2
2005-03-23,3.19,BAMLH0A0HYM2
2005-03-24,3.18,BAMLH0A0HYM2
2005-03-25,,BAMLH0A0HYM2
2005-03-28,3.19,BAMLH0A0HYM2
2005-03-29,3.28,BAMLH0A0HYM2
2005-03-30,3.38,BAMLH0A0HYM2
2005-03-31,3.52,BAMLH0A0HYM2
2005-04-01,3.55,BAMLH0A0HYM2
2005-04-04,3.59,BAMLH0A0HYM2
2005-04-05,3.53,BAMLH0A0HYM2
2005-04-06,3.48,BAMLH0A0HYM2
2005-04-07,3.41,BAMLH0A0HYM2
2005-04-08,3.39,BAMLH0A0HYM2
2005-04-11,3.47,BAMLH0A0HYM2
2005-04-12,3.58,BAMLH0A0HYM2
2005-04-13,3.61,BAMLH0A0HYM2
2005-04-14,3.75,BAMLH0A0HYM2
2005-04-15,3.89,BAMLH0A0HYM2
2005-04-18,3.98,BAMLH0A0HYM2
2005-04-19,4.0,BAMLH0A0HYM2
2005-04-20,3.94,BAMLH0A0HYM2
2005-04-21,3.82,BAMLH0A0HYM2
2005-04-22,3.86,BAMLH0A0HYM2
2005-04-25,3.88,BAMLH0A0HYM2
2005-04-26,3.92,BAMLH0A0HYM2
2005-04-27,4.04,BAMLH0A0HYM2
2005-04-28,4.16,BAMLH0A0HYM2
2005-04-29,4.15,BAMLH0A0HYM2
2005-04-30,4.19,BAMLH0A0HYM2
2005-05-02,4.17,BAMLH0A0HYM2
2005-05-03,4.13,BAMLH0A0HYM2
2005-05-04,4.12,BAMLH0A0HYM2
2005-05-05,4.13,BAMLH0A0HYM2
2005-05-06,4.07,BAMLH0A0HYM2
2005-05-09,4.05,BAMLH0A0HYM2
2005-05-10,4.13,BAMLH0A0HYM2
2005-05-11,4.23,BAMLH0A0HYM2
2005-05-12,4.28,BAMLH0A0HYM2
2005-05-13,4.39,BAMLH0A0HYM2
2005-05-16,4.49,BAMLH0A0HYM2
2005-05-17,4.57,BAMLH0A0HYM2
2005-05-18,4.55,BAMLH0A0HYM2
2005-05-19,4.4,BAMLH0A0HYM2
2005-05-20,4.33,BAMLH0A0HYM2
2005-05-23,4.29,BAMLH0A0HYM2
2005-05-24,4.28,BAMLH0A0HYM2
2005-05-25,4.16,BAMLH0A0HYM2
2005-05-26,4.07,BAMLH0A0HYM2
2005-05-27,4.02,BAMLH0A0HYM2
2005-05-30,4.02,BAMLH0A0HYM2
2005-05-31,4.13,BAMLH0A0HYM2
2005-06-01,4.13,BAMLH0A0HYM2
2005-06-02,4.0,BAMLH0A0HYM2
2005-06-03,3.9,BAMLH0A0HYM2
2005-06-06,3.99,BAMLH0A0HYM2
2005-06-07,3.99,BAMLH0A0HYM2
2005-06-08,3.98,BAMLH0A0HYM2
2005-06-09,4.01,BAMLH0A0HYM2
2005-06-10,3.91,BAMLH0A0HYM2
2005-06-13,3.88,BAMLH0A0HYM2
2005-06-14,3.83,BAMLH0A0HYM2
2005-06-15,3.78,BAMLH0A0HYM2
2005-06-16,3.83,BAMLH0A0HYM2
2005-06-17,3.81,BAMLH0A0HYM2
2005-06-20,3.81,BAMLH0A0HYM2
2005-06-21,3.82,BAMLH0A0HYM2
2005-06-22,3.9,BAMLH0A0HYM2
2005-06-23,3.88,BAMLH0A0HYM2
2005-06-24,3.93,BAMLH0A0HYM2
2005-06-27,3.96,BAMLH0A0HYM2
2005-06-28,3.86,BAMLH0A0HYM2
2005-06-29,3.81,BAMLH0A0HYM2
2005-06-30,3.85,BAMLH0A0HYM2
2005-07-01,3.75,BAMLH0A0HYM2
2005-07-04,3.75,BAMLH0A0HYM2
2005-07-05,3.71,BAMLH0A0HYM2
2005-07-06,3.75,BAMLH0A0HYM2
2005-07-07,3.78,BAMLH0A0HYM2
2005-07-08,3.67,BAMLH0A0HYM2
2005-07-11,3.61,BAMLH0A0HYM2
2005-07-12,3.54,BAMLH0A0HYM2
2005-07-13,3.51,BAMLH0A0HYM2
2005-07-14,3.46,BAMLH0A0HYM2
2005-07-15,3.43,BAMLH0A0HYM2
2005-07-18,3.4,BAMLH0A0HYM2
2005-07-19,3.43,BAMLH0A0HYM2
2005-07-20,3.43,BAMLH0A0HYM2
2005-07-21,3.36,BAMLH0A0HYM2
2005-07-22,3.39,BAMLH0A0HYM2
2005-07-25,3.36,BAMLH0A0HYM2
2005-07-26,3.35,BAMLH0A0HYM2
2005-07-27,3.31,BAMLH0A0HYM2
2005-07-28,3.33,BAMLH0A0HYM2
2005-07-29,3.25,BAMLH0A0HYM2
2005-07-31,3.3,BAMLH0A0HYM2
2005-08-01,3.29,BAMLH0A0HYM2
2005-08-02,3.29,BAMLH0A0HYM2
2005-08-03,3.32,BAMLH0A0HYM2
2005-08-04,3.31,BAMLH0A0HYM2
2005-08-05,3.29,BAMLH0A0HYM2
2005-08-08,3.31,BAMLH0A0HYM2
2005-08-09,3.33,BAMLH0A0HYM2
2005-08-10,3.32,BAMLH0A0HYM2
2005-08-11,3.37,BAMLH0A0HYM2
2005-08-12,3.42,BAMLH0A0HYM2
2005-08-15,3.37,BAMLH0A0HYM2
2005-08-16,3.41,BAMLH0A0HYM2
2005-08-17,3.37,BAMLH0A0HYM2
2005-08-18,3.41,BAMLH0A0HYM2
2005-08-19,3.39,BAMLH0A0HYM2
2005-08-22,3.39,BAMLH0A0HYM2
2005-08-23,3.4,BAMLH0A0HYM2
2005-08-24,3.38,BAMLH0A0HYM2
2005-08-25,3.38,BAMLH0A0HYM2
2005-08-26,3.34,BAMLH0A0HYM2
2005-08-29,3.37,BAMLH0A0HYM2
2005-08-30,3.48,BAMLH0A0HYM2
2005-08-31,3.66,BAMLH0A0HYM2
2005-09-01,3.7,BAMLH0A0HYM2
2005-09-02,3.7,BAMLH0A0HYM2
2005-09-05,3.7,BAMLH0A0HYM2
2005-09-06,3.64,BAMLH0A0HYM2
2005-09-07,3.61,BAMLH0A0HYM2
2005-09-08,3.59,BAMLH0A0HYM2
2005-09-09,3.59,BAMLH0A0HYM2
2005-09-12,3.55,BAMLH0A0HYM2
2005-09-13,3.58,BAMLH0A0HYM2
2005-09-14,3.57,BAMLH0A0HYM2
2005-09-15,3.55,BAMLH0A0HYM2
2005-09-16,3.54,BAMLH0A0HYM2
2005-09-19,3.61,BAMLH0A0HYM2
2005-09-20,3.65,BAMLH0A0HYM2
2005-09-21,3.75,BAMLH0A0HYM2
2005-09-22,3.81,BAMLH0A0HYM2
2005-09-23,3.71,BAMLH0A0HYM2
2005-09-26,3.65,BAMLH0A0HYM2
2005-09-27,3.66,BAMLH0A0HYM2
2005-09-28,3.69,BAMLH0A0HYM2
2005-09-29,3.67,BAMLH0A0HYM2
2005-09-30,3.54,BAMLH0A0HYM2
2005-10-03,3.47,BAMLH0A0HYM2
2005-10-04,3.48,BAMLH0A0HYM2
2005-10-05,3.51,BAMLH0A0HYM2
2005-10-06,3.55,BAMLH0A0HYM2
2005-10-07,3.59,BAMLH0A0HYM2
2005-10-10,3.59,BAMLH0A0HYM2
2005-10-11,3.66,BAMLH0A0HYM2
2005-10-12,3.72,BAMLH0A0HYM2
2005-10-13,3.77,BAMLH0A0HYM2
2005-10-14,3.72,BAMLH0A0HYM2
2005-10-17,3.61,BAMLH0A0HYM2
2005-10-18,3.56,BAMLH0A0HYM2
2005-10-19,3.6,BAMLH0A0HYM2
2005-10-20,3.58,BAMLH0A0HYM2
2005-10-21,3.59,BAMLH0A0HYM2
2005-10-24,3.54,BAMLH0A0HYM2
2005-10-25,3.49,BAMLH0A0HYM2
2005-10-26,3.49,BAMLH0A0HYM2
2005-10-27,3.57,BAMLH0A0HYM2
2005-10-28,3.58,BAMLH0A0HYM2
2005-10-31,3.61,BAMLH0A0HYM2
2005-11-01,3.57,BAMLH0A0HYM2
2005-11-02,3.54,BAMLH0A0HYM2
2005-11-03,3.48,BAMLH0A0HYM2
2005-11-04,3.48,BAMLH0A0HYM2
2005-11-07,3.49,BAMLH0A0HYM2
2005-11-08,3.55,BAMLH0A0HYM2
2005-11-09,3.5,BAMLH0A0HYM2
2005-11-10,3.57,BAMLH0A0HYM2
2005-11-11,3.56,BAMLH0A0HYM2
2005-11-14,3.58,BAMLH0A0HYM2
2005-11-15,3.62,BAMLH0A0HYM2
2005-11-16,3.72,BAMLH0A0HYM2
2005-11-17,3.78,BAMLH0A0HYM2
2005-11-18,3.69,BAMLH0A0HYM2
2005-11-21,3.71,BAMLH0A0HYM2
2005-11-22,3.74,BAMLH0A0HYM2
2005-11-23,3.69,BAMLH0A0HYM2
2005-11-24,3.69,BAMLH0A0HYM2
2005-11-25,3.72,BAMLH0A0HYM2
2005-11-28,3.71,BAMLH0A0HYM2
2005-11-29,3.61,BAMLH0A0HYM2
2005-11-30,3.67,BAMLH0A0HYM2
2005-12-01,3.62,BAMLH0A0HYM2
2005-12-02,3.63,BAMLH0A0HYM2
2005-12-05,3.62,BAMLH0A0HYM2
2005-12-06,3.68,BAMLH0A0HYM2
2005-12-07,3.66,BAMLH0A0HYM2
2005-12-08,3.7,BAMLH0A0HYM2
2005-12-09,3.6,BAMLH0A0HYM2
2005-12-12,3.59,BAMLH0A0HYM2
2005-12-13,3.6,BAMLH0A0HYM2
2005-12-14,3.66,BAMLH0A0HYM2
2005-12-15,3.64,BAMLH0A0HYM2
2005-12-16,3.65,BAMLH0A0HYM2
2005-12-19,3.66,BAMLH0A0HYM2
2005-12-20,3.65,BAMLH0A0HYM2
2005-12-21,3.61,BAMLH0A0HYM2
2005-12-22,3.66,BAMLH0A0HYM2
2005-12-23,3.71,BAMLH0A0HYM2
2005-12-26,,BAMLH0A0HYM2
2005-12-27,3.73,BAMLH0A0HYM2
2005-12-28,3.69,BAMLH0A0HYM2
2005-12-29,3.68,BAMLH0A0HYM2
2005-12-30,3.65,BAMLH0A0HYM2
2005-12-31,3.71,BAMLH0A0HYM2
2006-01-02,,BAMLH0A0HYM2
2006-01-03,3.73,BAMLH0A0HYM2
2006-01-04,3.69,BAMLH0A0HYM2
2006-01-05,3.64,BAMLH0A0HYM2
2006-01-06,3.56,BAMLH0A0HYM2
2006-01-09,3.51,BAMLH0A0HYM2
2006-01-10,3.5,BAMLH0A0HYM2
2006-01-11,3.47,BAMLH0A0HYM2
2006-01-12,3.53,BAMLH0A0HYM2
2006-01-13,3.62,BAMLH0A0HYM2
2006-01-16,3.6,BAMLH0A0HYM2
2006-01-17,3.64,BAMLH0A0HYM2
2006-01-18,3.64,BAMLH0A0HYM2
2006-01-19,3.58,BAMLH0A0HYM2
2006-01-20,3.6,BAMLH0A0HYM2
2006-01-23,3.59,BAMLH0A0HYM2
2006-01-24,3.54,BAMLH0A0HYM2
2006-01-25,3.44,BAMLH0A0HYM2
2006-01-26,3.42,BAMLH0A0HYM2
2006-01-27,3.4,BAMLH0A0HYM2
2006-01-30,3.34,BAMLH0A0HYM2
2006-01-31,3.42,BAMLH0A0HYM2
2006-02-01,3.35,BAMLH0A0HYM2
2006-02-02,3.35,BAMLH0A0HYM2
2006-02-03,3.38,BAMLH0A0HYM2
2006-02-06,3.38,BAMLH0A0HYM2
2006-02-07,3.39,BAMLH0A0HYM2
2006-02-08,3.38,BAMLH0A0HYM2
2006-02-09,3.38,BAMLH0A0HYM2
2006-02-10,3.35,BAMLH0A0HYM2
2006-02-13,3.37,BAMLH0A0HYM2
2006-02-14,3.36,BAMLH0A0HYM2
2006-02-15,3.32,BAMLH0A0HYM2
2006-02-16,3.29,BAMLH0A0HYM2
2006-02-17,3.3,BAMLH0A0HYM2
2006-02-20,3.3,BAMLH0A0HYM2
2006-02-21,3.29,BAMLH0A0HYM2
2006-02-22,3.31,BAMLH0A0HYM2
2006-02-23,3.27,BAMLH0A0HYM2
2006-02-24,3.28,BAMLH0A0HYM2
2006-02-27,3.28,BAMLH0A0HYM2
2006-02-28,3.37,BAMLH0A0HYM2
2006-03-01,3.33,BAMLH0A0HYM2
2006-03-02,3.32,BAMLH0A0HYM2
2006-03-03,3.29,BAMLH0A0HYM2
2006-03-06,3.26,BAMLH0A0HYM2
2006-03-07,3.3,BAMLH0A0HYM2
2006-03-08,3.31,BAMLH0A0HYM2
2006-03-09,3.32,BAMLH0A0HYM2
2006-03-10,3.3,BAMLH0A0HYM2
2006-03-13,3.27,BAMLH0A0HYM2
2006-03-14,3.34,BAMLH0A0HYM2
2006-03-15,3.29,BAMLH0A0HYM2
2006-03-16,3.34,BAMLH0A0HYM2
2006-03-17,3.31,BAMLH0A0HYM2
2006-03-20,3.3,BAMLH0A0HYM2
2006-03-21,3.21,BAMLH0A0HYM2
2006-03-22,3.2,BAMLH0A0HYM2
2006-03-23,3.18,BAMLH0A0HYM2
2006-03-24,3.23,BAMLH0A0HYM2
2006-03-27,3.19,BAMLH0A0HYM2
2006-03-28,3.12,BAMLH0A0HYM2
2006-03-29,3.14,BAMLH0A0HYM2
2006-03-30,3.11,BAMLH0A0HYM2
2006-03-31,3.13,BAMLH0A0HYM2
2006-04-03,3.09,BAMLH0A0HYM2
2006-04-04,3.1,BAMLH0A0HYM2
2006-04-05,3.13,BAMLH0A0HYM2
2006-04-06,3.12,BAMLH0A0HYM2
2006-04-07,3.06,BAMLH0A0HYM2
2006-04-10,3.1,BAMLH0A0HYM2
2006-04-11,3.11,BAMLH0A0HYM2
2006-04-12,3.06,BAMLH0A0HYM2
2006-04-13,3.05,BAMLH0A0HYM2
2006-04-14,,BAMLH0A0HYM2
2006-04-17,3.08,BAMLH0A0HYM2
2006-04-18,3.11,BAMLH0A0HYM2
2006-04-19,3.07,BAMLH0A0HYM2
2006-04-20,3.04,BAMLH0A0HYM2
2006-04-21,3.04,BAMLH0A0HYM2
2006-04-24,3.06,BAMLH0A0HYM2
2006-04-25,2.98,BAMLH0A0HYM2
2006-04-26,2.97,BAMLH0A0HYM2
2006-04-27,3.0,BAMLH0A0HYM2
2006-04-28,3.0,BAMLH0A0HYM2
2006-04-30,3.04,BAMLH0A0HYM2
2006-05-01,2.96,BAMLH0A0HYM2
2006-05-02,2.97,BAMLH0A0HYM2
2006-05-03,2.94,BAMLH0A0HYM2
2006-05-04,2.93,BAMLH0A0HYM2
2006-05-05,2.96,BAMLH0A0HYM2
2006-05-08,2.94,BAMLH0A0HYM2
2006-05-09,2.92,BAMLH0A0HYM2
2006-05-10,2.9,BAMLH0A0HYM2
2006-05-11,2.88,BAMLH0A0HYM2
2006-05-12,2.88,BAMLH0A0HYM2
2006-05-15,2.92,BAMLH0A0HYM2
2006-05-16,2.99,BAMLH0A0HYM2
2006-05-17,3.03,BAMLH0A0HYM2
2006-05-18,3.09,BAMLH0A0HYM2
2006-05-19,3.08,BAMLH0A0HYM2
2006-05-22,3.15,BAMLH0A0HYM2
2006-05-23,3.12,BAMLH0A0HYM2
2006-05-24,3.18,BAMLH0A0HYM2
2006-05-25,3.13,BAMLH0A0HYM2
2006-05-26,3.12,BAMLH0A0HYM2
2006-05-29,3.12,BAMLH0A0HYM2
2006-05-30,3.1,BAMLH0A0HYM2
2006-05-31,3.12,BAMLH0A0HYM2
2006-06-01,3.13,BAMLH0A0HYM2
2006-06-02,3.22,BAMLH0A0HYM2
2006-06-05,3.19,BAMLH0A0HYM2
2006-06-06,3.24,BAMLH0A0HYM2
2006-06-07,3.22,BAMLH0A0HYM2
2006-06-08,3.26,BAMLH0A0HYM2
2006-06-09,3.27,BAMLH0A0HYM2
2006-06-12,3.25,BAMLH0A0HYM2
2006-06-13,3.32,BAMLH0A0HYM2
2006-06-14,3.32,BAMLH0A0HYM2
2006-06-15,3.29,BAMLH0A0HYM2
2006-06-16,3.26,BAMLH0A0HYM2
2006-06-19,3.25,BAMLH0A0HYM2
2006-06-20,3.28,BAMLH0A0HYM2
2006-06-21,3.34,BAMLH0A0HYM2
2006-06-22,3.32,BAMLH0A0HYM2
2006-06-23,3.31,BAMLH0A0HYM2
2006-06-26,3.34,BAMLH0A0HYM2
2006-06-27,3.36,BAMLH0A0HYM2
2006-06-28,3.33,BAMLH0A0HYM2
2006-06-29,3.33,BAMLH0A0HYM2
2006-06-30,3.35,BAMLH0A0HYM2
2006-07-03,3.33,BAMLH0A0HYM2
2006-07-04,3.33,BAMLH0A0HYM2
2006-07-05,3.27,BAMLH0A0HYM2
2006-07-06,3.31,BAMLH0A0HYM2
2006-07-07,3.33,BAMLH0A0HYM2
2006-07-10,3.3,BAMLH0A0HYM2
2006-07-11,3.33,BAMLH0A0HYM2
2006-07-12,3.32,BAMLH0A0HYM2
2006-07-13,3.39,BAMLH0A0HYM2
2006-07-14,3.44,BAMLH0A0HYM2
2006-07-17,3.42,BAMLH0A0HYM2
2006-07-18,3.37,BAMLH0A0HYM2
2006-07-19,3.42,BAMLH0A0HYM2
2006-07-20,3.43,BAMLH0A0HYM2
2006-07-21,3.41,BAMLH0A0HYM2
2006-07-24,3.41,BAMLH0A0HYM2
2006-07-25,3.38,BAMLH0A0HYM2
2006-07-26,3.38,BAMLH0A0HYM2
2006-07-27,3.36,BAMLH0A0HYM2
2006-07-28,3.4,BAMLH0A0HYM2
2006-07-31,3.45,BAMLH0A0HYM2
2006-08-01,3.44,BAMLH0A0HYM2
2006-08-02,3.42,BAMLH0A0HYM2
2006-08-03,3.42,BAMLH0A0HYM2
2006-08-04,3.44,BAMLH0A0HYM2
2006-08-07,3.42,BAMLH0A0HYM2
2006-08-08,3.41,BAMLH0A0HYM2
2006-08-09,3.41,BAMLH0A0HYM2
2006-08-10,3.42,BAMLH0A0HYM2
2006-08-11,3.39,BAMLH0A0HYM2
2006-08-14,3.36,BAMLH0A0HYM2
2006-08-15,3.39,BAMLH0A0HYM2
2006-08-16,3.42,BAMLH0A0HYM2
2006-08-17,3.38,BAMLH0A0HYM2
2006-08-18,3.41,BAMLH0A0HYM2
2006-08-21,3.43,BAMLH0A0HYM2
2006-08-22,3.43,BAMLH0A0HYM2
2006-08-23,3.43,BAMLH0A0HYM2
2006-08-24,3.43,BAMLH0A0HYM2
2006-08-25,3.44,BAMLH0A0HYM2
2006-08-28,3.41,BAMLH0A0HYM2
2006-08-29,3.41,BAMLH0A0HYM2
2006-08-30,3.42,BAMLH0A0HYM2
2006-08-31,3.49,BAMLH0A0HYM2
2006-09-01,3.49,BAMLH0A0HYM2
2006-09-04,3.49,BAMLH0A0HYM2
2006-09-05,3.43,BAMLH0A0HYM2
2006-09-06,3.4,BAMLH0A0HYM2
2006-09-07,3.41,BAMLH0A0HYM2
2006-09-08,3.42,BAMLH0A0HYM2
2006-09-11,3.39,BAMLH0A0HYM2
2006-09-12,3.4,BAMLH0A0HYM2
2006-09-13,3.38,BAMLH0A0HYM2
2006-09-14,3.35,BAMLH0A0HYM2
2006-09-15,3.33,BAMLH0A0HYM2
2006-09-18,3.33,BAMLH0A0HYM2
2006-09-19,3.4,BAMLH0A0HYM2
2006-09-20,3.39,BAMLH0A0HYM2
2006-09-21,3.48,BAMLH0A0HYM2
2006-09-22,3.53,BAMLH0A0HYM2
2006-09-25,3.55,BAMLH0A0HYM2
2006-09-26,3.5,BAMLH0A0HYM2
2006-09-27,3.46,BAMLH0A0HYM2
2006-09-28,3.44,BAMLH0A0HYM2
2006-09-29,3.42,BAMLH0A0HYM2
2006-09-30,3.44,BAMLH0A0HYM2
2006-10-02,3.44,BAMLH0A0HYM2
2006-10-03,3.43,BAMLH0A0HYM2
2006-10-04,3.45,BAMLH0A0HYM2
2006-10-05,3.39,BAMLH0A0HYM2
2006-10-06,3.31,BAMLH0A0HYM2
2006-10-09,3.31,BAMLH0A0HYM2
2006-10-10,3.27,BAMLH0A0HYM2
2006-10-11,3.23,BAMLH0A0HYM2
2006-10-12,3.22,BAMLH0A0HYM2
2006-10-13,3.19,BAMLH0A0HYM2
2006-10-16,3.18,BAMLH0A0HYM2
2006-10-17,3.19,BAMLH0A0HYM2
2006-10-18,3.18,BAMLH0A0HYM2
2006-10-19,3.17,BAMLH0A0HYM2
2006-10-20,3.17,BAMLH0A0HYM2
2006-10-23,3.14,BAMLH0A0HYM2
2006-10-24,3.15,BAMLH0A0HYM2
2006-10-25,3.19,BAMLH0A0HYM2
2006-10-26,3.21,BAMLH0A0HYM2
2006-10-27,3.23,BAMLH0A0HYM2
2006-10-30,3.21,BAMLH0A0HYM2
2006-10-31,3.29,BAMLH0A0HYM2
2006-11-01,3.3,BAMLH0A0HYM2
2006-11-02,3.24,BAMLH0A0HYM2
2006-11-03,3.12,BAMLH0A0HYM2
2006-11-06,3.13,BAMLH0A0HYM2
2006-11-07,3.14,BAMLH0A0HYM2
2006-11-08,3.15,BAMLH0A0HYM2
2006-11-09,3.13,BAMLH0A0HYM2
2006-11-10,3.15,BAMLH0A0HYM2
2006-11-13,3.12,BAMLH0A0HYM2
2006-11-14,3.13,BAMLH0A0HYM2
2006-11-15,3.05,BAMLH0A0HYM2
2006-11-16,2.99,BAMLH0A0HYM2
2006-11-17,3.06,BAMLH0A0HYM2
2006-11-20,3.07,BAMLH0A0HYM2
2006-11-21,3.13,BAMLH0A0HYM2
2006-11-22,3.14,BAMLH0A0HYM2
2006-11-23,3.14,BAMLH0A0HYM2
2006-11-24,3.15,BAMLH0A0HYM2
2006-11-27,3.17,BAMLH0A0HYM2
2006-11-28,3.22,BAMLH0A0HYM2
2006-11-29,3.15,BAMLH0A0HYM2
2006-11-30,3.2,BAMLH0A0HYM2
2006-12-01,3.21,BAMLH0A0HYM2
2006-12-04,3.2,BAMLH0A0HYM2
2006-12-05,3.14,BAMLH0A0HYM2
2006-12-06,3.07,BAMLH0A0HYM2
2006-12-07,3.05,BAMLH0A0HYM2
2006-12-08,3.0,BAMLH0A0HYM2
2006-12-11,3.02,BAMLH0A0HYM2
2006-12-12,3.06,BAMLH0A0HYM2
2006-12-13,3.0,BAMLH0A0HYM2
2006-12-14,3.0,BAMLH0A0HYM2
2006-12-15,2.98,BAMLH0A0HYM2
2006-12-18,2.99,BAMLH0A0HYM2
2006-12-19,2.98,BAMLH0A0HYM2
2006-12-20,2.97,BAMLH0A0HYM2
2006-12-21,2.99,BAMLH0A0HYM2
2006-12-22,2.93,BAMLH0A0HYM2
2006-12-25,,BAMLH0A0HYM2
2006-12-26,2.93,BAMLH0A0HYM2
2006-12-27,2.87,BAMLH0A0HYM2
2006-12-28,2.83,BAMLH0A0HYM2
2006-12-29,2.82,BAMLH0A0HYM2
2006-12-31,2.89,BAMLH0A0HYM2
2007-01-01,,BAMLH0A0HYM2
2007-01-02,2.91,BAMLH0A0HYM2
2007-01-03,2.91,BAMLH0A0HYM2
2007-01-04,2.95,BAMLH0A0HYM2
2007-01-05,2.93,BAMLH0A0HYM2
2007-01-08,2.92,BAMLH0A0HYM2
2007-01-09,2.89,BAMLH0A0HYM2
2007-01-10,2.87,BAMLH0A0HYM2
2007-01-11,2.82,BAMLH0A0HYM2
2007-01-12,2.8,BAMLH0A0HYM2
2007-01-15,2.79,BAMLH0A0HYM2
2007-01-16,2.78,BAMLH0A0HYM2
2007-01-17,2.72,BAMLH0A0HYM2
2007-01-18,2.73,BAMLH0A0HYM2
2007-01-19,2.7,BAMLH0A0HYM2
2007-01-22,2.69,BAMLH0A0HYM2
2007-01-23,2.65,BAMLH0A0HYM2
2007-01-24,2.63,BAMLH0A0HYM2
2007-01-25,2.57,BAMLH0A0HYM2
2007-01-26,2.59,BAMLH0A0HYM2
2007-01-29,2.58,BAMLH0A0HYM2
2007-01-30,2.62,BAMLH0A0HYM2
2007-01-31,2.72,BAMLH0A0HYM2
2007-02-01,2.66,BAMLH0A0HYM2
2007-02-02,2.67,BAMLH0A0HYM2
2007-02-05,2.67,BAMLH0A0HYM2
2007-02-06,2.67,BAMLH0A0HYM2
2007-02-07,2.65,BAMLH0A0HYM2
2007-02-08,2.65,BAMLH0A0HYM2
2007-02-09,2.59,BAMLH0A0HYM2
2007-02-12,2.59,BAMLH0A0HYM2
2007-02-13,2.58,BAMLH0A0HYM2
2007-02-14,2.62,BAMLH0A0HYM2
2007-02-15,2.59,BAMLH0A0HYM2
2007-02-16,2.57,BAMLH0A0HYM2
2007-02-19,2.57,BAMLH0A0HYM2
2007-02-20,2.57,BAMLH0A0HYM2
2007-02-21,2.53,BAMLH0A0HYM2
2007-02-22,2.49,BAMLH0A0HYM2
2007-02-23,2.55,BAMLH0A0HYM2
2007-02-26,2.58,BAMLH0A0HYM2
2007-02-27,2.79,BAMLH0A0HYM2
2007-02-28,2.82,BAMLH0A0HYM2
2007-03-01,2.83,BAMLH0A0HYM2
2007-03-02,2.91,BAMLH0A0HYM2
2007-03-05,2.99,BAMLH0A0HYM2
2007-03-06,2.94,BAMLH0A0HYM2
2007-03-07,2.91,BAMLH0A0HYM2
2007-03-08,2.85,BAMLH0A0HYM2
2007-03-09,2.75,BAMLH0A0HYM2
2007-03-12,2.8,BAMLH0A0HYM2
2007-03-13,2.92,BAMLH0A0HYM2
2007-03-14,2.94,BAMLH0A0HYM2
2007-03-15,2.88,BAMLH0A0HYM2
2007-03-16,2.88,BAMLH0A0HYM2
2007-03-19,2.85,BAMLH0A0HYM2
2007-03-20,2.88,BAMLH0A0HYM2
2007-03-21,2.91,BAMLH0A0HYM2
2007-03-22,2.81,BAMLH0A0HYM2
2007-03-23,2.79,BAMLH0A0HYM2
2007-03-26,2.82,BAMLH0A0HYM2
2007-03-27,2.81,BAMLH0A0HYM2
2007-03-28,2.84,BAMLH0A0HYM2
2007-03-29,2.82,BAMLH0A0HYM2
2007-03-30,2.8,BAMLH0A0HYM2
2007-03-31,2.85,BAMLH0A0HYM2
2007-04-02,2.86,BAMLH0A0HYM2
2007-04-03,2.83,BAMLH0A0HYM2
2007-04-04,2.87,BAMLH0A0HYM2
2007-04-05,2.84,BAMLH0A0HYM2
2007-04-06,,BAMLH0A0HYM2
2007-04-09,2.76,BAMLH0A0HYM2
2007-04-10,2.78,BAMLH0A0HYM2
2007-04-11,2.75,BAMLH0A0HYM2
2007-04-12,2.75,BAMLH0A0HYM2
2007-04-13,2.71,BAMLH0A0HYM2
2007-04-16,2.7,BAMLH0A0HYM2
2007-04-17,2.72,BAMLH0A0HYM2
2007-04-18,2.73,BAMLH0A0HYM2
2007-04-19,2.71,BAMLH0A0HYM2
2007-04-20,2.68,BAMLH0A0HYM2
2007-04-23,2.68,BAMLH0A0HYM2
2007-04-24,2.7,BAMLH0A0HYM2
2007-04-25,2.67,BAMLH0A0HYM2
2007-04-26,2.63,BAMLH0A0HYM2
2007-04-27,2.63,BAMLH0A0HYM2
2007-04-30,2.74,BAMLH0A0HYM2
2007-05-01,2.74,BAMLH0A0HYM2
2007-05-02,2.72,BAMLH0A0HYM2
2007-05-03,2.67,BAMLH0A0HYM2
2007-05-04,2.7,BAMLH0A0HYM2
2007-05-07,2.69,BAMLH0A0HYM2
2007-05-08,2.69,BAMLH0A0HYM2
2007-05-09,2.64,BAMLH0A0HYM2
2007-05-10,2.65,BAMLH0A0HYM2
2007-05-11,2.63,BAMLH0A0HYM2
2007-05-14,2.61,BAMLH0A0HYM2
2007-05-15,2.57,BAMLH0A0HYM2
2007-05-16,2.58,BAMLH0A0HYM2
2007-05-17,2.55,BAMLH0A0HYM2
2007-05-18,2.51,BAMLH0A0HYM2
2007-05-21,2.5,BAMLH0A0HYM2
2007-05-22,2.46,BAMLH0A0HYM2
2007-05-23,2.44,BAMLH0A0HYM2
2007-05-24,2.45,BAMLH0A0HYM2
2007-05-25,2.45,BAMLH0A0HYM2
2007-05-28,,BAMLH0A0HYM2
2007-05-29,2.42,BAMLH0A0HYM2
2007-05-30,2.44,BAMLH0A0HYM2
2007-05-31,2.46,BAMLH0A0HYM2
2007-06-01,2.41,BAMLH0A0HYM2
2007-06-04,2.44,BAMLH0A0HYM2
2007-06-05,2.41,BAMLH0A0HYM2
2007-06-06,2.48,BAMLH0A0HYM2
2007-06-07,2.48,BAMLH0A0HYM2
2007-06-08,2.51,BAMLH0A0HYM2
2007-06-11,2.5,BAMLH0A0HYM2
2007-06-12,2.49,BAMLH0A0HYM2
2007-06-13,2.53,BAMLH0A0HYM2
2007-06-14,2.49,BAMLH0A0HYM2
2007-06-15,2.51,BAMLH0A0HYM2
2007-06-18,2.52,BAMLH0A0HYM2
2007-06-19,2.6,BAMLH0A0HYM2
2007-06-20,2.59,BAMLH0A0HYM2
2007-06-21,2.66,BAMLH0A0HYM2
2007-06-22,2.69,BAMLH0A0HYM2
2007-06-25,2.8,BAMLH0A0HYM2
2007-06-26,2.79,BAMLH0A0HYM2
2007-06-27,2.88,BAMLH0A0HYM2
2007-06-28,2.83,BAMLH0A0HYM2
2007-06-29,2.89,BAMLH0A0HYM2
2007-06-30,2.98,BAMLH0A0HYM2
2007-07-02,3.03,BAMLH0A0HYM2
2007-07-03,2.99,BAMLH0A0HYM2
2007-07-04,2.99,BAMLH0A0HYM2
2007-07-05,2.92,BAMLH0A0HYM2
2007-07-06,2.9,BAMLH0A0HYM2
2007-07-09,2.93,BAMLH0A0HYM2
2007-07-10,3.12,BAMLH0A0HYM2
2007-07-11,3.16,BAMLH0A0HYM2
2007-07-12,3.08,BAMLH0A0HYM2
2007-07-13,3.06,BAMLH0A0HYM2
2007-07-16,3.07,BAMLH0A0HYM2
2007-07-17,3.05,BAMLH0A0HYM2
2007-07-18,3.2,BAMLH0A0HYM2
2007-07-19,3.2,BAMLH0A0HYM2
2007-07-20,3.37,BAMLH0A0HYM2
2007-07-23,3.44,BAMLH0A0HYM2
2007-07-24,3.61,BAMLH0A0HYM2
2007-07-25,3.71,BAMLH0A0HYM2
2007-07-26,4.13,BAMLH0A0HYM2
2007-07-27,4.28,BAMLH0A0HYM2
2007-07-30,4.24,BAMLH0A0HYM2
2007-07-31,4.19,BAMLH0A0HYM2
2007-08-01,4.28,BAMLH0A0HYM2
2007-08-02,4.18,BAMLH0A0HYM2
2007-08-03,4.24,BAMLH0A0HYM2
2007-08-06,4.28,BAMLH0A0HYM2
2007-08-07,4.2,BAMLH0A0HYM2
2007-08-08,3.93,BAMLH0A0HYM2
2007-08-09,4.04,BAMLH0A0HYM2
2007-08-10,4.12,BAMLH0A0HYM2
2007-08-13,4.08,BAMLH0A0HYM2
2007-08-14,4.16,BAMLH0A0HYM2
2007-08-15,4.27,BAMLH0A0HYM2
2007-08-16,4.59,BAMLH0A0HYM2
2007-08-17,4.48,BAMLH0A0HYM2
2007-08-20,4.5,BAMLH0A0HYM2
2007-08-21,4.53,BAMLH0A0HYM2
2007-08-22,4.42,BAMLH0A0HYM2
2007-08-23,4.34,BAMLH0A0HYM2
2007-08-24,4.29,BAMLH0A0HYM2
2007-08-27,4.3,BAMLH0A0HYM2
2007-08-28,4.44,BAMLH0A0HYM2
2007-08-29,4.43,BAMLH0A0HYM2
2007-08-30,4.48,BAMLH0A0HYM2
2007-08-31,4.55,BAMLH0A0HYM2
2007-09-03,4.55,BAMLH0A0HYM2
2007-09-04,4.53,BAMLH0A0HYM2
2007-09-05,4.6,BAMLH0A0HYM2
2007-09-06,4.56,BAMLH0A0HYM2
2007-09-07,4.73,BAMLH0A0HYM2
2007-09-10,4.79,BAMLH0A0HYM2
2007-09-11,4.74,BAMLH0A0HYM2
2007-09-12,4.69,BAMLH0A0HYM2
2007-09-13,4.57,BAMLH0A0HYM2
2007-09-14,4.58,BAMLH0A0HYM2
2007-09-17,4.52,BAMLH0A0HYM2
2007-09-18,4.46,BAMLH0A0HYM2
2007-09-19,4.3,BAMLH0A0HYM2
2007-09-20,4.21,BAMLH0A0HYM2
2007-09-21,4.16,BAMLH0A0HYM2
2007-09-24,4.1,BAMLH0A0HYM2
2007-09-25,4.17,BAMLH0A0HYM2
2007-09-26,4.14,BAMLH0A0HYM2
2007-09-27,4.15,BAMLH0A0HYM2
2007-09-28,4.16,BAMLH0A0HYM2
2007-09-30,4.2,BAMLH0A0HYM2
2007-10-01,4.19,BAMLH0A0HYM2
2007-10-02,4.2,BAMLH0A0HYM2
2007-10-03,4.16,BAMLH0A0HYM2
2007-10-04,4.15,BAMLH0A0HYM2
2007-10-05,4.02,BAMLH0A0HYM2
2007-10-08,4.02,BAMLH0A0HYM2
2007-10-09,3.95,BAMLH0A0HYM2
2007-10-10,3.91,BAMLH0A0HYM2
2007-10-11,3.86,BAMLH0A0HYM2
2007-10-12,3.83,BAMLH0A0HYM2
2007-10-15,3.81,BAMLH0A0HYM2
2007-10-16,3.91,BAMLH0A0HYM2
2007-10-17,4.07,BAMLH0A0HYM2
2007-10-18,4.2,BAMLH0A0HYM2
2007-10-19,4.36,BAMLH0A0HYM2
2007-10-22,4.39,BAMLH0A0HYM2
2007-10-23,4.34,BAMLH0A0HYM2
2007-10-24,4.42,BAMLH0A0HYM2
2007-10-25,4.4,BAMLH0A0HYM2
2007-10-26,4.39,BAMLH0A0HYM2
2007-10-29,4.38,BAMLH0A0HYM2
2007-10-30,4.38,BAMLH0A0HYM2
2007-10-31,4.36,BAMLH0A0HYM2
2007-11-01,4.53,BAMLH0A0HYM2
2007-11-02,4.65,BAMLH0A0HYM2
2007-11-05,4.69,BAMLH0A0HYM2
2007-11-06,4.66,BAMLH0A0HYM2
2007-11-07,4.76,BAMLH0A0HYM2
2007-11-08,4.91,BAMLH0A0HYM2
2007-11-09,5.02,BAMLH0A0HYM2
2007-11-12,5.02,BAMLH0A0HYM2
2007-11-13,5.07,BAMLH0A0HYM2
2007-11-14,5.04,BAMLH0A0HYM2
2007-11-15,5.25,BAMLH0A0HYM2
2007-11-16,5.37,BAMLH0A0HYM2
2007-11-19,5.61,BAMLH0A0HYM2
2007-11-20,5.71,BAMLH0A0HYM2
2007-11-21,5.87,BAMLH0A0HYM2
2007-11-22,5.87,BAMLH0A0HYM2
2007-11-23,5.8,BAMLH0A0HYM2
2007-11-26,5.92,BAMLH0A0HYM2
2007-11-27,5.88,BAMLH0A0HYM2
2007-11-28,5.73,BAMLH0A0HYM2
2007-11-29,5.73,BAMLH0A0HYM2
2007-11-30,5.75,BAMLH0A0HYM2
2007-12-03,5.82,BAMLH0A0HYM2
2007-12-04,5.89,BAMLH0A0HYM2
2007-12-05,5.86,BAMLH0A0HYM2
2007-12-06,5.78,BAMLH0A0HYM2
2007-12-07,5.63,BAMLH0A0HYM2
2007-12-10,5.55,BAMLH0A0HYM2
2007-12-11,5.68,BAMLH0A0HYM2
2007-12-12,5.61,BAMLH0A0HYM2
2007-12-13,5.58,BAMLH0A0HYM2
2007-12-14,5.54,BAMLH0A0HYM2
2007-12-17,5.58,BAMLH0A0HYM2
2007-12-18,5.66,BAMLH0A0HYM2
2007-12-19,5.71,BAMLH0A0HYM2
2007-12-20,5.79,BAMLH0A0HYM2
2007-12-21,5.68,BAMLH0A0HYM2
2007-12-24,5.65,BAMLH0A0HYM2
2007-12-25,,BAMLH0A0HYM2
2007-12-26,5.59,BAMLH0A0HYM2
2007-12-27,5.64,BAMLH0A0HYM2
2007-12-28,5.73,BAMLH0A0HYM2
2007-12-31,5.92,BAMLH0A0HYM2
2008-01-01,,BAMLH0A0HYM2
2008-01-02,6.1,BAMLH0A0HYM2
2008-01-03,6.17,BAMLH0A0HYM2
2008-01-04,6.36,BAMLH0A0HYM2
2008-01-07,6.45,BAMLH0A0HYM2
2008-01-08,6.51,BAMLH0A0HYM2
2008-01-09,6.73,BAMLH0A0HYM2
2008-01-10,6.63,BAMLH0A0HYM2
2008-01-11,6.68,BAMLH0A0HYM2
2008-01-14,6.66,BAMLH0A0HYM2
2008-01-15,6.74,BAMLH0A0HYM2
2008-01-16,6.83,BAMLH0A0HYM2
2008-01-17,6.99,BAMLH0A0HYM2
2008-01-18,7.04,BAMLH0A0HYM2
2008-01-21,7.05,BAMLH0A0HYM2
2008-01-22,7.39,BAMLH0A0HYM2
2008-01-23,7.48,BAMLH0A0HYM2
2008-01-24,7.12,BAMLH0A0HYM2
2008-01-25,6.99,BAMLH0A0HYM2
2008-01-28,7.03,BAMLH0A0HYM2
2008-01-29,6.85,BAMLH0A0HYM2
2008-01-30,6.78,BAMLH0A0HYM2
2008-01-31,6.95,BAMLH0A0HYM2
2008-02-01,6.96,BAMLH0A0HYM2
2008-02-04,6.92,BAMLH0A0HYM2
2008-02-05,7.06,BAMLH0A0HYM2
2008-02-06,7.09,BAMLH0A0HYM2
2008-02-07,7.1,BAMLH0A0HYM2
2008-02-08,7.25,BAMLH0A0HYM2
2008-02-11,7.37,BAMLH0A0HYM2
2008-02-12,7.37,BAMLH0A0HYM2
2008-02-13,7.38,BAMLH0A0HYM2
2008-02-14,7.25,BAMLH0A0HYM2
2008-02-15,7.3,BAMLH0A0HYM2
2008-02-18,7.3,BAMLH0A0HYM2
2008-02-19,7.25,BAMLH0A0HYM2
2008-02-20,7.25,BAMLH0A0HYM2
2008-02-21,7.35,BAMLH0A0HYM2
2008-02-22,7.35,BAMLH0A0HYM2
2008-02-25,7.21,BAMLH0A0HYM2
2008-02-26,7.17,BAMLH0A0HYM2
2008-02-27,7.18,BAMLH0A0HYM2
2008-02-28,7.37,BAMLH0A0HYM2
2008-02-29,7.67,BAMLH0A0HYM2
2008-03-03,7.75,BAMLH0A0HYM2
2008-03-04,7.76,BAMLH0A0HYM2
2008-03-05,7.68,BAMLH0A0HYM2
2008-03-06,7.79,BAMLH0A0HYM2
2008-03-07,7.92,BAMLH0A0HYM2
2008-03-10,8.08,BAMLH0A0HYM2
2008-03-11,7.95,BAMLH0A0HYM2
2008-03-12,8.13,BAMLH0A0HYM2
2008-03-13,8.27,BAMLH0A0HYM2
2008-03-14,8.38,BAMLH0A0HYM2
2008-03-17,8.62,BAMLH0A0HYM2
2008-03-18,8.39,BAMLH0A0HYM2
2008-03-19,8.37,BAMLH0A0HYM2
2008-03-20,8.4,BAMLH0A0HYM2
2008-03-21,,BAMLH0A0HYM2
2008-03-24,8.07,BAMLH0A0HYM2
2008-03-25,7.97,BAMLH0A0HYM2
2008-03-26,7.99,BAMLH0A0HYM2
2008-03-27,7.94,BAMLH0A0HYM2
2008-03-28,7.99,BAMLH0A0HYM2
2008-03-31,8.21,BAMLH0A0HYM2
2008-04-01,8.02,BAMLH0A0HYM2
2008-04-02,7.86,BAMLH0A0HYM2
2008-04-03,7.78,BAMLH0A0HYM2
2008-04-04,7.76,BAMLH0A0HYM2
2008-04-07,7.54,BAMLH0A0HYM2
2008-04-08,7.58,BAMLH0A0HYM2
2008-04-09,7.71,BAMLH0A0HYM2
2008-04-10,7.7,BAMLH0A0HYM2
2008-04-11,7.76,BAMLH0A0HYM2
2008-04-14,7.74,BAMLH0A0HYM2
2008-04-15,7.65,BAMLH0A0HYM2
2008-04-16,7.46,BAMLH0A0HYM2
2008-04-17,7.36,BAMLH0A0HYM2
2008-04-18,7.15,BAMLH0A0HYM2
2008-04-21,7.13,BAMLH0A0HYM2
2008-04-22,7.07,BAMLH0A0HYM2
2008-04-23,7.05,BAMLH0A0HYM2
2008-04-24,6.92,BAMLH0A0HYM2
2008-04-25,6.84,BAMLH0A0HYM2
2008-04-28,6.85,BAMLH0A0HYM2
2008-04-29,6.86,BAMLH0A0HYM2
2008-04-30,6.86,BAMLH0A0HYM2
2008-05-01,6.81,BAMLH0A0HYM2
2008-05-02,6.64,BAMLH0A0HYM2
2008-05-05,6.65,BAMLH0A0HYM2
2008-05-06,6.7,BAMLH0A0HYM2
2008-05-07,6.72,BAMLH0A0HYM2
2008-05-08,6.83,BAMLH0A0HYM2
2008-05-09,6.9,BAMLH0A0HYM2
2008-05-12,6.9,BAMLH0A0HYM2
2008-05-13,6.76,BAMLH0A0HYM2
2008-05-14,6.65,BAMLH0A0HYM2
2008-05-15,6.69,BAMLH0A0HYM2
2008-05-16,6.63,BAMLH0A0HYM2
2008-05-19,6.6,BAMLH0A0HYM2
2008-05-20,6.68,BAMLH0A0HYM2
2008-05-21,6.64,BAMLH0A0HYM2
2008-05-22,6.59,BAMLH0A0HYM2
2008-05-23,6.7,BAMLH0A0HYM2
2008-05-26,6.7,BAMLH0A0HYM2
2008-05-27,6.72,BAMLH0A0HYM2
2008-05-28,6.61,BAMLH0A0HYM2
2008-05-29,6.55,BAMLH0A0HYM2
2008-05-30,6.57,BAMLH0A0HYM2
2008-05-31,6.53,BAMLH0A0HYM2
2008-06-02,6.67,BAMLH0A0HYM2
2008-06-03,6.78,BAMLH0A0HYM2
2008-06-04,6.79,BAMLH0A0HYM2
2008-06-05,6.63,BAMLH0A0HYM2
2008-06-06,6.68,BAMLH0A0HYM2
2008-06-09,6.58,BAMLH0A0HYM2
2008-06-10,6.49,BAMLH0A0HYM2
2008-06-11,6.56,BAMLH0A0HYM2
2008-06-12,6.43,BAMLH0A0HYM2
2008-06-13,6.39,BAMLH0A0HYM2
2008-06-16,6.37,BAMLH0A0HYM2
2008-06-17,6.4,BAMLH0A0HYM2
2008-06-18,6.53,BAMLH0A0HYM2
2008-06-19,6.53,BAMLH0A0HYM2
2008-06-20,6.7,BAMLH0A0HYM2
2008-06-23,6.76,BAMLH0A0HYM2
2008-06-24,7.01,BAMLH0A0HYM2
2008-06-25,7.02,BAMLH0A0HYM2
2008-06-26,7.27,BAMLH0A0HYM2
2008-06-27,7.41,BAMLH0A0HYM2
2008-06-30,7.35,BAMLH0A0HYM2
2008-07-01,7.48,BAMLH0A0HYM2
2008-07-02,7.53,BAMLH0A0HYM2
2008-07-03,7.63,BAMLH0A0HYM2
2008-07-04,7.63,BAMLH0A0HYM2
2008-07-07,7.76,BAMLH0A0HYM2
2008-07-08,7.87,BAMLH0A0HYM2
2008-07-09,7.82,BAMLH0A0HYM2
2008-07-10,7.9,BAMLH0A0HYM2
2008-07-11,7.88,BAMLH0A0HYM2
2008-07-14,7.89,BAMLH0A0HYM2
2008-07-15,8.06,BAMLH0A0HYM2
2008-07-16,8.01,BAMLH0A0HYM2
2008-07-17,7.79,BAMLH0A0HYM2
2008-07-18,7.67,BAMLH0A0HYM2
2008-07-21,7.58,BAMLH0A0HYM2
2008-07-22,7.6,BAMLH0A0HYM2
2008-07-23,7.46,BAMLH0A0HYM2
2008-07-24,7.64,BAMLH0A0HYM2
2008-07-25,7.6,BAMLH0A0HYM2
2008-07-28,7.79,BAMLH0A0HYM2
2008-07-29,7.82,BAMLH0A0HYM2
2008-07-30,7.81,BAMLH0A0HYM2
2008-07-31,8.0,BAMLH0A0HYM2
2008-08-01,8.13,BAMLH0A0HYM2
2008-08-04,8.14,BAMLH0A0HYM2
2008-08-05,8.11,BAMLH0A0HYM2
2008-08-06,8.05,BAMLH0A0HYM2
2008-08-07,8.16,BAMLH0A0HYM2
2008-08-08,8.14,BAMLH0A0HYM2
2008-08-11,8.07,BAMLH0A0HYM2
2008-08-12,8.11,BAMLH0A0HYM2
2008-08-13,8.09,BAMLH0A0HYM2
2008-08-14,8.11,BAMLH0A0HYM2
2008-08-15,8.12,BAMLH0A0HYM2
2008-08-18,8.17,BAMLH0A0HYM2
2008-08-19,8.23,BAMLH0A0HYM2
2008-08-20,8.3,BAMLH0A0HYM2
2008-08-21,8.29,BAMLH0A0HYM2
2008-08-22,8.25,BAMLH0A0HYM2
2008-08-25,8.32,BAMLH0A0HYM2
2008-08-26,8.32,BAMLH0A0HYM2
2008-08-27,8.34,BAMLH0A0HYM2
2008-08-28,8.29,BAMLH0A0HYM2
2008-08-29,8.28,BAMLH0A0HYM2
2008-08-31,8.36,BAMLH0A0HYM2
2008-09-01,8.36,BAMLH0A0HYM2
2008-09-02,8.42,BAMLH0A0HYM2
2008-09-03,8.48,BAMLH0A0HYM2
2008-09-04,8.55,BAMLH0A0HYM2
2008-09-05,8.55,BAMLH0A0HYM2
2008-09-08,8.46,BAMLH0A0HYM2
2008-09-09,8.53,BAMLH0A0HYM2
2008-09-10,8.55,BAMLH0A0HYM2
2008-09-11,8.62,BAMLH0A0HYM2
2008-09-12,8.54,BAMLH0A0HYM2
2008-09-15,9.05,BAMLH0A0HYM2
2008-09-16,9.29,BAMLH0A0HYM2
2008-09-17,9.64,BAMLH0A0HYM2
2008-09-18,9.83,BAMLH0A0HYM2
2008-09-19,9.21,BAMLH0A0HYM2
2008-09-22,9.21,BAMLH0A0HYM2
2008-09-23,9.39,BAMLH0A0HYM2
2008-09-24,9.67,BAMLH0A0HYM2
2008-09-25,9.87,BAMLH0A0HYM2
2008-09-26,10.25,BAMLH0A0HYM2
2008-09-29,10.75,BAMLH0A0HYM2
2008-09-30,10.96,BAMLH0A0HYM2
2008-10-01,11.24,BAMLH0A0HYM2
2008-10-02,12.0,BAMLH0A0HYM2
2008-10-03,12.24,BAMLH0A0HYM2
2008-10-06,13.07,BAMLH0A0HYM2
2008-10-07,13.18,BAMLH0A0HYM2
2008-10-08,13.51,BAMLH0A0HYM2
2008-10-09,13.91,BAMLH0A0HYM2
2008-10-10,15.36,BAMLH0A0HYM2
2008-10-13,15.38,BAMLH0A0HYM2
2008-10-14,14.5,BAMLH0A0HYM2
2008-10-15,15.14,BAMLH0A0HYM2
2008-10-16,15.72,BAMLH0A0HYM2
2008-10-17,15.95,BAMLH0A0HYM2
2008-10-20,15.76,BAMLH0A0HYM2
2008-10-21,15.87,BAMLH0A0HYM2
2008-10-22,16.05,BAMLH0A0HYM2
2008-10-23,16.34,BAMLH0A0HYM2
2008-10-24,16.69,BAMLH0A0HYM2
2008-10-27,16.81,BAMLH0A0HYM2
2008-10-28,16.67,BAMLH0A0HYM2
2008-10-29,16.21,BAMLH0A0HYM2
2008-10-30,15.91,BAMLH0A0HYM2
2008-10-31,16.17,BAMLH0A0HYM2
2008-11-03,16.29,BAMLH0A0HYM2
2008-11-04,16.18,BAMLH0A0HYM2
2008-11-05,16.08,BAMLH0A0HYM2
2008-11-06,16.19,BAMLH0A0HYM2
2008-11-07,16.31,BAMLH0A0HYM2
2008-11-10,16.35,BAMLH0A0HYM2
2008-11-11,16.36,BAMLH0A0HYM2
2008-11-12,16.84,BAMLH0A0HYM2
2008-11-13,17.06,BAMLH0A0HYM2
2008-11-14,17.16,BAMLH0A0HYM2
2008-11-17,17.43,BAMLH0A0HYM2
2008-11-18,17.96,BAMLH0A0HYM2
2008-11-19,18.61,BAMLH0A0HYM2
2008-11-20,19.48,BAMLH0A0HYM2
2008-11-21,19.92,BAMLH0A0HYM2
2008-11-24,19.87,BAMLH0A0HYM2
2008-11-25,19.86,BAMLH0A0HYM2
2008-11-26,19.76,BAMLH0A0HYM2
2008-11-27,19.77,BAMLH0A0HYM2
2008-11-28,19.78,BAMLH0A0HYM2
2008-11-30,19.88,BAMLH0A0HYM2
2008-12-01,20.2,BAMLH0A0HYM2
2008-12-02,20.19,BAMLH0A0HYM2
2008-12-03,20.39,BAMLH0A0HYM2
2008-12-04,20.54,BAMLH0A0HYM2
2008-12-05,20.74,BAMLH0A0HYM2
2008-12-08,20.62,BAMLH0A0HYM2
2008-12-09,20.59,BAMLH0A0HYM2
2008-12-10,20.66,BAMLH0A0HYM2
2008-12-11,20.92,BAMLH0A0HYM2
2008-12-12,21.3,BAMLH0A0HYM2
2008-12-15,21.82,BAMLH0A0HYM2
2008-12-16,21.44,BAMLH0A0HYM2
2008-12-17,21.06,BAMLH0A0HYM2
2008-12-18,20.72,BAMLH0A0HYM2
2008-12-19,20.43,BAMLH0A0HYM2
2008-12-22,20.18,BAMLH0A0HYM2
2008-12-23,19.82,BAMLH0A0HYM2
2008-12-24,19.79,BAMLH0A0HYM2
2008-12-25,,BAMLH0A0HYM2
2008-12-26,19.55,BAMLH0A0HYM2
2008-12-29,19.25,BAMLH0A0HYM2
2008-12-30,18.48,BAMLH0A0HYM2
2008-12-31,18.12,BAMLH0A0HYM2
2009-01-01,,BAMLH0A0HYM2
2009-01-02,17.84,BAMLH0A0HYM2
2009-01-05,17.44,BAMLH0A0HYM2
2009-01-06,16.68,BAMLH0A0HYM2
2009-01-07,16.42,BAMLH0A0HYM2
2009-01-08,16.67,BAMLH0A0HYM2
2009-01-09,16.65,BAMLH0A0HYM2
2009-01-12,16.67,BAMLH0A0HYM2
2009-01-13,16.82,BAMLH0A0HYM2
2009-01-14,16.86,BAMLH0A0HYM2
2009-01-15,16.97,BAMLH0A0HYM2
2009-01-16,16.79,BAMLH0A0HYM2
2009-01-19,16.81,BAMLH0A0HYM2
2009-01-20,16.79,BAMLH0A0HYM2
2009-01-21,16.71,BAMLH0A0HYM2
2009-01-22,16.69,BAMLH0A0HYM2
2009-01-23,16.73,BAMLH0A0HYM2
2009-01-26,16.74,BAMLH0A0HYM2
2009-01-27,16.76,BAMLH0A0HYM2
2009-01-28,16.4,BAMLH0A0HYM2
2009-01-29,16.22,BAMLH0A0HYM2
2009-01-30,16.22,BAMLH0A0HYM2
2009-01-31,16.26,BAMLH0A0HYM2
2009-02-02,16.4,BAMLH0A0HYM2
2009-02-03,16.3,BAMLH0A0HYM2
2009-02-04,16.15,BAMLH0A0HYM2
2009-02-05,16.13,BAMLH0A0HYM2
2009-02-06,16.05,BAMLH0A0HYM2
2009-02-09,15.98,BAMLH0A0HYM2
2009-02-10,16.07,BAMLH0A0HYM2
2009-02-11,16.17,BAMLH0A0HYM2
2009-02-12,16.27,BAMLH0A0HYM2
2009-02-13,16.21,BAMLH0A0HYM2
2009-02-16,16.06,BAMLH0A0HYM2
2009-02-17,16.45,BAMLH0A0HYM2
2009-02-18,16.59,BAMLH0A0HYM2
2009-02-19,16.48,BAMLH0A0HYM2
2009-02-20,16.76,BAMLH0A0HYM2
2009-02-23,16.85,BAMLH0A0HYM2
2009-02-24,17.22,BAMLH0A0HYM2
2009-02-25,17.17,BAMLH0A0HYM2
2009-02-26,17.18,BAMLH0A0HYM2
2009-02-27,17.39,BAMLH0A0HYM2
2009-02-28,17.38,BAMLH0A0HYM2
2009-03-02,17.84,BAMLH0A0HYM2
2009-03-03,18.09,BAMLH0A0HYM2
2009-03-04,18.28,BAMLH0A0HYM2
2009-03-05,18.59,BAMLH0A0HYM2
2009-03-06,18.66,BAMLH0A0HYM2
2009-03-09,18.86,BAMLH0A0HYM2
2009-03-10,18.71,BAMLH0A0HYM2
2009-03-11,18.38,BAMLH0A0HYM2
2009-03-12,18.29,BAMLH0A0HYM2
2009-03-13,18.04,BAMLH0A0HYM2
2009-03-16,17.63,BAMLH0A0HYM2
2009-03-17,17.58,BAMLH0A0HYM2
2009-03-18,17.97,BAMLH0A0HYM2
2009-03-19,17.74,BAMLH0A0HYM2
2009-03-20,17.74,BAMLH0A0HYM2
2009-03-23,17.56,BAMLH0A0HYM2
2009-03-24,17.45,BAMLH0A0HYM2
2009-03-25,17.26,BAMLH0A0HYM2
2009-03-26,17.09,BAMLH0A0HYM2
2009-03-27,16.75,BAMLH0A0HYM2
2009-03-30,16.89,BAMLH0A0HYM2
2009-03-31,17.03,BAMLH0A0HYM2
2009-04-01,17.12,BAMLH0A0HYM2
2009-04-02,16.78,BAMLH0A0HYM2
2009-04-03,16.53,BAMLH0A0HYM2
2009-04-06,16.43,BAMLH0A0HYM2
2009-04-07,16.44,BAMLH0A0HYM2
2009-04-08,16.36,BAMLH0A0HYM2
2009-04-09,16.19,BAMLH0A0HYM2
2009-04-10,,BAMLH0A0HYM2
2009-04-13,16.16,BAMLH0A0HYM2
2009-04-14,15.85,BAMLH0A0HYM2
2009-04-15,15.74,BAMLH0A0HYM2
2009-04-16,15.44,BAMLH0A0HYM2
2009-04-17,15.05,BAMLH0A0HYM2
2009-04-20,15.17,BAMLH0A0HYM2
2009-04-21,15.35,BAMLH0A0HYM2
2009-04-22,15.27,BAMLH0A0HYM2
2009-04-23,15.17,BAMLH0A0HYM2
2009-04-24,14.87,BAMLH0A0HYM2
2009-04-27,14.91,BAMLH0A0HYM2
2009-04-28,14.79,BAMLH0A0HYM2
2009-04-29,14.46,BAMLH0A0HYM2
2009-04-30,13.45,BAMLH0A0HYM2
2009-05-01,13.34,BAMLH0A0HYM2
2009-05-04,13.23,BAMLH0A0HYM2
2009-05-05,13.08,BAMLH0A0HYM2
2009-05-06,12.94,BAMLH0A0HYM2
2009-05-07,12.54,BAMLH0A0HYM2
2009-05-08,12.41,BAMLH0A0HYM2
2009-05-11,12.58,BAMLH0A0HYM2
2009-05-12,12.64,BAMLH0A0HYM2
2009-05-13,12.85,BAMLH0A0HYM2
2009-05-14,12.91,BAMLH0A0HYM2
2009-05-15,12.91,BAMLH0A0HYM2
2009-05-18,12.82,BAMLH0A0HYM2
2009-05-19,12.67,BAMLH0A0HYM2
2009-05-20,12.45,BAMLH0A0HYM2
2009-05-21,12.32,BAMLH0A0HYM2
2009-05-22,12.13,BAMLH0A0HYM2
2009-05-25,12.15,BAMLH0A0HYM2
2009-05-26,12.09,BAMLH0A0HYM2
2009-05-27,11.87,BAMLH0A0HYM2
2009-05-28,11.74,BAMLH0A0HYM2
2009-05-29,11.76,BAMLH0A0HYM2
2009-05-31,11.7,BAMLH0A0HYM2
2009-06-01,11.36,BAMLH0A0HYM2
2009-06-02,11.19,BAMLH0A0HYM2
2009-06-03,11.17,BAMLH0A0HYM2
2009-06-04,11.01,BAMLH0A0HYM2
2009-06-05,10.7,BAMLH0A0HYM2
2009-06-08,10.6,BAMLH0A0HYM2
2009-06-09,10.59,BAMLH0A0HYM2
2009-06-10,10.42,BAMLH0A0HYM2
2009-06-11,10.43,BAMLH0A0HYM2
2009-06-12,10.41,BAMLH0A0HYM2
2009-06-15,10.4,BAMLH0A0HYM2
2009-06-16,10.48,BAMLH0A0HYM2
2009-06-17,10.73,BAMLH0A0HYM2
2009-06-18,10.74,BAMLH0A0HYM2
2009-06-19,10.75,BAMLH0A0HYM2
2009-06-22,10.93,BAMLH0A0HYM2
2009-06-23,11.03,BAMLH0A0HYM2
2009-06-24,11.01,BAMLH0A0HYM2
2009-06-25,11.09,BAMLH0A0HYM2
2009-06-26,11.09,BAMLH0A0HYM2
2009-06-29,11.05,BAMLH0A0HYM2
2009-06-30,10.55,BAMLH0A0HYM2
2009-07-01,10.5,BAMLH0A0HYM2
2009-07-02,10.52,BAMLH0A0HYM2
2009-07-03,10.52,BAMLH0A0HYM2
2009-07-06,10.61,BAMLH0A0HYM2
2009-07-07,10.63,BAMLH0A0HYM2
2009-07-08,10.84,BAMLH0A0HYM2
2009-07-09,10.79,BAMLH0A0HYM2
2009-07-10,10.89,BAMLH0A0HYM2
2009-07-13,10.92,BAMLH0A0HYM2
2009-07-14,10.76,BAMLH0A0HYM2
2009-07-15,10.52,BAMLH0A0HYM2
2009-07-16,10.57,BAMLH0A0HYM2
2009-07-17,10.41,BAMLH0A0HYM2
2009-07-20,10.37,BAMLH0A0HYM2
2009-07-21,10.29,BAMLH0A0HYM2
2009-07-22,10.18,BAMLH0A0HYM2
2009-07-23,9.88,BAMLH0A0HYM2
2009-07-24,9.8,BAMLH0A0HYM2
2009-07-27,9.66,BAMLH0A0HYM2
2009-07-28,9.56,BAMLH0A0HYM2
2009-07-29,9.44,BAMLH0A0HYM2
2009-07-30,9.33,BAMLH0A0HYM2
2009-07-31,9.22,BAMLH0A0HYM2
2009-08-03,8.99,BAMLH0A0HYM2
2009-08-04,8.88,BAMLH0A0HYM2
2009-08-05,8.77,BAMLH0A0HYM2
2009-08-06,8.73,BAMLH0A0HYM2
2009-08-07,8.57,BAMLH0A0HYM2
2009-08-10,8.58,BAMLH0A0HYM2
2009-08-11,8.64,BAMLH0A0HYM2
2009-08-12,8.78,BAMLH0A0HYM2
2009-08-13,8.91,BAMLH0A0HYM2
2009-08-14,8.94,BAMLH0A0HYM2
2009-08-17,9.17,BAMLH0A0HYM2
2009-08-18,9.19,BAMLH0A0HYM2
2009-08-19,9.25,BAMLH0A0HYM2
2009-08-20,9.27,BAMLH0A0HYM2
2009-08-21,9.13,BAMLH0A0HYM2
2009-08-24,9.14,BAMLH0A0HYM2
2009-08-25,9.12,BAMLH0A0HYM2
2009-08-26,9.11,BAMLH0A0HYM2
2009-08-27,9.07,BAMLH0A0HYM2
2009-08-28,9.04,BAMLH0A0HYM2
2009-08-31,9.12,BAMLH0A0HYM2
2009-09-01,9.18,BAMLH0A0HYM2
2009-09-02,9.23,BAMLH0A0HYM2
2009-09-03,9.19,BAMLH0A0HYM2
2009-09-04,9.09,BAMLH0A0HYM2
2009-09-07,9.1,BAMLH0A0HYM2
2009-09-08,9.03,BAMLH0A0HYM2
2009-09-09,8.98,BAMLH0A0HYM2
2009-09-10,8.93,BAMLH0A0HYM2
2009-09-11,8.78,BAMLH0A0HYM2
2009-09-14,8.57,BAMLH0A0HYM2
2009-09-15,8.35,BAMLH0A0HYM2
2009-09-16,8.09,BAMLH0A0HYM2
2009-09-17,8.09,BAMLH0A0HYM2
2009-09-18,7.98,BAMLH0A0HYM2
2009-09-21,8.0,BAMLH0A0HYM2
2009-09-22,7.93,BAMLH0A0HYM2
2009-09-23,7.88,BAMLH0A0HYM2
2009-09-24,7.87,BAMLH0A0HYM2
2009-09-25,7.89,BAMLH0A0HYM2
2009-09-28,7.95,BAMLH0A0HYM2
2009-09-29,7.91,BAMLH0A0HYM2
2009-09-30,7.93,BAMLH0A0HYM2
2009-10-01,8.11,BAMLH0A0HYM2
2009-10-02,8.2,BAMLH0A0HYM2
2009-10-05,8.15,BAMLH0A0HYM2
2009-10-06,8.05,BAMLH0A0HYM2
2009-10-07,8.11,BAMLH0A0HYM2
2009-10-08,8.0,BAMLH0A0HYM2
2009-10-09,7.87,BAMLH0A0HYM2
2009-10-12,7.88,BAMLH0A0HYM2
2009-10-13,7.93,BAMLH0A0HYM2
2009-10-14,7.76,BAMLH0A0HYM2
2009-10-15,7.69,BAMLH0A0HYM2
2009-10-16,7.69,BAMLH0A0HYM2
2009-10-19,7.67,BAMLH0A0HYM2
2009-10-20,7.66,BAMLH0A0HYM2
2009-10-21,7.58,BAMLH0A0HYM2
2009-10-22,7.52,BAMLH0A0HYM2
2009-10-23,7.45,BAMLH0A0HYM2
2009-10-26,7.35,BAMLH0A0HYM2
2009-10-27,7.47,BAMLH0A0HYM2
2009-10-28,7.59,BAMLH0A0HYM2
2009-10-29,7.56,BAMLH0A0HYM2
2009-10-30,7.66,BAMLH0A0HYM2
2009-10-31,7.6,BAMLH0A0HYM2
2009-11-02,7.6,BAMLH0A0HYM2
2009-11-03,7.61,BAMLH0A0HYM2
2009-11-04,7.55,BAMLH0A0HYM2
2009-11-05,7.56,BAMLH0A0HYM2
2009-11-06,7.6,BAMLH0A0HYM2
2009-11-09,7.57,BAMLH0A0HYM2
2009-11-10,7.52,BAMLH0A0HYM2
2009-11-11,7.52,BAMLH0A0HYM2
2009-11-12,7.54,BAMLH0A0HYM2
2009-11-13,7.52,BAMLH0A0HYM2
2009-11-16,7.55,BAMLH0A0HYM2
2009-11-17,7.55,BAMLH0A0HYM2
2009-11-18,7.51,BAMLH0A0HYM2
2009-11-19,7.55,BAMLH0A0HYM2
2009-11-20,7.54,BAMLH0A0HYM2
2009-11-23,7.52,BAMLH0A0HYM2
2009-11-24,7.56,BAMLH0A0HYM2
2009-11-25,7.57,BAMLH0A0HYM2
2009-11-26,7.57,BAMLH0A0HYM2
2009-11-27,7.64,BAMLH0A0HYM2
2009-11-30,7.65,BAMLH0A0HYM2
2009-12-01,7.58,BAMLH0A0HYM2
2009-12-02,7.49,BAMLH0A0HYM2
2009-12-03,7.4,BAMLH0A0HYM2
2009-12-04,7.24,BAMLH0A0HYM2
2009-12-07,7.26,BAMLH0A0HYM2
2009-12-08,7.31,BAMLH0A0HYM2
2009-12-09,7.26,BAMLH0A0HYM2
2009-12-10,7.18,BAMLH0A0HYM2
2009-12-11,7.09,BAMLH0A0HYM2
2009-12-14,6.97,BAMLH0A0HYM2
2009-12-15,6.86,BAMLH0A0HYM2
2009-12-16,6.82,BAMLH0A0HYM2
2009-12-17,6.91,BAMLH0A0HYM2
2009-12-18,6.84,BAMLH0A0HYM2
2009-12-21,6.72,BAMLH0A0HYM2
2009-12-22,6.65,BAMLH0A0HYM2
2009-12-23,6.6,BAMLH0A0HYM2
2009-12-24,6.54,BAMLH0A0HYM2
2009-12-25,,BAMLH0A0HYM2
2009-12-28,6.5,BAMLH0A0HYM2
2009-12-29,6.49,BAMLH0A0HYM2
2009-12-30,6.5,BAMLH0A0HYM2
2009-12-31,6.39,BAMLH0A0HYM2
2010-01-01,,BAMLH0A0HYM2
2010-01-04,6.34,BAMLH0A0HYM2
2010-01-05,6.3,BAMLH0A0HYM2
2010-01-06,6.17,BAMLH0A0HYM2
2010-01-07,6.03,BAMLH0A0HYM2
2010-01-08,6.02,BAMLH0A0HYM2
2010-01-11,5.99,BAMLH0A0HYM2
2010-01-12,6.07,BAMLH0A0HYM2
2010-01-13,6.03,BAMLH0A0HYM2
2010-01-14,6.04,BAMLH0A0HYM2
2010-01-15,6.1,BAMLH0A0HYM2
2010-01-18,6.1,BAMLH0A0HYM2
2010-01-19,6.11,BAMLH0A0HYM2
2010-01-20,6.16,BAMLH0A0HYM2
2010-01-21,6.24,BAMLH0A0HYM2
2010-01-22,6.36,BAMLH0A0HYM2
2010-01-25,6.42,BAMLH0A0HYM2
2010-01-26,6.44,BAMLH0A0HYM2
2010-01-27,6.41,BAMLH0A0HYM2
2010-01-28,6.41,BAMLH0A0HYM2
2010-01-29,6.46,BAMLH0A0HYM2
2010-01-31,6.54,BAMLH0A0HYM2
2010-02-01,6.54,BAMLH0A0HYM2
2010-02-02,6.54,BAMLH0A0HYM2
2010-02-03,6.46,BAMLH0A0HYM2
2010-02-04,6.59,BAMLH0A0HYM2
2010-02-05,6.81,BAMLH0A0HYM2
2010-02-08,6.85,BAMLH0A0HYM2
2010-02-09,6.88,BAMLH0A0HYM2
2010-02-10,6.93,BAMLH0A0HYM2
2010-02-11,6.98,BAMLH0A0HYM2
2010-02-12,7.03,BAMLH0A0HYM2
2010-02-15,7.01,BAMLH0A0HYM2
2010-02-16,7.02,BAMLH0A0HYM2
2010-02-17,6.8,BAMLH0A0HYM2
2010-02-18,6.65,BAMLH0A0HYM2
2010-02-19,6.56,BAMLH0A0HYM2
2010-02-22,6.5,BAMLH0A0HYM2
2010-02-23,6.6,BAMLH0A0HYM2
2010-02-24,6.58,BAMLH0A0HYM2
2010-02-25,6.65,BAMLH0A0HYM2
2010-02-26,6.66,BAMLH0A0HYM2
2010-02-28,6.71,BAMLH0A0HYM2
2010-03-01,6.66,BAMLH0A0HYM2
2010-03-02,6.58,BAMLH0A0HYM2
2010-03-03,6.54,BAMLH0A0HYM2
2010-03-04,6.49,BAMLH0A0HYM2
2010-03-05,6.37,BAMLH0A0HYM2
2010-03-08,6.27,BAMLH0A0HYM2
2010-03-09,6.23,BAMLH0A0HYM2
2010-03-10,6.16,BAMLH0A0HYM2
2010-03-11,6.15,BAMLH0A0HYM2
2010-03-12,6.11,BAMLH0A0HYM2
2010-03-15,6.12,BAMLH0A0HYM2
2010-03-16,6.16,BAMLH0A0HYM2
2010-03-17,6.11,BAMLH0A0HYM2
2010-03-18,6.02,BAMLH0A0HYM2
2010-03-19,5.98,BAMLH0A0HYM2
2010-03-22,6.02,BAMLH0A0HYM2
2010-03-23,6.0,BAMLH0A0HYM2
2010-03-24,5.85,BAMLH0A0HYM2
2010-03-25,5.78,BAMLH0A0HYM2
2010-03-26,5.8,BAMLH0A0HYM2
2010-03-29,5.79,BAMLH0A0HYM2
2010-03-30,5.77,BAMLH0A0HYM2
2010-03-31,5.84,BAMLH0A0HYM2
2010-04-01,5.82,BAMLH0A0HYM2
2010-04-02,,BAMLH0A0HYM2
2010-04-05,5.65,BAMLH0A0HYM2
2010-04-06,5.65,BAMLH0A0HYM2
2010-04-07,5.72,BAMLH0A0HYM2
2010-04-08,5.7,BAMLH0A0HYM2
2010-04-09,5.68,BAMLH0A0HYM2
2010-04-12,5.68,BAMLH0A0HYM2
2010-04-13,5.66,BAMLH0A0HYM2
2010-04-14,5.57,BAMLH0A0HYM2
2010-04-15,5.52,BAMLH0A0HYM2
2010-04-16,5.57,BAMLH0A0HYM2
2010-04-19,5.59,BAMLH0A0HYM2
2010-04-20,5.54,BAMLH0A0HYM2
2010-04-21,5.55,BAMLH0A0HYM2
2010-04-22,5.5,BAMLH0A0HYM2
2010-04-23,5.44,BAMLH0A0HYM2
2010-04-26,5.42,BAMLH0A0HYM2
2010-04-27,5.55,BAMLH0A0HYM2
2010-04-28,5.51,BAMLH0A0HYM2
2010-04-29,5.54,BAMLH0A0HYM2
2010-04-30,5.61,BAMLH0A0HYM2
2010-05-03,5.57,BAMLH0A0HYM2
2010-05-04,5.68,BAMLH0A0HYM2
2010-05-05,5.91,BAMLH0A0HYM2
2010-05-06,6.26,BAMLH0A0HYM2
2010-05-07,6.47,BAMLH0A0HYM2
2010-05-10,6.25,BAMLH0A0HYM2
2010-05-11,6.34,BAMLH0A0HYM2
2010-05-12,6.18,BAMLH0A0HYM2
2010-05-13,6.14,BAMLH0A0HYM2
2010-05-14,6.33,BAMLH0A0HYM2
2010-05-17,6.36,BAMLH0A0HYM2
2010-05-18,6.46,BAMLH0A0HYM2
2010-05-19,6.59,BAMLH0A0HYM2
2010-05-20,6.92,BAMLH0A0HYM2
2010-05-21,7.02,BAMLH0A0HYM2
2010-05-24,6.97,BAMLH0A0HYM2
2010-05-25,7.24,BAMLH0A0HYM2
2010-05-26,7.07,BAMLH0A0HYM2
2010-05-27,6.88,BAMLH0A0HYM2
2010-05-28,6.9,BAMLH0A0HYM2
2010-05-31,6.98,BAMLH0A0HYM2
2010-06-01,7.04,BAMLH0A0HYM2
2010-06-02,7.04,BAMLH0A0HYM2
2010-06-03,6.93,BAMLH0A0HYM2
2010-06-04,7.14,BAMLH0A0HYM2
2010-06-07,7.18,BAMLH0A0HYM2
2010-06-08,7.27,BAMLH0A0HYM2
2010-06-09,7.26,BAMLH0A0HYM2
2010-06-10,7.19,BAMLH0A0HYM2
2010-06-11,7.27,BAMLH0A0HYM2
2010-06-14,7.16,BAMLH0A0HYM2
2010-06-15,7.03,BAMLH0A0HYM2
2010-06-16,6.97,BAMLH0A0HYM2
2010-06-17,6.91,BAMLH0A0HYM2
2010-06-18,6.82,BAMLH0A0HYM2
2010-06-21,6.68,BAMLH0A0HYM2
2010-06-22,6.75,BAMLH0A0HYM2
2010-06-23,6.82,BAMLH0A0HYM2
2010-06-24,6.89,BAMLH0A0HYM2
2010-06-25,6.9,BAMLH0A0HYM2
2010-06-28,6.93,BAMLH0A0HYM2
2010-06-29,7.06,BAMLH0A0HYM2
2010-06-30,7.13,BAMLH0A0HYM2
2010-07-01,7.17,BAMLH0A0HYM2
2010-07-02,7.13,BAMLH0A0HYM2
2010-07-05,7.13,BAMLH0A0HYM2
2010-07-06,7.14,BAMLH0A0HYM2
2010-07-07,7.1,BAMLH0A0HYM2
2010-07-08,6.98,BAMLH0A0HYM2
2010-07-09,6.88,BAMLH0A0HYM2
2010-07-12,6.85,BAMLH0A0HYM2
2010-07-13,6.7,BAMLH0A0HYM2
2010-07-14,6.68,BAMLH0A0HYM2
2010-07-15,6.73,BAMLH0A0HYM2
2010-07-16,6.77,BAMLH0A0HYM2
2010-07-19,6.77,BAMLH0A0HYM2
2010-07-20,6.79,BAMLH0A0HYM2
2010-07-21,6.75,BAMLH0A0HYM2
2010-07-22,6.67,BAMLH0A0HYM2
2010-07-23,6.59,BAMLH0A0HYM2
2010-07-26,6.54,BAMLH0A0HYM2
2010-07-27,6.43,BAMLH0A0HYM2
2010-07-28,6.47,BAMLH0A0HYM2
2010-07-29,6.48,BAMLH0A0HYM2
2010-07-30,6.57,BAMLH0A0HYM2
2010-07-31,6.59,BAMLH0A0HYM2
2010-08-02,6.54,BAMLH0A0HYM2
2010-08-03,6.55,BAMLH0A0HYM2
2010-08-04,6.49,BAMLH0A0HYM2
2010-08-05,6.51,BAMLH0A0HYM2
2010-08-06,6.57,BAMLH0A0HYM2
2010-08-09,6.54,BAMLH0A0HYM2
2010-08-10,6.6,BAMLH0A0HYM2
2010-08-11,6.78,BAMLH0A0HYM2
2010-08-12,6.83,BAMLH0A0HYM2
2010-08-13,6.87,BAMLH0A0HYM2
2010-08-16,6.91,BAMLH0A0HYM2
2010-08-17,6.82,BAMLH0A0HYM2
2010-08-18,6.78,BAMLH0A0HYM2
2010-08-19,6.82,BAMLH0A0HYM2
2010-08-20,6.8,BAMLH0A0HYM2
2010-08-23,6.82,BAMLH0A0HYM2
2010-08-24,6.93,BAMLH0A0HYM2
2010-08-25,6.92,BAMLH0A0HYM2
2010-08-26,6.93,BAMLH0A0HYM2
2010-08-27,6.81,BAMLH0A0HYM2
2010-08-30,6.89,BAMLH0A0HYM2
2010-08-31,6.92,BAMLH0A0HYM2
2010-09-01,6.8,BAMLH0A0HYM2
2010-09-02,6.72,BAMLH0A0HYM2
2010-09-03,6.62,BAMLH0A0HYM2
2010-09-06,6.62,BAMLH0A0HYM2
2010-09-07,6.68,BAMLH0A0HYM2
2010-09-08,6.59,BAMLH0A0HYM2
2010-09-09,6.47,BAMLH0A0HYM2
2010-09-10,6.37,BAMLH0A0HYM2
2010-09-13,6.36,BAMLH0A0HYM2
2010-09-14,6.36,BAMLH0A0HYM2
2010-09-15,6.31,BAMLH0A0HYM2
2010-09-16,6.25,BAMLH0A0HYM2
2010-09-17,6.24,BAMLH0A0HYM2
2010-09-20,6.25,BAMLH0A0HYM2
2010-09-21,6.32,BAMLH0A0HYM2
2010-09-22,6.35,BAMLH0A0HYM2
2010-09-23,6.37,BAMLH0A0HYM2
2010-09-24,6.32,BAMLH0A0HYM2
2010-09-27,6.36,BAMLH0A0HYM2
2010-09-28,6.36,BAMLH0A0HYM2
2010-09-29,6.29,BAMLH0A0HYM2
2010-09-30,6.26,BAMLH0A0HYM2
2010-10-01,6.22,BAMLH0A0HYM2
2010-10-04,6.23,BAMLH0A0HYM2
2010-10-05,6.18,BAMLH0A0HYM2
2010-10-06,6.15,BAMLH0A0HYM2
2010-10-07,6.13,BAMLH0A0HYM2
2010-10-08,6.12,BAMLH0A0HYM2
2010-10-11,6.11,BAMLH0A0HYM2
2010-10-12,6.08,BAMLH0A0HYM2
2010-10-13,6.02,BAMLH0A0HYM2
2010-10-14,5.97,BAMLH0A0HYM2
2010-10-15,5.95,BAMLH0A0HYM2
2010-10-18,6.02,BAMLH0A0HYM2
2010-10-19,6.04,BAMLH0A0HYM2
2010-10-20,6.06,BAMLH0A0HYM2
2010-10-21,6.0,BAMLH0A0HYM2
2010-10-22,5.96,BAMLH0A0HYM2
2010-10-25,5.9,BAMLH0A0HYM2
2010-10-26,5.79,BAMLH0A0HYM2
2010-10-27,5.73,BAMLH0A0HYM2
2010-10-28,5.77,BAMLH0A0HYM2
2010-10-29,5.82,BAMLH0A0HYM2
2010-10-31,5.93,BAMLH0A0HYM2
2010-11-01,5.96,BAMLH0A0HYM2
2010-11-02,5.94,BAMLH0A0HYM2
2010-11-03,5.92,BAMLH0A0HYM2
2010-11-04,5.89,BAMLH0A0HYM2
2010-11-05,5.79,BAMLH0A0HYM2
2010-11-08,5.76,BAMLH0A0HYM2
2010-11-09,5.64,BAMLH0A0HYM2
2010-11-10,5.75,BAMLH0A0HYM2
2010-11-11,5.75,BAMLH0A0HYM2
2010-11-12,5.75,BAMLH0A0HYM2
2010-11-15,5.67,BAMLH0A0HYM2
2010-11-16,5.89,BAMLH0A0HYM2
2010-11-17,5.89,BAMLH0A0HYM2
2010-11-18,5.8,BAMLH0A0HYM2
2010-11-19,5.81,BAMLH0A0HYM2
2010-11-22,5.9,BAMLH0A0HYM2
2010-11-23,6.04,BAMLH0A0HYM2
2010-11-24,5.93,BAMLH0A0HYM2
2010-11-25,5.93,BAMLH0A0HYM2
2010-11-26,5.94,BAMLH0A0HYM2
2010-11-29,6.03,BAMLH0A0HYM2
2010-11-30,6.22,BAMLH0A0HYM2
2010-12-01,6.02,BAMLH0A0HYM2
2010-12-02,5.93,BAMLH0A0HYM2
2010-12-03,5.92,BAMLH0A0HYM2
2010-12-06,5.95,BAMLH0A0HYM2
2010-12-07,5.69,BAMLH0A0HYM2
2010-12-08,5.62,BAMLH0A0HYM2
2010-12-09,5.6,BAMLH0A0HYM2
2010-12-10,5.54,BAMLH0A0HYM2
2010-12-13,5.58,BAMLH0A0HYM2
2010-12-14,5.42,BAMLH0A0HYM2
2010-12-15,5.4,BAMLH0A0HYM2
2010-12-16,5.45,BAMLH0A0HYM2
2010-12-17,5.54,BAMLH0A0HYM2
2010-12-20,5.52,BAMLH0A0HYM2
2010-12-21,5.5,BAMLH0A0HYM2
2010-12-22,5.45,BAMLH0A0HYM2
2010-12-23,5.37,BAMLH0A0HYM2
2010-12-24,5.37,BAMLH0A0HYM2
2010-12-27,5.4,BAMLH0A0HYM2
2010-12-28,5.28,BAMLH0A0HYM2
2010-12-29,5.4,BAMLH0A0HYM2
2010-12-30,5.32,BAMLH0A0HYM2
2010-12-31,5.41,BAMLH0A0HYM2
2011-01-03,5.32,BAMLH0A0HYM2
2011-01-04,5.27,BAMLH0A0HYM2
2011-01-05,5.11,BAMLH0A0HYM2
2011-01-06,5.13,BAMLH0A0HYM2
2011-01-07,5.23,BAMLH0A0HYM2
2011-01-10,5.28,BAMLH0A0HYM2
2011-01-11,5.22,BAMLH0A0HYM2
2011-01-12,5.17,BAMLH0A0HYM2
2011-01-13,5.18,BAMLH0A0HYM2
2011-01-14,5.12,BAMLH0A0HYM2
2011-01-17,5.12,BAMLH0A0HYM2
2011-01-18,5.1,BAMLH0A0HYM2
2011-01-19,5.11,BAMLH0A0HYM2
2011-01-20,5.03,BAMLH0A0HYM2
2011-01-21,5.05,BAMLH0A0HYM2
2011-01-24,5.03,BAMLH0A0HYM2
2011-01-25,5.06,BAMLH0A0HYM2
2011-01-26,4.98,BAMLH0A0HYM2
2011-01-27,4.99,BAMLH0A0HYM2
2011-01-28,5.03,BAMLH0A0HYM2
2011-01-31,5.08,BAMLH0A0HYM2
2011-02-01,4.99,BAMLH0A0HYM2
2011-02-02,4.89,BAMLH0A0HYM2
2011-02-03,4.83,BAMLH0A0HYM2
2011-02-04,4.68,BAMLH0A0HYM2
2011-02-07,4.64,BAMLH0A0HYM2
2011-02-08,4.53,BAMLH0A0HYM2
2011-02-09,4.6,BAMLH0A0HYM2
2011-02-10,4.55,BAMLH0A0HYM2
2011-02-11,4.59,BAMLH0A0HYM2
2011-02-14,4.58,BAMLH0A0HYM2
2011-02-15,4.57,BAMLH0A0HYM2
2011-02-16,4.54,BAMLH0A0HYM2
2011-02-17,4.56,BAMLH0A0HYM2
2011-02-18,4.53,BAMLH0A0HYM2
2011-02-21,4.52,BAMLH0A0HYM2
2011-02-22,4.66,BAMLH0A0HYM2
2011-02-23,4.66,BAMLH0A0HYM2
2011-02-24,4.73,BAMLH0A0HYM2
2011-02-25,4.72,BAMLH0A0HYM2
2011-02-28,4.78,BAMLH0A0HYM2
2011-03-01,4.76,BAMLH0A0HYM2
2011-03-02,4.72,BAMLH0A0HYM2
2011-03-03,4.6,BAMLH0A0HYM2
2011-03-04,4.69,BAMLH0A0HYM2
2011-03-07,4.69,BAMLH0A0HYM2
2011-03-08,4.64,BAMLH0A0HYM2
2011-03-09,4.71,BAMLH0A0HYM2
2011-03-10,4.85,BAMLH0A0HYM2
2011-03-11,4.88,BAMLH0A0HYM2
2011-03-14,4.93,BAMLH0A0HYM2
2011-03-15,5.09,BAMLH0A0HYM2
2011-03-16,5.16,BAMLH0A0HYM2
2011-03-17,5.1,BAMLH0A0HYM2
2011-03-18,5.02,BAMLH0A0HYM2
2011-03-21,4.93,BAMLH0A0HYM2
2011-03-22,4.91,BAMLH0A0HYM2
2011-03-23,4.91,BAMLH0A0HYM2
2011-03-24,4.84,BAMLH0A0HYM2
2011-03-25,4.79,BAMLH0A0HYM2
2011-03-28,4.76,BAMLH0A0HYM2
2011-03-29,4.73,BAMLH0A0HYM2
2011-03-30,4.76,BAMLH0A0HYM2
2011-03-31,4.77,BAMLH0A0HYM2
2011-04-01,4.72,BAMLH0A0HYM2
2011-04-04,4.72,BAMLH0A0HYM2
2011-04-05,4.65,BAMLH0A0HYM2
2011-04-06,4.57,BAMLH0A0HYM2
2011-04-07,4.56,BAMLH0A0HYM2
2011-04-08,4.53,BAMLH0A0HYM2
2011-04-11,4.53,BAMLH0A0HYM2
2011-04-12,4.63,BAMLH0A0HYM2
2011-04-13,4.65,BAMLH0A0HYM2
2011-04-14,4.6,BAMLH0A0HYM2
2011-04-15,4.68,BAMLH0A0HYM2
2011-04-18,4.74,BAMLH0A0HYM2
2011-04-19,4.75,BAMLH0A0HYM2
2011-04-20,4.66,BAMLH0A0HYM2
2011-04-21,4.65,BAMLH0A0HYM2
2011-04-22,,BAMLH0A0HYM2
2011-04-25,4.69,BAMLH0A0HYM2
2011-04-26,4.71,BAMLH0A0HYM2
2011-04-27,4.67,BAMLH0A0HYM2
2011-04-28,4.73,BAMLH0A0HYM2
2011-04-29,4.71,BAMLH0A0HYM2
2011-04-30,4.76,BAMLH0A0HYM2
2011-05-02,4.74,BAMLH0A0HYM2
2011-05-03,4.76,BAMLH0A0HYM2
2011-05-04,4.76,BAMLH0A0HYM2
2011-05-05,4.8,BAMLH0A0HYM2
2011-05-06,4.81,BAMLH0A0HYM2
2011-05-09,4.82,BAMLH0A0HYM2
2011-05-10,4.76,BAMLH0A0HYM2
2011-05-11,4.79,BAMLH0A0HYM2
2011-05-12,4.77,BAMLH0A0HYM2
2011-05-13,4.8,BAMLH0A0HYM2
2011-05-16,4.79,BAMLH0A0HYM2
2011-05-17,4.82,BAMLH0A0HYM2
2011-05-18,4.79,BAMLH0A0HYM2
2011-05-19,4.8,BAMLH0A0HYM2
2011-05-20,4.82,BAMLH0A0HYM2
2011-05-23,4.87,BAMLH0A0HYM2
2011-05-24,4.89,BAMLH0A0HYM2
2011-05-25,4.92,BAMLH0A0HYM2
2011-05-26,5.01,BAMLH0A0HYM2
2011-05-27,5.01,BAMLH0A0HYM2
2011-05-30,5.01,BAMLH0A0HYM2
2011-05-31,5.09,BAMLH0A0HYM2
2011-06-01,5.15,BAMLH0A0HYM2
2011-06-02,5.15,BAMLH0A0HYM2
2011-06-03,5.24,BAMLH0A0HYM2
2011-06-06,5.25,BAMLH0A0HYM2
2011-06-07,5.28,BAMLH0A0HYM2
2011-06-08,5.38,BAMLH0A0HYM2
2011-06-09,5.38,BAMLH0A0HYM2
2011-06-10,5.43,BAMLH0A0HYM2
2011-06-13,5.47,BAMLH0A0HYM2
2011-06-14,5.37,BAMLH0A0HYM2
2011-06-15,5.52,BAMLH0A0HYM2
2011-06-16,5.65,BAMLH0A0HYM2
2011-06-17,5.64,BAMLH0A0HYM2
2011-06-20,5.67,BAMLH0A0HYM2
2011-06-21,5.65,BAMLH0A0HYM2
2011-06-22,5.62,BAMLH0A0HYM2
2011-06-23,5.75,BAMLH0A0HYM2
2011-06-24,5.8,BAMLH0A0HYM2
2011-06-27,5.78,BAMLH0A0HYM2
2011-06-28,5.65,BAMLH0A0HYM2
2011-06-29,5.53,BAMLH0A0HYM2
2011-06-30,5.42,BAMLH0A0HYM2
2011-07-01,5.34,BAMLH0A0HYM2
2011-07-04,5.34,BAMLH0A0HYM2
2011-07-05,5.37,BAMLH0A0HYM2
2011-07-06,5.41,BAMLH0A0HYM2
2011-07-07,5.27,BAMLH0A0HYM2
2011-07-08,5.39,BAMLH0A0HYM2
2011-07-11,5.56,BAMLH0A0HYM2
2011-07-12,5.6,BAMLH0A0HYM2
2011-07-13,5.57,BAMLH0A0HYM2
2011-07-14,5.49,BAMLH0A0HYM2
2011-07-15,5.51,BAMLH0A0HYM2
2011-07-18,5.54,BAMLH0A0HYM2
2011-07-19,5.54,BAMLH0A0HYM2
2011-07-20,5.46,BAMLH0A0HYM2
2011-07-21,5.36,BAMLH0A0HYM2
2011-07-22,5.35,BAMLH0A0HYM2
2011-07-25,5.33,BAMLH0A0HYM2
2011-07-26,5.35,BAMLH0A0HYM2
2011-07-27,5.32,BAMLH0A0HYM2
2011-07-28,5.37,BAMLH0A0HYM2
2011-07-29,5.51,BAMLH0A0HYM2
2011-07-31,5.58,BAMLH0A0HYM2
2011-08-01,5.63,BAMLH0A0HYM2
2011-08-02,5.8,BAMLH0A0HYM2
2011-08-03,5.87,BAMLH0A0HYM2
2011-08-04,6.16,BAMLH0A0HYM2
2011-08-05,6.24,BAMLH0A0HYM2
2011-08-08,6.84,BAMLH0A0HYM2
2011-08-09,7.19,BAMLH0A0HYM2
2011-08-10,7.3,BAMLH0A0HYM2
2011-08-11,7.39,BAMLH0A0HYM2
2011-08-12,7.3,BAMLH0A0HYM2
2011-08-15,7.1,BAMLH0A0HYM2
2011-08-16,7.11,BAMLH0A0HYM2
2011-08-17,7.08,BAMLH0A0HYM2
2011-08-18,7.23,BAMLH0A0HYM2
2011-08-19,7.3,BAMLH0A0HYM2
2011-08-22,7.32,BAMLH0A0HYM2
2011-08-23,7.46,BAMLH0A0HYM2
2011-08-24,7.45,BAMLH0A0HYM2
2011-08-25,7.43,BAMLH0A0HYM2
2011-08-26,7.5,BAMLH0A0HYM2
2011-08-29,7.39,BAMLH0A0HYM2
2011-08-30,7.39,BAMLH0A0HYM2
2011-08-31,7.3,BAMLH0A0HYM2
2011-09-01,7.26,BAMLH0A0HYM2
2011-09-02,7.33,BAMLH0A0HYM2
2011-09-05,7.34,BAMLH0A0HYM2
2011-09-06,7.54,BAMLH0A0HYM2
2011-09-07,7.41,BAMLH0A0HYM2
2011-09-08,7.42,BAMLH0A0HYM2
2011-09-09,7.51,BAMLH0A0HYM2
2011-09-12,7.64,BAMLH0A0HYM2
2011-09-13,7.62,BAMLH0A0HYM2
2011-09-14,7.55,BAMLH0A0HYM2
2011-09-15,7.49,BAMLH0A0HYM2
2011-09-16,7.46,BAMLH0A0HYM2
2011-09-19,7.61,BAMLH0A0HYM2
2011-09-20,7.59,BAMLH0A0HYM2
2011-09-21,7.61,BAMLH0A0HYM2
2011-09-22,7.95,BAMLH0A0HYM2
2011-09-23,8.01,BAMLH0A0HYM2
2011-09-26,8.0,BAMLH0A0HYM2
2011-09-27,7.92,BAMLH0A0HYM2
2011-09-28,8.03,BAMLH0A0HYM2
2011-09-29,8.16,BAMLH0A0HYM2
2011-09-30,8.41,BAMLH0A0HYM2
2011-10-03,8.72,BAMLH0A0HYM2
2011-10-04,9.1,BAMLH0A0HYM2
2011-10-05,8.98,BAMLH0A0HYM2
2011-10-06,8.72,BAMLH0A0HYM2
2011-10-07,8.55,BAMLH0A0HYM2
2011-10-10,8.56,BAMLH0A0HYM2
2011-10-11,8.34,BAMLH0A0HYM2
2011-10-12,8.07,BAMLH0A0HYM2
2011-10-13,8.05,BAMLH0A0HYM2
2011-10-14,7.89,BAMLH0A0HYM2
2011-10-17,7.88,BAMLH0A0HYM2
2011-10-18,7.87,BAMLH0A0HYM2
2011-10-19,7.7,BAMLH0A0HYM2
2011-10-20,7.64,BAMLH0A0HYM2
2011-10-21,7.46,BAMLH0A0HYM2
2011-10-24,7.31,BAMLH0A0HYM2
2011-10-25,7.29,BAMLH0A0HYM2
2011-10-26,7.2,BAMLH0A0HYM2
2011-10-27,6.83,BAMLH0A0HYM2
2011-10-28,6.85,BAMLH0A0HYM2
2011-10-31,7.07,BAMLH0A0HYM2
2011-11-01,7.42,BAMLH0A0HYM2
2011-11-02,7.35,BAMLH0A0HYM2
2011-11-03,7.25,BAMLH0A0HYM2
2011-11-04,7.26,BAMLH0A0HYM2
2011-11-07,7.29,BAMLH0A0HYM2
2011-11-08,7.23,BAMLH0A0HYM2
2011-11-09,7.48,BAMLH0A0HYM2
2011-11-10,7.46,BAMLH0A0HYM2
2011-11-11,7.46,BAMLH0A0HYM2
2011-11-14,7.44,BAMLH0A0HYM2
2011-11-15,7.49,BAMLH0A0HYM2
2011-11-16,7.54,BAMLH0A0HYM2
2011-11-17,7.62,BAMLH0A0HYM2
2011-11-18,7.61,BAMLH0A0HYM2
2011-11-21,7.79,BAMLH0A0HYM2
2011-11-22,7.9,BAMLH0A0HYM2
2011-11-23,8.03,BAMLH0A0HYM2
2011-11-24,8.03,BAMLH0A0HYM2
2011-11-25,8.0,BAMLH0A0HYM2
2011-11-28,7.95,BAMLH0A0HYM2
2011-11-29,7.95,BAMLH0A0HYM2
2011-11-30,7.79,BAMLH0A0HYM2
2011-12-01,7.69,BAMLH0A0HYM2
2011-12-02,7.65,BAMLH0A0HYM2
2011-12-05,7.56,BAMLH0A0HYM2
2011-12-06,7.5,BAMLH0A0HYM2
2011-12-07,7.54,BAMLH0A0HYM2
2011-12-08,7.56,BAMLH0A0HYM2
2011-12-09,7.53,BAMLH0A0HYM2
2011-12-12,7.6,BAMLH0A0HYM2
2011-12-13,7.6,BAMLH0A0HYM2
2011-12-14,7.63,BAMLH0A0HYM2
2011-12-15,7.62,BAMLH0A0HYM2
2011-12-16,7.65,BAMLH0A0HYM2
2011-12-19,7.65,BAMLH0A0HYM2
2011-12-20,7.54,BAMLH0A0HYM2
2011-12-21,7.49,BAMLH0A0HYM2
2011-12-22,7.45,BAMLH0A0HYM2
2011-12-23,7.37,BAMLH0A0HYM2
2011-12-26,,BAMLH0A0HYM2
2011-12-27,7.37,BAMLH0A0HYM2
2011-12-28,7.4,BAMLH0A0HYM2
2011-12-29,7.36,BAMLH0A0HYM2
2011-12-30,7.38,BAMLH0A0HYM2
2011-12-31,7.23,BAMLH0A0HYM2
2012-01-02,,BAMLH0A0HYM2
2012-01-03,7.06,BAMLH0A0HYM2
2012-01-04,7.0,BAMLH0A0HYM2
2012-01-05,7.0,BAMLH0A0HYM2
2012-01-06,7.0,BAMLH0A0HYM2
2012-01-09,6.99,BAMLH0A0HYM2
2012-01-10,6.92,BAMLH0A0HYM2
2012-01-11,6.98,BAMLH0A0HYM2
2012-01-12,6.93,BAMLH0A0HYM2
2012-01-13,7.02,BAMLH0A0HYM2
2012-01-16,6.98,BAMLH0A0HYM2
2012-01-17,6.99,BAMLH0A0HYM2
2012-01-18,6.93,BAMLH0A0HYM2
2012-01-19,6.77,BAMLH0A0HYM2
2012-01-20,6.69,BAMLH0A0HYM2
2012-01-23,6.62,BAMLH0A0HYM2
2012-01-24,6.62,BAMLH0A0HYM2
2012-01-25,6.63,BAMLH0A0HYM2
2012-01-26,6.58,BAMLH0A0HYM2
2012-01-27,6.57,BAMLH0A0HYM2
2012-01-30,6.65,BAMLH0A0HYM2
2012-01-31,6.61,BAMLH0A0HYM2
2012-02-01,6.54,BAMLH0A0HYM2
2012-02-02,6.55,BAMLH0A0HYM2
2012-02-03,6.42,BAMLH0A0HYM2
2012-02-06,6.44,BAMLH0A0HYM2
2012-02-07,6.36,BAMLH0A0HYM2
2012-02-08,6.29,BAMLH0A0HYM2
2012-02-09,6.26,BAMLH0A0HYM2
2012-02-10,6.35,BAMLH0A0HYM2
2012-02-13,6.27,BAMLH0A0HYM2
2012-02-14,6.27,BAMLH0A0HYM2
2012-02-15,6.27,BAMLH0A0HYM2
2012-02-16,6.26,BAMLH0A0HYM2
2012-02-17,6.2,BAMLH0A0HYM2
2012-02-20,6.2,BAMLH0A0HYM2
2012-02-21,6.14,BAMLH0A0HYM2
2012-02-22,6.15,BAMLH0A0HYM2
2012-02-23,6.11,BAMLH0A0HYM2
2012-02-24,6.01,BAMLH0A0HYM2
2012-02-27,6.05,BAMLH0A0HYM2
2012-02-28,6.01,BAMLH0A0HYM2
2012-02-29,5.98,BAMLH0A0HYM2
2012-03-01,5.94,BAMLH0A0HYM2
2012-03-02,5.97,BAMLH0A0HYM2
2012-03-05,6.01,BAMLH0A0HYM2
2012-03-06,6.25,BAMLH0A0HYM2
2012-03-07,6.18,BAMLH0A0HYM2
2012-03-08,6.11,BAMLH0A0HYM2
2012-03-09,6.09,BAMLH0A0HYM2
2012-03-12,6.06,BAMLH0A0HYM2
2012-03-13,5.97,BAMLH0A0HYM2
2012-03-14,5.83,BAMLH0A0HYM2
2012-03-15,5.87,BAMLH0A0HYM2
2012-03-16,5.86,BAMLH0A0HYM2
2012-03-19,5.79,BAMLH0A0HYM2
2012-03-20,5.8,BAMLH0A0HYM2
2012-03-21,5.85,BAMLH0A0HYM2
2012-03-22,5.91,BAMLH0A0HYM2
2012-03-23,5.93,BAMLH0A0HYM2
2012-03-26,5.91,BAMLH0A0HYM2
2012-03-27,5.93,BAMLH0A0HYM2
2012-03-28,5.93,BAMLH0A0HYM2
2012-03-29,6.02,BAMLH0A0HYM2
2012-03-30,5.95,BAMLH0A0HYM2
2012-03-31,5.99,BAMLH0A0HYM2
2012-04-02,5.99,BAMLH0A0HYM2
2012-04-03,5.91,BAMLH0A0HYM2
2012-04-04,5.99,BAMLH0A0HYM2
2012-04-05,6.05,BAMLH0A0HYM2
2012-04-06,,BAMLH0A0HYM2
2012-04-09,6.24,BAMLH0A0HYM2
2012-04-10,6.32,BAMLH0A0HYM2
2012-04-11,6.3,BAMLH0A0HYM2
2012-04-12,6.24,BAMLH0A0HYM2
2012-04-13,6.26,BAMLH0A0HYM2
2012-04-16,6.23,BAMLH0A0HYM2
2012-04-17,6.16,BAMLH0A0HYM2
2012-04-18,6.16,BAMLH0A0HYM2
2012-04-19,6.17,BAMLH0A0HYM2
2012-04-20,6.14,BAMLH0A0HYM2
2012-04-23,6.2,BAMLH0A0HYM2
2012-04-24,6.14,BAMLH0A0HYM2
2012-04-25,6.05,BAMLH0A0HYM2
2012-04-26,6.06,BAMLH0A0HYM2
2012-04-27,6.02,BAMLH0A0HYM2
2012-04-30,6.04,BAMLH0A0HYM2
2012-05-01,5.96,BAMLH0A0HYM2
2012-05-02,5.96,BAMLH0A0HYM2
2012-05-03,5.92,BAMLH0A0HYM2
2012-05-04,5.94,BAMLH0A0HYM2
2012-05-07,5.95,BAMLH0A0HYM2
2012-05-08,6.0,BAMLH0A0HYM2
2012-05-09,6.04,BAMLH0A0HYM2
2012-05-10,6.0,BAMLH0A0HYM2
2012-05-11,6.02,BAMLH0A0HYM2
2012-05-14,6.11,BAMLH0A0HYM2
2012-05-15,6.15,BAMLH0A0HYM2
2012-05-16,6.22,BAMLH0A0HYM2
2012-05-17,6.44,BAMLH0A0HYM2
2012-05-18,6.52,BAMLH0A0HYM2
2012-05-21,6.63,BAMLH0A0HYM2
2012-05-22,6.55,BAMLH0A0HYM2
2012-05-23,6.66,BAMLH0A0HYM2
2012-05-24,6.62,BAMLH0A0HYM2
2012-05-25,6.63,BAMLH0A0HYM2
2012-05-28,6.63,BAMLH0A0HYM2
2012-05-29,6.59,BAMLH0A0HYM2
2012-05-30,6.71,BAMLH0A0HYM2
2012-05-31,6.96,BAMLH0A0HYM2
2012-06-01,7.16,BAMLH0A0HYM2
2012-06-04,7.17,BAMLH0A0HYM2
2012-06-05,7.23,BAMLH0A0HYM2
2012-06-06,7.06,BAMLH0A0HYM2
2012-06-07,6.95,BAMLH0A0HYM2
2012-06-08,6.95,BAMLH0A0HYM2
2012-06-11,6.9,BAMLH0A0HYM2
2012-06-12,6.9,BAMLH0A0HYM2
2012-06-13,6.91,BAMLH0A0HYM2
2012-06-14,6.85,BAMLH0A0HYM2
2012-06-15,6.84,BAMLH0A0HYM2
2012-06-18,6.81,BAMLH0A0HYM2
2012-06-19,6.65,BAMLH0A0HYM2
2012-06-20,6.54,BAMLH0A0HYM2
2012-06-21,6.52,BAMLH0A0HYM2
2012-06-22,6.52,BAMLH0A0HYM2
2012-06-25,6.6,BAMLH0A0HYM2
2012-06-26,6.57,BAMLH0A0HYM2
2012-06-27,6.52,BAMLH0A0HYM2
2012-06-28,6.52,BAMLH0A0HYM2
2012-06-29,6.36,BAMLH0A0HYM2
2012-06-30,6.44,BAMLH0A0HYM2
2012-07-02,6.45,BAMLH0A0HYM2
2012-07-03,6.39,BAMLH0A0HYM2
2012-07-04,6.38,BAMLH0A0HYM2
2012-07-05,6.4,BAMLH0A0HYM2
2012-07-06,6.44,BAMLH0A0HYM2
2012-07-09,6.44,BAMLH0A0HYM2
2012-07-10,6.4,BAMLH0A0HYM2
2012-07-11,6.37,BAMLH0A0HYM2
2012-07-12,6.41,BAMLH0A0HYM2
2012-07-13,6.41,BAMLH0A0HYM2
2012-07-16,6.39,BAMLH0A0HYM2
2012-07-17,6.36,BAMLH0A0HYM2
2012-07-18,6.33,BAMLH0A0HYM2
2012-07-19,6.25,BAMLH0A0HYM2
2012-07-20,6.28,BAMLH0A0HYM2
2012-07-23,6.38,BAMLH0A0HYM2
2012-07-24,6.4,BAMLH0A0HYM2
2012-07-25,6.4,BAMLH0A0HYM2
2012-07-26,6.35,BAMLH0A0HYM2
2012-07-27,6.22,BAMLH0A0HYM2
2012-07-30,6.2,BAMLH0A0HYM2
2012-07-31,6.16,BAMLH0A0HYM2
2012-08-01,6.1,BAMLH0A0HYM2
2012-08-02,6.13,BAMLH0A0HYM2
2012-08-03,6.01,BAMLH0A0HYM2
2012-08-06,6.0,BAMLH0A0HYM2
2012-08-07,5.91,BAMLH0A0HYM2
2012-08-08,5.89,BAMLH0A0HYM2
2012-08-09,5.91,BAMLH0A0HYM2
2012-08-10,5.98,BAMLH0A0HYM2
2012-08-13,5.96,BAMLH0A0HYM2
2012-08-14,5.92,BAMLH0A0HYM2
2012-08-15,5.88,BAMLH0A0HYM2
2012-08-16,5.89,BAMLH0A0HYM2
2012-08-17,5.89,BAMLH0A0HYM2
2012-08-20,5.86,BAMLH0A0HYM2
2012-08-21,5.83,BAMLH0A0HYM2
2012-08-22,5.88,BAMLH0A0HYM2
2012-08-23,5.89,BAMLH0A0HYM2
2012-08-24,5.87,BAMLH0A0HYM2
2012-08-27,5.87,BAMLH0A0HYM2
2012-08-28,5.88,BAMLH0A0HYM2
2012-08-29,5.84,BAMLH0A0HYM2
2012-08-30,5.86,BAMLH0A0HYM2
2012-08-31,5.98,BAMLH0A0HYM2
2012-09-03,5.98,BAMLH0A0HYM2
2012-09-04,5.94,BAMLH0A0HYM2
2012-09-05,5.91,BAMLH0A0HYM2
2012-09-06,5.8,BAMLH0A0HYM2
2012-09-07,5.74,BAMLH0A0HYM2
2012-09-10,5.68,BAMLH0A0HYM2
2012-09-11,5.64,BAMLH0A0HYM2
2012-09-12,5.51,BAMLH0A0HYM2
2012-09-13,5.5,BAMLH0A0HYM2
2012-09-14,5.3,BAMLH0A0HYM2
2012-09-17,5.32,BAMLH0A0HYM2
2012-09-18,5.33,BAMLH0A0HYM2
2012-09-19,5.34,BAMLH0A0HYM2
2012-09-20,5.38,BAMLH0A0HYM2
2012-09-21,5.42,BAMLH0A0HYM2
2012-09-24,5.5,BAMLH0A0HYM2
2012-09-25,5.56,BAMLH0A0HYM2
2012-09-26,5.8,BAMLH0A0HYM2
2012-09-27,5.73,BAMLH0A0HYM2
2012-09-28,5.72,BAMLH0A0HYM2
2012-09-30,5.74,BAMLH0A0HYM2
2012-10-01,5.71,BAMLH0A0HYM2
2012-10-02,5.72,BAMLH0A0HYM2
2012-10-03,5.68,BAMLH0A0HYM2
2012-10-04,5.62,BAMLH0A0HYM2
2012-10-05,5.55,BAMLH0A0HYM2
2012-10-08,5.54,BAMLH0A0HYM2
2012-10-09,5.56,BAMLH0A0HYM2
2012-10-10,5.61,BAMLH0A0HYM2
2012-10-11,5.57,BAMLH0A0HYM2
2012-10-12,5.56,BAMLH0A0HYM2
2012-10-15,5.48,BAMLH0A0HYM2
2012-10-16,5.4,BAMLH0A0HYM2
2012-10-17,5.27,BAMLH0A0HYM2
2012-10-18,5.24,BAMLH0A0HYM2
2012-10-19,5.31,BAMLH0A0HYM2
2012-10-22,5.28,BAMLH0A0HYM2
2012-10-23,5.41,BAMLH0A0HYM2
2012-10-24,5.39,BAMLH0A0HYM2
2012-10-25,5.33,BAMLH0A0HYM2
2012-10-26,5.41,BAMLH0A0HYM2
2012-10-29,5.46,BAMLH0A0HYM2
2012-10-30,,BAMLH0A0HYM2
2012-10-31,5.63,BAMLH0A0HYM2
2012-11-01,5.57,BAMLH0A0HYM2
2012-11-02,5.54,BAMLH0A0HYM2
2012-11-05,5.57,BAMLH0A0HYM2
2012-11-06,5.49,BAMLH0A0HYM2
2012-11-07,5.63,BAMLH0A0HYM2
2012-11-08,5.67,BAMLH0A0HYM2
2012-11-09,5.77,BAMLH0A0HYM2
2012-11-12,5.77,BAMLH0A0HYM2
2012-11-13,5.82,BAMLH0A0HYM2
2012-11-14,5.84,BAMLH0A0HYM2
2012-11-15,5.94,BAMLH0A0HYM2
2012-11-16,5.98,BAMLH0A0HYM2
2012-11-19,5.85,BAMLH0A0HYM2
2012-11-20,5.79,BAMLH0A0HYM2
2012-11-21,5.72,BAMLH0A0HYM2
2012-11-22,5.72,BAMLH0A0HYM2
2012-11-23,5.71,BAMLH0A0HYM2
2012-11-26,5.68,BAMLH0A0HYM2
2012-11-27,5.65,BAMLH0A0HYM2
2012-11-28,5.66,BAMLH0A0HYM2
2012-11-29,5.58,BAMLH0A0HYM2
2012-11-30,5.65,BAMLH0A0HYM2
2012-12-03,5.6,BAMLH0A0HYM2
2012-12-04,5.58,BAMLH0A0HYM2
2012-12-05,5.51,BAMLH0A0HYM2
2012-12-06,5.48,BAMLH0A0HYM2
2012-12-07,5.42,BAMLH0A0HYM2
2012-12-10,5.41,BAMLH0A0HYM2
2012-12-11,5.35,BAMLH0A0HYM2
2012-12-12,5.29,BAMLH0A0HYM2
2012-12-13,5.27,BAMLH0A0HYM2
2012-12-14,5.28,BAMLH0A0HYM2
2012-12-17,5.31,BAMLH0A0HYM2
2012-12-18,5.19,BAMLH0A0HYM2
2012-12-19,5.19,BAMLH0A0HYM2
2012-12-20,5.19,BAMLH0A0HYM2
2012-12-21,5.26,BAMLH0A0HYM2
2012-12-24,5.24,BAMLH0A0HYM2
2012-12-25,,BAMLH0A0HYM2
2012-12-26,5.24,BAMLH0A0HYM2
2012-12-27,5.28,BAMLH0A0HYM2
2012-12-28,5.3,BAMLH0A0HYM2
2012-12-31,5.34,BAMLH0A0HYM2
2013-01-01,,BAMLH0A0HYM2
2013-01-02,5.16,BAMLH0A0HYM2
2013-01-03,5.06,BAMLH0A0HYM2
2013-01-04,5.04,BAMLH0A0HYM2
2013-01-07,5.02,BAMLH0A0HYM2
2013-01-08,5.02,BAMLH0A0HYM2
2013-01-09,4.99,BAMLH0A0HYM2
2013-01-10,4.94,BAMLH0A0HYM2
2013-01-11,4.93,BAMLH0A0HYM2
2013-01-14,4.91,BAMLH0A0HYM2
2013-01-15,4.96,BAMLH0A0HYM2
2013-01-16,4.95,BAMLH0A0HYM2
2013-01-17,4.88,BAMLH0A0HYM2
2013-01-18,4.89,BAMLH0A0HYM2
2013-01-21,4.88,BAMLH0A0HYM2
2013-01-22,4.88,BAMLH0A0HYM2
2013-01-23,4.85,BAMLH0A0HYM2
2013-01-24,4.82,BAMLH0A0HYM2
2013-01-25,4.73,BAMLH0A0HYM2
2013-01-28,4.72,BAMLH0A0HYM2
2013-01-29,4.78,BAMLH0A0HYM2
2013-01-30,4.84,BAMLH0A0HYM2
2013-01-31,4.95,BAMLH0A0HYM2
2013-02-01,4.94,BAMLH0A0HYM2
2013-02-04,5.01,BAMLH0A0HYM2
2013-02-05,5.01,BAMLH0A0HYM2
2013-02-06,5.04,BAMLH0A0HYM2
2013-02-07,5.08,BAMLH0A0HYM2
2013-02-08,5.08,BAMLH0A0HYM2
2013-02-11,5.06,BAMLH0A0HYM2
2013-02-12,5.04,BAMLH0A0HYM2
2013-02-13,4.97,BAMLH0A0HYM2
2013-02-14,4.97,BAMLH0A0HYM2
2013-02-15,4.96,BAMLH0A0HYM2
2013-02-18,4.95,BAMLH0A0HYM2
2013-02-19,4.92,BAMLH0A0HYM2
2013-02-20,4.92,BAMLH0A0HYM2
2013-02-21,4.99,BAMLH0A0HYM2
2013-02-22,4.97,BAMLH0A0HYM2
2013-02-25,4.97,BAMLH0A0HYM2
2013-02-26,5.02,BAMLH0A0HYM2
2013-02-27,4.98,BAMLH0A0HYM2
2013-02-28,4.98,BAMLH0A0HYM2
2013-03-01,5.0,BAMLH0A0HYM2
2013-03-04,4.98,BAMLH0A0HYM2
2013-03-05,4.92,BAMLH0A0HYM2
2013-03-06,4.88,BAMLH0A0HYM2
2013-03-07,4.81,BAMLH0A0HYM2
2013-03-08,4.76,BAMLH0A0HYM2
2013-03-11,4.75,BAMLH0A0HYM2
2013-03-12,4.76,BAMLH0A0HYM2
2013-03-13,4.75,BAMLH0A0HYM2
2013-03-14,4.71,BAMLH0A0HYM2
2013-03-15,4.72,BAMLH0A0HYM2
2013-03-18,4.77,BAMLH0A0HYM2
2013-03-19,4.78,BAMLH0A0HYM2
2013-03-20,4.76,BAMLH0A0HYM2
2013-03-21,4.76,BAMLH0A0HYM2
2013-03-22,4.78,BAMLH0A0HYM2
2013-03-25,4.75,BAMLH0A0HYM2
2013-03-26,4.78,BAMLH0A0HYM2
2013-03-27,4.81,BAMLH0A0HYM2
2013-03-28,4.8,BAMLH0A0HYM2
2013-03-29,,BAMLH0A0HYM2
2013-03-31,4.86,BAMLH0A0HYM2
2013-04-01,4.87,BAMLH0A0HYM2
2013-04-02,4.84,BAMLH0A0HYM2
2013-04-03,4.87,BAMLH0A0HYM2
2013-04-04,4.89,BAMLH0A0HYM2
2013-04-05,4.95,BAMLH0A0HYM2
2013-04-08,4.9,BAMLH0A0HYM2
2013-04-09,4.87,BAMLH0A0HYM2
2013-04-10,4.78,BAMLH0A0HYM2
2013-04-11,4.73,BAMLH0A0HYM2
2013-04-12,4.75,BAMLH0A0HYM2
2013-04-15,4.79,BAMLH0A0HYM2
2013-04-16,4.78,BAMLH0A0HYM2
2013-04-17,4.8,BAMLH0A0HYM2
2013-04-18,4.8,BAMLH0A0HYM2
2013-04-19,4.78,BAMLH0A0HYM2
2013-04-22,4.75,BAMLH0A0HYM2
2013-04-23,4.71,BAMLH0A0HYM2
2013-04-24,4.66,BAMLH0A0HYM2
2013-04-25,4.61,BAMLH0A0HYM2
2013-04-26,4.6,BAMLH0A0HYM2
2013-04-29,4.53,BAMLH0A0HYM2
2013-04-30,4.55,BAMLH0A0HYM2
2013-05-01,4.5,BAMLH0A0HYM2
2013-05-02,4.45,BAMLH0A0HYM2
2013-05-03,4.33,BAMLH0A0HYM2
2013-05-06,4.3,BAMLH0A0HYM2
2013-05-07,4.24,BAMLH0A0HYM2
2013-05-08,4.24,BAMLH0A0HYM2
2013-05-09,4.23,BAMLH0A0HYM2
2013-05-10,4.23,BAMLH0A0HYM2
2013-05-13,4.35,BAMLH0A0HYM2
2013-05-14,4.35,BAMLH0A0HYM2
2013-05-15,4.36,BAMLH0A0HYM2
2013-05-16,4.42,BAMLH0A0HYM2
2013-05-17,4.37,BAMLH0A0HYM2
2013-05-20,4.34,BAMLH0A0HYM2
2013-05-21,4.35,BAMLH0A0HYM2
2013-05-22,4.27,BAMLH0A0HYM2
2013-05-23,4.42,BAMLH0A0HYM2
2013-05-24,4.45,BAMLH0A0HYM2
2013-05-27,4.44,BAMLH0A0HYM2
2013-05-28,4.35,BAMLH0A0HYM2
2013-05-29,4.55,BAMLH0A0HYM2
2013-05-30,4.54,BAMLH0A0HYM2
2013-05-31,4.62,BAMLH0A0HYM2
2013-06-03,4.76,BAMLH0A0HYM2
2013-06-04,4.79,BAMLH0A0HYM2
2013-06-05,5.03,BAMLH0A0HYM2
2013-06-06,5.08,BAMLH0A0HYM2
2013-06-07,4.89,BAMLH0A0HYM2
2013-06-10,4.86,BAMLH0A0HYM2
2013-06-11,5.08,BAMLH0A0HYM2
2013-06-12,5.02,BAMLH0A0HYM2
2013-06-13,5.11,BAMLH0A0HYM2
2013-06-14,5.04,BAMLH0A0HYM2
2013-06-17,4.97,BAMLH0A0HYM2
2013-06-18,4.96,BAMLH0A0HYM2
2013-06-19,4.85,BAMLH0A0HYM2
2013-06-20,5.12,BAMLH0A0HYM2
2013-06-21,5.09,BAMLH0A0HYM2
2013-06-24,5.34,BAMLH0A0HYM2
2013-06-25,5.34,BAMLH0A0HYM2
2013-06-26,5.29,BAMLH0A0HYM2
2013-06-27,5.23,BAMLH0A0HYM2
2013-06-28,5.16,BAMLH0A0HYM2
2013-06-30,5.21,BAMLH0A0HYM2
2013-07-01,5.17,BAMLH0A0HYM2
2013-07-02,5.15,BAMLH0A0HYM2
2013-07-03,5.15,BAMLH0A0HYM2
2013-07-04,5.15,BAMLH0A0HYM2
2013-07-05,5.04,BAMLH0A0HYM2
2013-07-08,5.11,BAMLH0A0HYM2
2013-07-09,5.04,BAMLH0A0HYM2
2013-07-10,4.98,BAMLH0A0HYM2
2013-07-11,4.9,BAMLH0A0HYM2
2013-07-12,4.8,BAMLH0A0HYM2
2013-07-15,4.77,BAMLH0A0HYM2
2013-07-16,4.72,BAMLH0A0HYM2
2013-07-17,4.68,BAMLH0A0HYM2
2013-07-18,4.57,BAMLH0A0HYM2
2013-07-19,4.56,BAMLH0A0HYM2
2013-07-22,4.53,BAMLH0A0HYM2
2013-07-23,4.5,BAMLH0A0HYM2
2013-07-24,4.55,BAMLH0A0HYM2
2013-07-25,4.65,BAMLH0A0HYM2
2013-07-26,4.71,BAMLH0A0HYM2
2013-07-29,4.69,BAMLH0A0HYM2
2013-07-30,4.66,BAMLH0A0HYM2
2013-07-31,4.71,BAMLH0A0HYM2
2013-08-01,4.63,BAMLH0A0HYM2
2013-08-02,4.74,BAMLH0A0HYM2
2013-08-05,4.74,BAMLH0A0HYM2
2013-08-06,4.76,BAMLH0A0HYM2
2013-08-07,4.81,BAMLH0A0HYM2
2013-08-08,4.8,BAMLH0A0HYM2
2013-08-09,4.8,BAMLH0A0HYM2
2013-08-12,4.78,BAMLH0A0HYM2
2013-08-13,4.72,BAMLH0A0HYM2
2013-08-14,4.69,BAMLH0A0HYM2
2013-08-15,4.74,BAMLH0A0HYM2
2013-08-16,4.7,BAMLH0A0HYM2
2013-08-19,4.71,BAMLH0A0HYM2
2013-08-20,4.8,BAMLH0A0HYM2
2013-08-21,4.77,BAMLH0A0HYM2
2013-08-22,4.73,BAMLH0A0HYM2
2013-08-23,4.75,BAMLH0A0HYM2
2013-08-26,4.75,BAMLH0A0HYM2
2013-08-27,4.82,BAMLH0A0HYM2
2013-08-28,4.77,BAMLH0A0HYM2
2013-08-29,4.76,BAMLH0A0HYM2
2013-08-30,,BAMLH0A0HYM2
2013-09-02,4.78,BAMLH0A0HYM2
2013-09-03,4.69,BAMLH0A0HYM2
2013-09-04,4.64,BAMLH0A0HYM2
2013-09-05,4.59,BAMLH0A0HYM2
2013-09-06,4.63,BAMLH0A0HYM2
2013-09-09,4.66,BAMLH0A0HYM2
2013-09-10,4.6,BAMLH0A0HYM2
2013-09-11,4.63,BAMLH0A0HYM2
2013-09-12,4.61,BAMLH0A0HYM2
2013-09-13,4.6,BAMLH0A0HYM2
2013-09-16,4.54,BAMLH0A0HYM2
2013-09-17,4.59,BAMLH0A0HYM2
2013-09-18,4.67,BAMLH0A0HYM2
2013-09-19,4.51,BAMLH0A0HYM2
2013-09-20,4.54,BAMLH0A0HYM2
2013-09-23,4.6,BAMLH0A0HYM2
2013-09-24,4.65,BAMLH0A0HYM2
2013-09-25,4.7,BAMLH0A0HYM2
2013-09-26,4.69,BAMLH0A0HYM2
2013-09-27,4.75,BAMLH0A0HYM2
2013-09-30,4.83,BAMLH0A0HYM2
2013-10-01,4.78,BAMLH0A0HYM2
2013-10-02,4.78,BAMLH0A0HYM2
2013-10-03,4.75,BAMLH0A0HYM2
2013-10-04,4.7,BAMLH0A0HYM2
2013-10-07,4.69,BAMLH0A0HYM2
2013-10-08,4.68,BAMLH0A0HYM2
2013-10-09,4.67,BAMLH0A0HYM2
2013-10-10,4.61,BAMLH0A0HYM2
2013-10-11,4.62,BAMLH0A0HYM2
2013-10-14,4.6,BAMLH0A0HYM2
2013-10-15,4.54,BAMLH0A0HYM2
2013-10-16,4.55,BAMLH0A0HYM2
2013-10-17,4.53,BAMLH0A0HYM2
2013-10-18,4.46,BAMLH0A0HYM2
2013-10-21,4.41,BAMLH0A0HYM2
2013-10-22,4.44,BAMLH0A0HYM2
2013-10-23,4.44,BAMLH0A0HYM2
2013-10-24,4.4,BAMLH0A0HYM2
2013-10-25,4.42,BAMLH0A0HYM2
2013-10-28,4.44,BAMLH0A0HYM2
2013-10-29,4.45,BAMLH0A0HYM2
2013-10-30,4.43,BAMLH0A0HYM2
2013-10-31,4.36,BAMLH0A0HYM2
2013-11-01,4.31,BAMLH0A0HYM2
2013-11-04,4.33,BAMLH0A0HYM2
2013-11-05,4.33,BAMLH0A0HYM2
2013-11-06,4.35,BAMLH0A0HYM2
2013-11-07,4.34,BAMLH0A0HYM2
2013-11-08,4.38,BAMLH0A0HYM2
2013-11-11,4.38,BAMLH0A0HYM2
2013-11-12,4.35,BAMLH0A0HYM2
2013-11-13,4.42,BAMLH0A0HYM2
2013-11-14,4.41,BAMLH0A0HYM2
2013-11-15,4.38,BAMLH0A0HYM2
2013-11-18,4.35,BAMLH0A0HYM2
2013-11-19,4.31,BAMLH0A0HYM2
2013-11-20,4.29,BAMLH0A0HYM2
2013-11-21,4.32,BAMLH0A0HYM2
2013-11-22,4.3,BAMLH0A0HYM2
2013-11-25,4.27,BAMLH0A0HYM2
2013-11-26,4.27,BAMLH0A0HYM2
2013-11-27,4.24,BAMLH0A0HYM2
2013-11-28,4.24,BAMLH0A0HYM2
2013-11-29,4.23,BAMLH0A0HYM2
2013-11-30,4.27,BAMLH0A0HYM2
2013-12-02,4.19,BAMLH0A0HYM2
2013-12-03,4.22,BAMLH0A0HYM2
2013-12-04,4.19,BAMLH0A0HYM2
2013-12-05,4.16,BAMLH0A0HYM2
2013-12-06,4.13,BAMLH0A0HYM2
2013-12-09,4.11,BAMLH0A0HYM2
2013-12-10,4.15,BAMLH0A0HYM2
2013-12-11,4.11,BAMLH0A0HYM2
2013-12-12,4.11,BAMLH0A0HYM2
2013-12-13,4.12,BAMLH0A0HYM2
2013-12-16,4.09,BAMLH0A0HYM2
2013-12-17,4.15,BAMLH0A0HYM2
2013-12-18,4.14,BAMLH0A0HYM2
2013-12-19,4.07,BAMLH0A0HYM2
2013-12-20,4.04,BAMLH0A0HYM2
2013-12-23,4.0,BAMLH0A0HYM2
2013-12-24,3.96,BAMLH0A0HYM2
2013-12-25,,BAMLH0A0HYM2
2013-12-26,3.96,BAMLH0A0HYM2
2013-12-27,3.96,BAMLH0A0HYM2
2013-12-30,3.97,BAMLH0A0HYM2
2013-12-31,4.0,BAMLH0A0HYM2
2014-01-01,,BAMLH0A0HYM2
2014-01-02,4.0,BAMLH0A0HYM2
2014-01-03,3.98,BAMLH0A0HYM2
2014-01-06,3.96,BAMLH0A0HYM2
2014-01-07,3.92,BAMLH0A0HYM2
2014-01-08,3.87,BAMLH0A0HYM2
2014-01-09,3.88,BAMLH0A0HYM2
2014-01-10,3.95,BAMLH0A0HYM2
2014-01-13,3.97,BAMLH0A0HYM2
2014-01-14,3.92,BAMLH0A0HYM2
2014-01-15,3.87,BAMLH0A0HYM2
2014-01-16,3.88,BAMLH0A0HYM2
2014-01-17,3.88,BAMLH0A0HYM2
2014-01-20,3.88,BAMLH0A0HYM2
2014-01-21,3.86,BAMLH0A0HYM2
2014-01-22,3.82,BAMLH0A0HYM2
2014-01-23,3.92,BAMLH0A0HYM2
2014-01-24,4.08,BAMLH0A0HYM2
2014-01-27,4.09,BAMLH0A0HYM2
2014-01-28,4.08,BAMLH0A0HYM2
2014-01-29,4.15,BAMLH0A0HYM2
2014-01-30,4.12,BAMLH0A0HYM2
2014-01-31,4.21,BAMLH0A0HYM2
2014-02-03,4.28,BAMLH0A0HYM2
2014-02-04,4.31,BAMLH0A0HYM2
2014-02-05,4.28,BAMLH0A0HYM2
2014-02-06,4.21,BAMLH0A0HYM2
2014-02-07,4.2,BAMLH0A0HYM2
2014-02-10,4.16,BAMLH0A0HYM2
2014-02-11,4.08,BAMLH0A0HYM2
2014-02-12,4.01,BAMLH0A0HYM2
2014-02-13,4.07,BAMLH0A0HYM2
2014-02-14,4.03,BAMLH0A0HYM2
2014-02-17,4.03,BAMLH0A0HYM2
2014-02-18,4.01,BAMLH0A0HYM2
2014-02-19,3.95,BAMLH0A0HYM2
2014-02-20,3.92,BAMLH0A0HYM2
2014-02-21,3.9,BAMLH0A0HYM2
2014-02-24,3.85,BAMLH0A0HYM2
2014-02-25,3.84,BAMLH0A0HYM2
2014-02-26,3.84,BAMLH0A0HYM2
2014-02-27,3.83,BAMLH0A0HYM2
2014-02-28,3.81,BAMLH0A0HYM2
2014-03-03,3.87,BAMLH0A0HYM2
2014-03-04,3.79,BAMLH0A0HYM2
2014-03-05,3.78,BAMLH0A0HYM2
2014-03-06,3.78,BAMLH0A0HYM2
2014-03-07,3.79,BAMLH0A0HYM2
2014-03-10,3.82,BAMLH0A0HYM2
2014-03-11,3.82,BAMLH0A0HYM2
2014-03-12,3.87,BAMLH0A0HYM2
2014-03-13,3.92,BAMLH0A0HYM2
2014-03-14,3.96,BAMLH0A0HYM2
2014-03-17,3.9,BAMLH0A0HYM2
2014-03-18,3.87,BAMLH0A0HYM2
2014-03-19,3.74,BAMLH0A0HYM2
2014-03-20,3.79,BAMLH0A0HYM2
2014-03-21,3.76,BAMLH0A0HYM2
2014-03-24,3.75,BAMLH0A0HYM2
2014-03-25,3.73,BAMLH0A0HYM2
2014-03-26,3.75,BAMLH0A0HYM2
2014-03-27,3.77,BAMLH0A0HYM2
2014-03-28,3.73,BAMLH0A0HYM2
2014-03-31,3.77,BAMLH0A0HYM2
2014-04-01,3.73,BAMLH0A0HYM2
2014-04-02,3.66,BAMLH0A0HYM2
2014-04-03,3.64,BAMLH0A0HYM2
2014-04-04,3.68,BAMLH0A0HYM2
2014-04-07,3.72,BAMLH0A0HYM2
2014-04-08,3.73,BAMLH0A0HYM2
2014-04-09,3.74,BAMLH0A0HYM2
2014-04-10,3.77,BAMLH0A0HYM2
2014-04-11,3.82,BAMLH0A0HYM2
2014-04-14,3.76,BAMLH0A0HYM2
2014-04-15,3.75,BAMLH0A0HYM2
2014-04-16,3.73,BAMLH0A0HYM2
2014-04-17,3.68,BAMLH0A0HYM2
2014-04-18,,BAMLH0A0HYM2
2014-04-21,3.67,BAMLH0A0HYM2
2014-04-22,3.65,BAMLH0A0HYM2
2014-04-23,3.68,BAMLH0A0HYM2
2014-04-24,3.66,BAMLH0A0HYM2
2014-04-25,3.69,BAMLH0A0HYM2
2014-04-28,3.68,BAMLH0A0HYM2
2014-04-29,3.66,BAMLH0A0HYM2
2014-04-30,3.71,BAMLH0A0HYM2
2014-05-01,3.75,BAMLH0A0HYM2
2014-05-02,3.73,BAMLH0A0HYM2
2014-05-05,3.74,BAMLH0A0HYM2
2014-05-06,3.72,BAMLH0A0HYM2
2014-05-07,3.74,BAMLH0A0HYM2
2014-05-08,3.75,BAMLH0A0HYM2
2014-05-09,3.74,BAMLH0A0HYM2
2014-05-12,3.7,BAMLH0A0HYM2
2014-05-13,3.7,BAMLH0A0HYM2
2014-05-14,3.73,BAMLH0A0HYM2
2014-05-15,3.78,BAMLH0A0HYM2
2014-05-16,3.77,BAMLH0A0HYM2
2014-05-19,3.76,BAMLH0A0HYM2
2014-05-20,3.77,BAMLH0A0HYM2
2014-05-21,3.77,BAMLH0A0HYM2
2014-05-22,3.78,BAMLH0A0HYM2
2014-05-23,3.78,BAMLH0A0HYM2
2014-05-26,3.78,BAMLH0A0HYM2
2014-05-27,3.76,BAMLH0A0HYM2
2014-05-28,3.8,BAMLH0A0HYM2
2014-05-29,3.78,BAMLH0A0HYM2
2014-05-30,3.75,BAMLH0A0HYM2
2014-05-31,3.67,BAMLH0A0HYM2
2014-06-02,3.61,BAMLH0A0HYM2
2014-06-03,3.59,BAMLH0A0HYM2
2014-06-04,3.59,BAMLH0A0HYM2
2014-06-05,3.59,BAMLH0A0HYM2
2014-06-06,3.53,BAMLH0A0HYM2
2014-06-09,3.5,BAMLH0A0HYM2
2014-06-10,3.46,BAMLH0A0HYM2
2014-06-11,3.46,BAMLH0A0HYM2
2014-06-12,3.5,BAMLH0A0HYM2
2014-06-13,3.47,BAMLH0A0HYM2
2014-06-16,3.43,BAMLH0A0HYM2
2014-06-17,3.39,BAMLH0A0HYM2
2014-06-18,3.41,BAMLH0A0HYM2
2014-06-19,3.39,BAMLH0A0HYM2
2014-06-20,3.36,BAMLH0A0HYM2
2014-06-23,3.35,BAMLH0A0HYM2
2014-06-24,3.37,BAMLH0A0HYM2
2014-06-25,3.43,BAMLH0A0HYM2
2014-06-26,3.47,BAMLH0A0HYM2
2014-06-27,3.48,BAMLH0A0HYM2
2014-06-30,3.53,BAMLH0A0HYM2
2014-07-01,3.5,BAMLH0A0HYM2
2014-07-02,3.46,BAMLH0A0HYM2
2014-07-03,3.44,BAMLH0A0HYM2
2014-07-04,3.44,BAMLH0A0HYM2
2014-07-07,3.44,BAMLH0A0HYM2
2014-07-08,3.48,BAMLH0A0HYM2
2014-07-09,3.51,BAMLH0A0HYM2
2014-07-10,3.62,BAMLH0A0HYM2
2014-07-11,3.61,BAMLH0A0HYM2
2014-07-14,3.57,BAMLH0A0HYM2
2014-07-15,3.6,BAMLH0A0HYM2
2014-07-16,3.63,BAMLH0A0HYM2
2014-07-17,3.74,BAMLH0A0HYM2
2014-07-18,3.78,BAMLH0A0HYM2
2014-07-21,3.8,BAMLH0A0HYM2
2014-07-22,3.79,BAMLH0A0HYM2
2014-07-23,3.77,BAMLH0A0HYM2
2014-07-24,3.72,BAMLH0A0HYM2
2014-07-25,3.75,BAMLH0A0HYM2
2014-07-28,3.74,BAMLH0A0HYM2
2014-07-29,3.8,BAMLH0A0HYM2
2014-07-30,3.79,BAMLH0A0HYM2
2014-07-31,4.04,BAMLH0A0HYM2
2014-08-01,4.25,BAMLH0A0HYM2
2014-08-04,4.24,BAMLH0A0HYM2
2014-08-05,4.17,BAMLH0A0HYM2
2014-08-06,4.21,BAMLH0A0HYM2
2014-08-07,4.2,BAMLH0A0HYM2
2014-08-08,4.2,BAMLH0A0HYM2
2014-08-11,4.12,BAMLH0A0HYM2
2014-08-12,4.07,BAMLH0A0HYM2
2014-08-13,4.03,BAMLH0A0HYM2
2014-08-14,3.97,BAMLH0A0HYM2
2014-08-15,3.97,BAMLH0A0HYM2
2014-08-18,3.89,BAMLH0A0HYM2
2014-08-19,3.85,BAMLH0A0HYM2
2014-08-20,3.79,BAMLH0A0HYM2
2014-08-21,3.81,BAMLH0A0HYM2
2014-08-22,3.79,BAMLH0A0HYM2
2014-08-25,3.77,BAMLH0A0HYM2
2014-08-26,3.78,BAMLH0A0HYM2
2014-08-27,3.81,BAMLH0A0HYM2
2014-08-28,3.82,BAMLH0A0HYM2
2014-08-29,3.8,BAMLH0A0HYM2
2014-08-31,3.84,BAMLH0A0HYM2
2014-09-01,3.84,BAMLH0A0HYM2
2014-09-02,3.8,BAMLH0A0HYM2
2014-09-03,3.83,BAMLH0A0HYM2
2014-09-04,3.85,BAMLH0A0HYM2
2014-09-05,3.93,BAMLH0A0HYM2
2014-09-08,3.92,BAMLH0A0HYM2
2014-09-09,3.93,BAMLH0A0HYM2
2014-09-10,4.01,BAMLH0A0HYM2
2014-09-11,4.05,BAMLH0A0HYM2
2014-09-12,4.03,BAMLH0A0HYM2
2014-09-15,4.06,BAMLH0A0HYM2
2014-09-16,4.1,BAMLH0A0HYM2
2014-09-17,4.05,BAMLH0A0HYM2
2014-09-18,3.98,BAMLH0A0HYM2
2014-09-19,3.97,BAMLH0A0HYM2
2014-09-22,4.02,BAMLH0A0HYM2
2014-09-23,4.13,BAMLH0A0HYM2
2014-09-24,4.18,BAMLH0A0HYM2
2014-09-25,4.33,BAMLH0A0HYM2
2014-09-26,4.4,BAMLH0A0HYM2
2014-09-29,4.51,BAMLH0A0HYM2
2014-09-30,4.4,BAMLH0A0HYM2
2014-10-01,4.45,BAMLH0A0HYM2
2014-10-02,4.42,BAMLH0A0HYM2
2014-10-03,4.29,BAMLH0A0HYM2
2014-10-06,4.26,BAMLH0A0HYM2
2014-10-07,4.37,BAMLH0A0HYM2
2014-10-08,4.48,BAMLH0A0HYM2
2014-10-09,4.52,BAMLH0A0HYM2
2014-10-10,4.66,BAMLH0A0HYM2
2014-10-13,4.66,BAMLH0A0HYM2
2014-10-14,4.83,BAMLH0A0HYM2
2014-10-15,5.08,BAMLH0A0HYM2
2014-10-16,4.98,BAMLH0A0HYM2
2014-10-17,4.68,BAMLH0A0HYM2
2014-10-20,4.68,BAMLH0A0HYM2
2014-10-21,4.5,BAMLH0A0HYM2
2014-10-22,4.44,BAMLH0A0HYM2
2014-10-23,4.38,BAMLH0A0HYM2
2014-10-24,4.38,BAMLH0A0HYM2
2014-10-27,4.41,BAMLH0A0HYM2
2014-10-28,4.39,BAMLH0A0HYM2
2014-10-29,4.32,BAMLH0A0HYM2
2014-10-30,4.35,BAMLH0A0HYM2
2014-10-31,4.3,BAMLH0A0HYM2
2014-11-03,4.29,BAMLH0A0HYM2
2014-11-04,4.35,BAMLH0A0HYM2
2014-11-05,4.32,BAMLH0A0HYM2
2014-11-06,4.3,BAMLH0A0HYM2
2014-11-07,4.36,BAMLH0A0HYM2
2014-11-10,4.32,BAMLH0A0HYM2
2014-11-11,4.32,BAMLH0A0HYM2
2014-11-12,4.33,BAMLH0A0HYM2
2014-11-13,4.37,BAMLH0A0HYM2
2014-11-14,4.43,BAMLH0A0HYM2
2014-11-17,4.46,BAMLH0A0HYM2
2014-11-18,4.53,BAMLH0A0HYM2
2014-11-19,4.57,BAMLH0A0HYM2
2014-11-20,4.61,BAMLH0A0HYM2
2014-11-21,4.54,BAMLH0A0HYM2
2014-11-24,4.54,BAMLH0A0HYM2
2014-11-25,4.54,BAMLH0A0HYM2
2014-11-26,4.56,BAMLH0A0HYM2
2014-11-27,4.56,BAMLH0A0HYM2
2014-11-28,4.64,BAMLH0A0HYM2
2014-11-30,4.67,BAMLH0A0HYM2
2014-12-01,4.82,BAMLH0A0HYM2
2014-12-02,4.82,BAMLH0A0HYM2
2014-12-03,4.81,BAMLH0A0HYM2
2014-12-04,4.83,BAMLH0A0HYM2
2014-12-05,4.77,BAMLH0A0HYM2
2014-12-08,4.87,BAMLH0A0HYM2
2014-12-09,5.06,BAMLH0A0HYM2
2014-12-10,5.21,BAMLH0A0HYM2
2014-12-11,5.25,BAMLH0A0HYM2
2014-12-12,5.47,BAMLH0A0HYM2
2014-12-15,5.52,BAMLH0A0HYM2
2014-12-16,5.71,BAMLH0A0HYM2
2014-12-17,5.48,BAMLH0A0HYM2
2014-12-18,5.15,BAMLH0A0HYM2
2014-12-19,5.09,BAMLH0A0HYM2
2014-12-22,5.03,BAMLH0A0HYM2
2014-12-23,4.94,BAMLH0A0HYM2
2014-12-24,4.93,BAMLH0A0HYM2
2014-12-25,,BAMLH0A0HYM2
2014-12-26,4.93,BAMLH0A0HYM2
2014-12-29,4.96,BAMLH0A0HYM2
2014-12-30,4.98,BAMLH0A0HYM2
2014-12-31,5.04,BAMLH0A0HYM2
2015-01-01,,BAMLH0A0HYM2
2015-01-02,5.08,BAMLH0A0HYM2
2015-01-05,5.21,BAMLH0A0HYM2
2015-01-06,5.37,BAMLH0A0HYM2
2015-01-07,5.31,BAMLH0A0HYM2
2015-01-08,5.17,BAMLH0A0HYM2
2015-01-09,5.2,BAMLH0A0HYM2
2015-01-12,5.27,BAMLH0A0HYM2
2015-01-13,5.28,BAMLH0A0HYM2
2015-01-14,5.39,BAMLH0A0HYM2
2015-01-15,5.42,BAMLH0A0HYM2
2015-01-16,,BAMLH0A0HYM2
2015-01-19,5.39,BAMLH0A0HYM2
2015-01-20,5.39,BAMLH0A0HYM2
2015-01-21,5.36,BAMLH0A0HYM2
2015-01-22,5.27,BAMLH0A0HYM2
2015-01-23,5.3,BAMLH0A0HYM2
2015-01-26,5.26,BAMLH0A0HYM2
2015-01-27,5.29,BAMLH0A0HYM2
2015-01-28,5.31,BAMLH0A0HYM2
2015-01-29,5.28,BAMLH0A0HYM2
2015-01-30,5.37,BAMLH0A0HYM2
2015-01-31,5.26,BAMLH0A0HYM2
2015-02-02,5.26,BAMLH0A0HYM2
2015-02-03,5.11,BAMLH0A0HYM2
2015-02-04,5.05,BAMLH0A0HYM2
2015-02-05,4.99,BAMLH0A0HYM2
2015-02-06,4.78,BAMLH0A0HYM2
2015-02-09,4.8,BAMLH0A0HYM2
2015-02-10,4.75,BAMLH0A0HYM2
2015-02-11,4.76,BAMLH0A0HYM2
2015-02-12,4.74,BAMLH0A0HYM2
2015-02-13,4.71,BAMLH0A0HYM2
2015-02-16,4.69,BAMLH0A0HYM2
2015-02-17,4.57,BAMLH0A0HYM2
2015-02-18,4.62,BAMLH0A0HYM2
2015-02-19,4.58,BAMLH0A0HYM2
2015-02-20,4.53,BAMLH0A0HYM2
2015-02-23,4.56,BAMLH0A0HYM2
2015-02-24,4.58,BAMLH0A0HYM2
2015-02-25,4.54,BAMLH0A0HYM2
2015-02-26,4.43,BAMLH0A0HYM2
2015-02-27,4.43,BAMLH0A0HYM2
2015-02-28,4.46,BAMLH0A0HYM2
2015-03-02,4.38,BAMLH0A0HYM2
2015-03-03,4.38,BAMLH0A0HYM2
2015-03-04,4.44,BAMLH0A0HYM2
2015-03-05,4.46,BAMLH0A0HYM2
2015-03-06,4.42,BAMLH0A0HYM2
2015-03-09,4.51,BAMLH0A0HYM2
2015-03-10,4.66,BAMLH0A0HYM2
2015-03-11,4.61,BAMLH0A0HYM2
2015-03-12,4.62,BAMLH0A0HYM2
2015-03-13,4.68,BAMLH0A0HYM2
2015-03-16,4.72,BAMLH0A0HYM2
2015-03-17,4.79,BAMLH0A0HYM2
2015-03-18,4.91,BAMLH0A0HYM2
2015-03-19,4.79,BAMLH0A0HYM2
2015-03-20,4.81,BAMLH0A0HYM2
2015-03-23,4.82,BAMLH0A0HYM2
2015-03-24,4.81,BAMLH0A0HYM2
2015-03-25,4.76,BAMLH0A0HYM2
2015-03-26,4.74,BAMLH0A0HYM2
2015-03-27,4.76,BAMLH0A0HYM2
2015-03-30,4.73,BAMLH0A0HYM2
2015-03-31,4.82,BAMLH0A0HYM2
2015-04-01,4.86,BAMLH0A0HYM2
2015-04-02,4.82,BAMLH0A0HYM2
2015-04-03,,BAMLH0A0HYM2
2015-04-06,4.8,BAMLH0A0HYM2
2015-04-07,4.72,BAMLH0A0HYM2
2015-04-08,4.67,BAMLH0A0HYM2
2015-04-09,4.62,BAMLH0A0HYM2
2015-04-10,4.6,BAMLH0A0HYM2
2015-04-13,4.6,BAMLH0A0HYM2
2015-04-14,4.62,BAMLH0A0HYM2
2015-04-15,4.58,BAMLH0A0HYM2
2015-04-16,4.61,BAMLH0A0HYM2
2015-04-17,4.66,BAMLH0A0HYM2
2015-04-20,4.6,BAMLH0A0HYM2
2015-04-21,4.57,BAMLH0A0HYM2
2015-04-22,4.53,BAMLH0A0HYM2
2015-04-23,4.55,BAMLH0A0HYM2
2015-04-24,4.56,BAMLH0A0HYM2
2015-04-27,4.55,BAMLH0A0HYM2
2015-04-28,4.52,BAMLH0A0HYM2
2015-04-29,4.53,BAMLH0A0HYM2
2015-04-30,4.59,BAMLH0A0HYM2
2015-05-01,4.53,BAMLH0A0HYM2
2015-05-04,4.51,BAMLH0A0HYM2
2015-05-05,4.48,BAMLH0A0HYM2
2015-05-06,4.5,BAMLH0A0HYM2
2015-05-07,4.55,BAMLH0A0HYM2
2015-05-08,4.53,BAMLH0A0HYM2
2015-05-11,4.45,BAMLH0A0HYM2
2015-05-12,4.56,BAMLH0A0HYM2
2015-05-13,4.51,BAMLH0A0HYM2
2015-05-14,4.52,BAMLH0A0HYM2
2015-05-15,4.55,BAMLH0A0HYM2
2015-05-18,4.49,BAMLH0A0HYM2
2015-05-19,4.46,BAMLH0A0HYM2
2015-05-20,4.49,BAMLH0A0HYM2
2015-05-21,4.51,BAMLH0A0HYM2
2015-05-22,4.47,BAMLH0A0HYM2
2015-05-25,,BAMLH0A0HYM2
2015-05-26,4.51,BAMLH0A0HYM2
2015-05-27,4.48,BAMLH0A0HYM2
2015-05-28,4.5,BAMLH0A0HYM2
2015-05-29,4.52,BAMLH0A0HYM2
2015-05-31,4.58,BAMLH0A0HYM2
2015-06-01,4.52,BAMLH0A0HYM2
2015-06-02,4.49,BAMLH0A0HYM2
2015-06-03,4.46,BAMLH0A0HYM2
2015-06-04,4.56,BAMLH0A0HYM2
2015-06-05,4.56,BAMLH0A0HYM2
2015-06-08,4.61,BAMLH0A0HYM2
2015-06-09,4.66,BAMLH0A0HYM2
2015-06-10,4.6,BAMLH0A0HYM2
2015-06-11,4.62,BAMLH0A0HYM2
2015-06-12,4.63,BAMLH0A0HYM2
2015-06-15,4.71,BAMLH0A0HYM2
2015-06-16,4.77,BAMLH0A0HYM2
2015-06-17,4.76,BAMLH0A0HYM2
2015-06-18,4.71,BAMLH0A0HYM2
2015-06-19,4.73,BAMLH0A0HYM2
2015-06-22,4.62,BAMLH0A0HYM2
2015-06-23,4.62,BAMLH0A0HYM2
2015-06-24,4.66,BAMLH0A0HYM2
2015-06-25,4.67,BAMLH0A0HYM2
2015-06-26,4.65,BAMLH0A0HYM2
2015-06-29,4.91,BAMLH0A0HYM2
2015-06-30,5.0,BAMLH0A0HYM2
2015-07-01,4.88,BAMLH0A0HYM2
2015-07-02,4.91,BAMLH0A0HYM2
2015-07-03,4.91,BAMLH0A0HYM2
2015-07-06,5.07,BAMLH0A0HYM2
2015-07-07,5.13,BAMLH0A0HYM2
2015-07-08,5.21,BAMLH0A0HYM2
2015-07-09,5.11,BAMLH0A0HYM2
2015-07-10,4.97,BAMLH0A0HYM2
2015-07-13,4.93,BAMLH0A0HYM2
2015-07-14,4.94,BAMLH0A0HYM2
2015-07-15,4.93,BAMLH0A0HYM2
2015-07-16,4.91,BAMLH0A0HYM2
2015-07-17,4.95,BAMLH0A0HYM2
2015-07-20,4.96,BAMLH0A0HYM2
2015-07-21,5.06,BAMLH0A0HYM2
2015-07-22,5.16,BAMLH0A0HYM2
2015-07-23,5.21,BAMLH0A0HYM2
2015-07-24,5.32,BAMLH0A0HYM2
2015-07-27,5.49,BAMLH0A0HYM2
2015-07-28,5.44,BAMLH0A0HYM2
2015-07-29,5.33,BAMLH0A0HYM2
2015-07-30,5.26,BAMLH0A0HYM2
2015-07-31,5.36,BAMLH0A0HYM2
2015-08-03,5.45,BAMLH0A0HYM2
2015-08-04,5.41,BAMLH0A0HYM2
2015-08-05,5.29,BAMLH0A0HYM2
2015-08-06,5.4,BAMLH0A0HYM2
2015-08-07,5.52,BAMLH0A0HYM2
2015-08-10,5.51,BAMLH0A0HYM2
2015-08-11,5.67,BAMLH0A0HYM2
2015-08-12,5.79,BAMLH0A0HYM2
2015-08-13,5.66,BAMLH0A0HYM2
2015-08-14,5.52,BAMLH0A0HYM2
2015-08-17,5.58,BAMLH0A0HYM2
2015-08-18,5.56,BAMLH0A0HYM2
2015-08-19,5.68,BAMLH0A0HYM2
2015-08-20,5.75,BAMLH0A0HYM2
2015-08-21,5.86,BAMLH0A0HYM2
2015-08-24,6.14,BAMLH0A0HYM2
2015-08-25,5.9,BAMLH0A0HYM2
2015-08-26,5.91,BAMLH0A0HYM2
2015-08-27,5.8,BAMLH0A0HYM2
2015-08-28,5.72,BAMLH0A0HYM2
2015-08-31,5.7,BAMLH0A0HYM2
2015-09-01,5.78,BAMLH0A0HYM2
2015-09-02,5.73,BAMLH0A0HYM2
2015-09-03,5.7,BAMLH0A0HYM2
2015-09-04,5.74,BAMLH0A0HYM2
2015-09-07,5.74,BAMLH0A0HYM2
2015-09-08,5.64,BAMLH0A0HYM2
2015-09-09,5.59,BAMLH0A0HYM2
2015-09-10,5.58,BAMLH0A0HYM2
2015-09-11,5.62,BAMLH0A0HYM2
2015-09-14,5.62,BAMLH0A0HYM2
2015-09-15,5.54,BAMLH0A0HYM2
2015-09-16,5.59,BAMLH0A0HYM2
2015-09-17,5.71,BAMLH0A0HYM2
2015-09-18,5.8,BAMLH0A0HYM2
2015-09-21,5.77,BAMLH0A0HYM2
2015-09-22,5.98,BAMLH0A0HYM2
2015-09-23,5.98,BAMLH0A0HYM2
2015-09-24,6.14,BAMLH0A0HYM2
2015-09-25,6.15,BAMLH0A0HYM2
2015-09-28,6.48,BAMLH0A0HYM2
2015-09-29,6.6,BAMLH0A0HYM2
2015-09-30,6.62,BAMLH0A0HYM2
2015-10-01,6.67,BAMLH0A0HYM2
2015-10-02,6.83,BAMLH0A0HYM2
2015-10-05,6.62,BAMLH0A0HYM2
2015-10-06,6.52,BAMLH0A0HYM2
2015-10-07,6.32,BAMLH0A0HYM2
2015-10-08,6.26,BAMLH0A0HYM2
2015-10-09,6.13,BAMLH0A0HYM2
2015-10-12,6.13,BAMLH0A0HYM2
2015-10-13,6.24,BAMLH0A0HYM2
2015-10-14,6.31,BAMLH0A0HYM2
2015-10-15,6.26,BAMLH0A0HYM2
2015-10-16,6.18,BAMLH0A0HYM2
2015-10-19,6.16,BAMLH0A0HYM2
2015-10-20,6.06,BAMLH0A0HYM2
2015-10-21,6.07,BAMLH0A0HYM2
2015-10-22,6.1,BAMLH0A0HYM2
2015-10-23,5.97,BAMLH0A0HYM2
2015-10-26,6.0,BAMLH0A0HYM2
2015-10-27,6.07,BAMLH0A0HYM2
2015-10-28,5.97,BAMLH0A0HYM2
2015-10-29,5.89,BAMLH0A0HYM2
2015-10-30,5.88,BAMLH0A0HYM2
2015-10-31,5.9,BAMLH0A0HYM2
2015-11-02,5.84,BAMLH0A0HYM2
2015-11-03,5.77,BAMLH0A0HYM2
2015-11-04,5.73,BAMLH0A0HYM2
2015-11-05,5.8,BAMLH0A0HYM2
2015-11-06,5.82,BAMLH0A0HYM2
2015-11-09,5.94,BAMLH0A0HYM2
2015-11-10,6.02,BAMLH0A0HYM2
2015-11-11,6.02,BAMLH0A0HYM2
2015-11-12,6.13,BAMLH0A0HYM2
2015-11-13,6.24,BAMLH0A0HYM2
2015-11-16,6.28,BAMLH0A0HYM2
2015-11-17,6.19,BAMLH0A0HYM2
2015-11-18,6.2,BAMLH0A0HYM2
2015-11-19,6.28,BAMLH0A0HYM2
2015-11-20,6.32,BAMLH0A0HYM2
2015-11-23,6.35,BAMLH0A0HYM2
2015-11-24,6.41,BAMLH0A0HYM2
2015-11-25,6.37,BAMLH0A0HYM2
2015-11-26,6.37,BAMLH0A0HYM2
2015-11-27,6.38,BAMLH0A0HYM2
2015-11-30,6.4,BAMLH0A0HYM2
2015-12-01,6.4,BAMLH0A0HYM2
2015-12-02,6.34,BAMLH0A0HYM2
2015-12-03,6.32,BAMLH0A0HYM2
2015-12-04,6.37,BAMLH0A0HYM2
2015-12-07,6.51,BAMLH0A0HYM2
2015-12-08,6.65,BAMLH0A0HYM2
2015-12-09,6.72,BAMLH0A0HYM2
2015-12-10,6.71,BAMLH0A0HYM2
2015-12-11,7.1,BAMLH0A0HYM2
2015-12-14,7.33,BAMLH0A0HYM2
2015-12-15,7.09,BAMLH0A0HYM2
2015-12-16,6.98,BAMLH0A0HYM2
2015-12-17,7.01,BAMLH0A0HYM2
2015-12-18,7.2,BAMLH0A0HYM2
2015-12-21,7.25,BAMLH0A0HYM2
2015-12-22,7.15,BAMLH0A0HYM2
2015-12-23,7.05,BAMLH0A0HYM2
2015-12-24,7.05,BAMLH0A0HYM2
2015-12-25,,BAMLH0A0HYM2
2015-12-28,7.07,BAMLH0A0HYM2
2015-12-29,6.96,BAMLH0A0HYM2
2015-12-30,6.95,BAMLH0A0HYM2
2015-12-31,6.95,BAMLH0A0HYM2
2016-01-01,,BAMLH0A0HYM2
2016-01-04,7.1,BAMLH0A0HYM2
2016-01-05,7.03,BAMLH0A0HYM2
2016-01-06,7.11,BAMLH0A0HYM2
2016-01-07,7.24,BAMLH0A0HYM2
2016-01-08,7.23,BAMLH0A0HYM2
2016-01-11,7.31,BAMLH0A0HYM2
2016-01-12,7.38,BAMLH0A0HYM2
2016-01-13,7.5,BAMLH0A0HYM2
2016-01-14,7.57,BAMLH0A0HYM2
2016-01-15,7.89,BAMLH0A0HYM2
2016-01-18,7.9,BAMLH0A0HYM2
2016-01-19,7.88,BAMLH0A0HYM2
2016-01-20,8.27,BAMLH0A0HYM2
2016-01-21,8.13,BAMLH0A0HYM2
2016-01-22,7.87,BAMLH0A0HYM2
2016-01-25,7.85,BAMLH0A0HYM2
2016-01-26,7.83,BAMLH0A0HYM2
2016-01-27,7.78,BAMLH0A0HYM2
2016-01-28,7.75,BAMLH0A0HYM2
2016-01-29,7.74,BAMLH0A0HYM2
2016-01-31,7.77,BAMLH0A0HYM2
2016-02-01,7.79,BAMLH0A0HYM2
2016-02-02,7.98,BAMLH0A0HYM2
2016-02-03,8.03,BAMLH0A0HYM2
2016-02-04,8.03,BAMLH0A0HYM2
2016-02-05,8.1,BAMLH0A0HYM2
2016-02-08,8.51,BAMLH0A0HYM2
2016-02-09,8.62,BAMLH0A0HYM2
2016-02-10,8.53,BAMLH0A0HYM2
2016-02-11,8.87,BAMLH0A0HYM2
2016-02-12,8.64,BAMLH0A0HYM2
2016-02-15,8.59,BAMLH0A0HYM2
2016-02-16,8.45,BAMLH0A0HYM2
2016-02-17,8.21,BAMLH0A0HYM2
2016-02-18,8.17,BAMLH0A0HYM2
2016-02-19,8.23,BAMLH0A0HYM2
2016-02-22,8.09,BAMLH0A0HYM2
2016-02-23,8.1,BAMLH0A0HYM2
2016-02-24,8.17,BAMLH0A0HYM2
2016-02-25,8.08,BAMLH0A0HYM2
2016-02-26,7.8,BAMLH0A0HYM2
2016-02-29,7.75,BAMLH0A0HYM2
2016-03-01,7.46,BAMLH0A0HYM2
2016-03-02,7.31,BAMLH0A0HYM2
2016-03-03,7.28,BAMLH0A0HYM2
2016-03-04,7.08,BAMLH0A0HYM2
2016-03-07,7.03,BAMLH0A0HYM2
2016-03-08,7.14,BAMLH0A0HYM2
2016-03-09,7.15,BAMLH0A0HYM2
2016-03-10,7.04,BAMLH0A0HYM2
2016-03-11,6.82,BAMLH0A0HYM2
2016-03-14,6.74,BAMLH0A0HYM2
2016-03-15,6.84,BAMLH0A0HYM2
2016-03-16,6.94,BAMLH0A0HYM2
2016-03-17,6.82,BAMLH0A0HYM2
2016-03-18,6.71,BAMLH0A0HYM2
2016-03-21,6.65,BAMLH0A0HYM2
2016-03-22,6.69,BAMLH0A0HYM2
2016-03-23,6.79,BAMLH0A0HYM2
2016-03-24,6.93,BAMLH0A0HYM2
2016-03-25,,BAMLH0A0HYM2
2016-03-28,6.99,BAMLH0A0HYM2
2016-03-29,7.14,BAMLH0A0HYM2
2016-03-30,7.03,BAMLH0A0HYM2
2016-03-31,7.05,BAMLH0A0HYM2
2016-04-01,7.05,BAMLH0A0HYM2
2016-04-04,7.03,BAMLH0A0HYM2
2016-04-05,7.13,BAMLH0A0HYM2
2016-04-06,7.04,BAMLH0A0HYM2
2016-04-07,7.11,BAMLH0A0HYM2
2016-04-08,7.03,BAMLH0A0HYM2
2016-04-11,7.0,BAMLH0A0HYM2
2016-04-12,6.87,BAMLH0A0HYM2
2016-04-13,6.71,BAMLH0A0HYM2
2016-04-14,6.6,BAMLH0A0HYM2
2016-04-15,6.62,BAMLH0A0HYM2
2016-04-18,6.62,BAMLH0A0HYM2
2016-04-19,6.46,BAMLH0A0HYM2
2016-04-20,6.31,BAMLH0A0HYM2
2016-04-21,6.29,BAMLH0A0HYM2
2016-04-22,6.29,BAMLH0A0HYM2
2016-04-25,6.32,BAMLH0A0HYM2
2016-04-26,6.26,BAMLH0A0HYM2
2016-04-27,6.25,BAMLH0A0HYM2
2016-04-28,6.19,BAMLH0A0HYM2
2016-04-29,6.24,BAMLH0A0HYM2
2016-04-30,6.21,BAMLH0A0HYM2
2016-05-02,6.16,BAMLH0A0HYM2
2016-05-03,6.31,BAMLH0A0HYM2
2016-05-04,6.39,BAMLH0A0HYM2
2016-05-05,6.42,BAMLH0A0HYM2
2016-05-06,6.48,BAMLH0A0HYM2
2016-05-09,6.53,BAMLH0A0HYM2
2016-05-10,6.46,BAMLH0A0HYM2
2016-05-11,6.4,BAMLH0A0HYM2
2016-05-12,6.36,BAMLH0A0HYM2
2016-05-13,6.41,BAMLH0A0HYM2
2016-05-16,6.3,BAMLH0A0HYM2
2016-05-17,6.26,BAMLH0A0HYM2
2016-05-18,6.16,BAMLH0A0HYM2
2016-05-19,6.29,BAMLH0A0HYM2
2016-05-20,6.22,BAMLH0A0HYM2
2016-05-23,6.21,BAMLH0A0HYM2
2016-05-24,6.13,BAMLH0A0HYM2
2016-05-25,6.04,BAMLH0A0HYM2
2016-05-26,6.08,BAMLH0A0HYM2
2016-05-27,6.08,BAMLH0A0HYM2
2016-05-30,6.08,BAMLH0A0HYM2
2016-05-31,5.97,BAMLH0A0HYM2
2016-06-01,6.01,BAMLH0A0HYM2
2016-06-02,6.0,BAMLH0A0HYM2
2016-06-03,6.09,BAMLH0A0HYM2
2016-06-06,6.0,BAMLH0A0HYM2
2016-06-07,5.92,BAMLH0A0HYM2
2016-06-08,5.82,BAMLH0A0HYM2
2016-06-09,5.86,BAMLH0A0HYM2
2016-06-10,5.98,BAMLH0A0HYM2
2016-06-13,6.07,BAMLH0A0HYM2
2016-06-14,6.19,BAMLH0A0HYM2
2016-06-15,6.18,BAMLH0A0HYM2
2016-06-16,6.32,BAMLH0A0HYM2
2016-06-17,6.21,BAMLH0A0HYM2
2016-06-20,6.0,BAMLH0A0HYM2
2016-06-21,6.0,BAMLH0A0HYM2
2016-06-22,5.96,BAMLH0A0HYM2
2016-06-23,5.83,BAMLH0A0HYM2
2016-06-24,6.33,BAMLH0A0HYM2
2016-06-27,6.57,BAMLH0A0HYM2
2016-06-28,6.48,BAMLH0A0HYM2
2016-06-29,6.26,BAMLH0A0HYM2
2016-06-30,6.21,BAMLH0A0HYM2
2016-07-01,6.12,BAMLH0A0HYM2
2016-07-04,6.12,BAMLH0A0HYM2
2016-07-05,6.16,BAMLH0A0HYM2
2016-07-06,6.14,BAMLH0A0HYM2
2016-07-07,6.02,BAMLH0A0HYM2
2016-07-08,5.88,BAMLH0A0HYM2
2016-07-11,5.66,BAMLH0A0HYM2
2016-07-12,5.46,BAMLH0A0HYM2
2016-07-13,5.58,BAMLH0A0HYM2
2016-07-14,5.44,BAMLH0A0HYM2
2016-07-15,5.42,BAMLH0A0HYM2
2016-07-18,5.44,BAMLH0A0HYM2
2016-07-19,5.45,BAMLH0A0HYM2
2016-07-20,5.4,BAMLH0A0HYM2
2016-07-21,5.41,BAMLH0A0HYM2
2016-07-22,5.39,BAMLH0A0HYM2
2016-07-25,5.39,BAMLH0A0HYM2
2016-07-26,5.45,BAMLH0A0HYM2
2016-07-27,5.51,BAMLH0A0HYM2
2016-07-28,5.54,BAMLH0A0HYM2
2016-07-29,5.61,BAMLH0A0HYM2
2016-07-31,5.69,BAMLH0A0HYM2
2016-08-01,5.69,BAMLH0A0HYM2
2016-08-02,5.73,BAMLH0A0HYM2
2016-08-03,5.72,BAMLH0A0HYM2
2016-08-04,5.65,BAMLH0A0HYM2
2016-08-05,5.46,BAMLH0A0HYM2
2016-08-08,5.42,BAMLH0A0HYM2
2016-08-09,5.36,BAMLH0A0HYM2
2016-08-10,5.38,BAMLH0A0HYM2
2016-08-11,5.31,BAMLH0A0HYM2
2016-08-12,5.34,BAMLH0A0HYM2
2016-08-15,5.23,BAMLH0A0HYM2
2016-08-16,5.17,BAMLH0A0HYM2
2016-08-17,5.19,BAMLH0A0HYM2
2016-08-18,5.2,BAMLH0A0HYM2
2016-08-19,5.15,BAMLH0A0HYM2
2016-08-22,5.18,BAMLH0A0HYM2
2016-08-23,5.14,BAMLH0A0HYM2
2016-08-24,5.13,BAMLH0A0HYM2
2016-08-25,5.14,BAMLH0A0HYM2
2016-08-26,5.04,BAMLH0A0HYM2
2016-08-29,5.1,BAMLH0A0HYM2
2016-08-30,5.07,BAMLH0A0HYM2
2016-08-31,5.1,BAMLH0A0HYM2
2016-09-01,5.12,BAMLH0A0HYM2
2016-09-02,5.09,BAMLH0A0HYM2
2016-09-05,5.09,BAMLH0A0HYM2
2016-09-06,5.09,BAMLH0A0HYM2
2016-09-07,5.07,BAMLH0A0HYM2
2016-09-08,4.99,BAMLH0A0HYM2
2016-09-09,5.1,BAMLH0A0HYM2
2016-09-12,5.18,BAMLH0A0HYM2
2016-09-13,5.24,BAMLH0A0HYM2
2016-09-14,5.26,BAMLH0A0HYM2
2016-09-15,5.26,BAMLH0A0HYM2
2016-09-16,5.27,BAMLH0A0HYM2
2016-09-19,5.25,BAMLH0A0HYM2
2016-09-20,5.24,BAMLH0A0HYM2
2016-09-21,5.22,BAMLH0A0HYM2
2016-09-22,5.09,BAMLH0A0HYM2
2016-09-23,5.1,BAMLH0A0HYM2
2016-09-26,5.16,BAMLH0A0HYM2
2016-09-27,5.18,BAMLH0A0HYM2
2016-09-28,5.14,BAMLH0A0HYM2
2016-09-29,5.09,BAMLH0A0HYM2
2016-09-30,4.97,BAMLH0A0HYM2
2016-10-03,4.93,BAMLH0A0HYM2
2016-10-04,4.85,BAMLH0A0HYM2
2016-10-05,4.78,BAMLH0A0HYM2
2016-10-06,4.75,BAMLH0A0HYM2
2016-10-07,4.76,BAMLH0A0HYM2
2016-10-10,4.76,BAMLH0A0HYM2
2016-10-11,4.75,BAMLH0A0HYM2
2016-10-12,4.75,BAMLH0A0HYM2
2016-10-13,4.82,BAMLH0A0HYM2
2016-10-14,4.72,BAMLH0A0HYM2
2016-10-17,4.76,BAMLH0A0HYM2
2016-10-18,4.72,BAMLH0A0HYM2
2016-10-19,4.66,BAMLH0A0HYM2
2016-10-20,4.62,BAMLH0A0HYM2
2016-10-21,4.62,BAMLH0A0HYM2
2016-10-24,4.6,BAMLH0A0HYM2
2016-10-25,4.6,BAMLH0A0HYM2
2016-10-26,4.66,BAMLH0A0HYM2
2016-10-27,4.69,BAMLH0A0HYM2
2016-10-28,4.76,BAMLH0A0HYM2
2016-10-31,4.91,BAMLH0A0HYM2
2016-11-01,5.05,BAMLH0A0HYM2
2016-11-02,5.15,BAMLH0A0HYM2
2016-11-03,5.15,BAMLH0A0HYM2
2016-11-04,5.2,BAMLH0A0HYM2
2016-11-07,5.01,BAMLH0A0HYM2
2016-11-08,4.98,BAMLH0A0HYM2
2016-11-09,4.94,BAMLH0A0HYM2
2016-11-10,4.97,BAMLH0A0HYM2
2016-11-11,4.97,BAMLH0A0HYM2
2016-11-14,5.11,BAMLH0A0HYM2
2016-11-15,4.94,BAMLH0A0HYM2
2016-11-16,4.94,BAMLH0A0HYM2
2016-11-17,4.85,BAMLH0A0HYM2
2016-11-18,4.84,BAMLH0A0HYM2
2016-11-21,4.78,BAMLH0A0HYM2
2016-11-22,4.7,BAMLH0A0HYM2
2016-11-23,4.66,BAMLH0A0HYM2
2016-11-24,4.66,BAMLH0A0HYM2
2016-11-25,4.64,BAMLH0A0HYM2
2016-11-28,4.66,BAMLH0A0HYM2
2016-11-29,4.69,BAMLH0A0HYM2
2016-11-30,4.67,BAMLH0A0HYM2
2016-12-01,4.62,BAMLH0A0HYM2
2016-12-02,4.64,BAMLH0A0HYM2
2016-12-05,4.58,BAMLH0A0HYM2
2016-12-06,4.5,BAMLH0A0HYM2
2016-12-07,4.42,BAMLH0A0HYM2
2016-12-08,4.38,BAMLH0A0HYM2
2016-12-09,4.28,BAMLH0A0HYM2
2016-12-12,4.25,BAMLH0A0HYM2
2016-12-13,4.2,BAMLH0A0HYM2
2016-12-14,4.12,BAMLH0A0HYM2
2016-12-15,4.2,BAMLH0A0HYM2
2016-12-16,4.21,BAMLH0A0HYM2
2016-12-19,4.23,BAMLH0A0HYM2
2016-12-20,4.2,BAMLH0A0HYM2
2016-12-21,4.19,BAMLH0A0HYM2
2016-12-22,4.17,BAMLH0A0HYM2
2016-12-23,4.16,BAMLH0A0HYM2
2016-12-26,,BAMLH0A0HYM2
2016-12-27,4.11,BAMLH0A0HYM2
2016-12-28,4.15,BAMLH0A0HYM2
2016-12-29,4.18,BAMLH0A0HYM2
2016-12-30,4.21,BAMLH0A0HYM2
2016-12-31,4.22,BAMLH0A0HYM2
2017-01-02,,BAMLH0A0HYM2
2017-01-03,4.13,BAMLH0A0HYM2
2017-01-04,4.02,BAMLH0A0HYM2
2017-01-05,4.04,BAMLH0A0HYM2
2017-01-06,3.98,BAMLH0A0HYM2
2017-01-09,4.02,BAMLH0A0HYM2
2017-01-10,4.0,BAMLH0A0HYM2
2017-01-11,4.03,BAMLH0A0HYM2
2017-01-12,4.05,BAMLH0A0HYM2
2017-01-13,4.02,BAMLH0A0HYM2
2017-01-16,4.0,BAMLH0A0HYM2
2017-01-17,4.06,BAMLH0A0HYM2
2017-01-18,4.01,BAMLH0A0HYM2
2017-01-19,3.99,BAMLH0A0HYM2
2017-01-20,4.02,BAMLH0A0HYM2
2017-01-23,4.1,BAMLH0A0HYM2
2017-01-24,4.02,BAMLH0A0HYM2
2017-01-25,3.93,BAMLH0A0HYM2
2017-01-26,3.93,BAMLH0A0HYM2
2017-01-27,3.93,BAMLH0A0HYM2
2017-01-30,3.96,BAMLH0A0HYM2
2017-01-31,4.0,BAMLH0A0HYM2
2017-02-01,3.95,BAMLH0A0HYM2
2017-02-02,3.93,BAMLH0A0HYM2
2017-02-03,3.86,BAMLH0A0HYM2
2017-02-06,3.91,BAMLH0A0HYM2
2017-02-07,3.93,BAMLH0A0HYM2
2017-02-08,3.98,BAMLH0A0HYM2
2017-02-09,3.93,BAMLH0A0HYM2
2017-02-10,3.9,BAMLH0A0HYM2
2017-02-13,3.86,BAMLH0A0HYM2
2017-02-14,3.8,BAMLH0A0HYM2
2017-02-15,3.77,BAMLH0A0HYM2
2017-02-16,3.83,BAMLH0A0HYM2
2017-02-17,3.86,BAMLH0A0HYM2
2017-02-20,3.86,BAMLH0A0HYM2
2017-02-21,3.81,BAMLH0A0HYM2
2017-02-22,3.78,BAMLH0A0HYM2
2017-02-23,3.77,BAMLH0A0HYM2
2017-02-24,3.84,BAMLH0A0HYM2
2017-02-27,3.75,BAMLH0A0HYM2
2017-02-28,3.74,BAMLH0A0HYM2
2017-03-01,3.57,BAMLH0A0HYM2
2017-03-02,3.55,BAMLH0A0HYM2
2017-03-03,3.6,BAMLH0A0HYM2
2017-03-06,3.66,BAMLH0A0HYM2
2017-03-07,3.73,BAMLH0A0HYM2
2017-03-08,3.79,BAMLH0A0HYM2
2017-03-09,3.88,BAMLH0A0HYM2
2017-03-10,3.89,BAMLH0A0HYM2
2017-03-13,3.94,BAMLH0A0HYM2
2017-03-14,4.05,BAMLH0A0HYM2
2017-03-15,4.02,BAMLH0A0HYM2
2017-03-16,3.88,BAMLH0A0HYM2
2017-03-17,3.91,BAMLH0A0HYM2
2017-03-20,3.97,BAMLH0A0HYM2
2017-03-21,4.04,BAMLH0A0HYM2
2017-03-22,4.16,BAMLH0A0HYM2
2017-03-23,4.11,BAMLH0A0HYM2
2017-03-24,4.07,BAMLH0A0HYM2
2017-03-27,4.12,BAMLH0A0HYM2
2017-03-28,4.01,BAMLH0A0HYM2
2017-03-29,3.94,BAMLH0A0HYM2
2017-03-30,3.85,BAMLH0A0HYM2
2017-03-31,3.92,BAMLH0A0HYM2
2017-04-03,3.98,BAMLH0A0HYM2
2017-04-04,3.98,BAMLH0A0HYM2
2017-04-05,3.91,BAMLH0A0HYM2
2017-04-06,3.93,BAMLH0A0HYM2
2017-04-07,3.86,BAMLH0A0HYM2
2017-04-10,3.86,BAMLH0A0HYM2
2017-04-11,3.94,BAMLH0A0HYM2
2017-04-12,3.96,BAMLH0A0HYM2
2017-04-13,4.03,BAMLH0A0HYM2
2017-04-14,,BAMLH0A0HYM2
2017-04-17,4.0,BAMLH0A0HYM2
2017-04-18,4.07,BAMLH0A0HYM2
2017-04-19,4.01,BAMLH0A0HYM2
2017-04-20,3.98,BAMLH0A0HYM2
2017-04-21,3.97,BAMLH0A0HYM2
2017-04-24,3.86,BAMLH0A0HYM2
2017-04-25,3.78,BAMLH0A0HYM2
2017-04-26,3.76,BAMLH0A0HYM2
2017-04-27,3.78,BAMLH0A0HYM2
2017-04-28,3.75,BAMLH0A0HYM2
2017-04-30,3.81,BAMLH0A0HYM2
2017-05-01,3.78,BAMLH0A0HYM2
2017-05-02,3.79,BAMLH0A0HYM2
2017-05-03,3.76,BAMLH0A0HYM2
2017-05-04,3.8,BAMLH0A0HYM2
2017-05-05,3.82,BAMLH0A0HYM2
2017-05-08,3.8,BAMLH0A0HYM2
2017-05-09,3.74,BAMLH0A0HYM2
2017-05-10,3.72,BAMLH0A0HYM2
2017-05-11,3.72,BAMLH0A0HYM2
2017-05-12,3.77,BAMLH0A0HYM2
2017-05-15,3.72,BAMLH0A0HYM2
2017-05-16,3.71,BAMLH0A0HYM2
2017-05-17,3.84,BAMLH0A0HYM2
2017-05-18,3.85,BAMLH0A0HYM2
2017-05-19,3.78,BAMLH0A0HYM2
2017-05-22,3.72,BAMLH0A0HYM2
2017-05-23,3.67,BAMLH0A0HYM2
2017-05-24,3.68,BAMLH0A0HYM2
2017-05-25,3.67,BAMLH0A0HYM2
2017-05-26,3.67,BAMLH0A0HYM2
2017-05-29,3.67,BAMLH0A0HYM2
2017-05-30,3.68,BAMLH0A0HYM2
2017-05-31,3.74,BAMLH0A0HYM2
2017-06-01,3.69,BAMLH0A0HYM2
2017-06-02,3.69,BAMLH0A0HYM2
2017-06-05,3.68,BAMLH0A0HYM2
2017-06-06,3.72,BAMLH0A0HYM2
2017-06-07,3.73,BAMLH0A0HYM2
2017-06-08,3.76,BAMLH0A0HYM2
2017-06-09,3.73,BAMLH0A0HYM2
2017-06-12,3.71,BAMLH0A0HYM2
2017-06-13,3.68,BAMLH0A0HYM2
2017-06-14,3.7,BAMLH0A0HYM2
2017-06-15,3.72,BAMLH0A0HYM2
2017-06-16,3.76,BAMLH0A0HYM2
2017-06-19,3.7,BAMLH0A0HYM2
2017-06-20,3.77,BAMLH0A0HYM2
2017-06-21,3.85,BAMLH0A0HYM2
2017-06-22,3.87,BAMLH0A0HYM2
2017-06-23,3.86,BAMLH0A0HYM2
2017-06-26,3.83,BAMLH0A0HYM2
2017-06-27,3.77,BAMLH0A0HYM2
2017-06-28,3.77,BAMLH0A0HYM2
2017-06-29,3.76,BAMLH0A0HYM2
2017-06-30,3.77,BAMLH0A0HYM2
2017-07-03,3.72,BAMLH0A0HYM2
2017-07-04,3.72,BAMLH0A0HYM2
2017-07-05,3.73,BAMLH0A0HYM2
2017-07-06,3.78,BAMLH0A0HYM2
2017-07-07,3.83,BAMLH0A0HYM2
2017-07-10,3.83,BAMLH0A0HYM2
2017-07-11,3.85,BAMLH0A0HYM2
2017-07-12,3.81,BAMLH0A0HYM2
2017-07-13,3.77,BAMLH0A0HYM2
2017-07-14,3.73,BAMLH0A0HYM2
2017-07-17,3.69,BAMLH0A0HYM2
2017-07-18,3.69,BAMLH0A0HYM2
2017-07-19,3.64,BAMLH0A0HYM2
2017-07-20,3.61,BAMLH0A0HYM2
2017-07-21,3.64,BAMLH0A0HYM2
2017-07-24,3.63,BAMLH0A0HYM2
2017-07-25,3.55,BAMLH0A0HYM2
2017-07-26,3.56,BAMLH0A0HYM2
2017-07-27,3.55,BAMLH0A0HYM2
2017-07-28,3.59,BAMLH0A0HYM2
2017-07-31,3.61,BAMLH0A0HYM2
2017-08-01,3.6,BAMLH0A0HYM2
2017-08-02,3.59,BAMLH0A0HYM2
2017-08-03,3.63,BAMLH0A0HYM2
2017-08-04,3.63,BAMLH0A0HYM2
2017-08-07,3.64,BAMLH0A0HYM2
2017-08-08,3.64,BAMLH0A0HYM2
2017-08-09,3.81,BAMLH0A0HYM2
2017-08-10,3.92,BAMLH0A0HYM2
2017-08-11,4.0,BAMLH0A0HYM2
2017-08-14,3.89,BAMLH0A0HYM2
2017-08-15,3.87,BAMLH0A0HYM2
2017-08-16,3.88,BAMLH0A0HYM2
2017-08-17,3.93,BAMLH0A0HYM2
2017-08-18,3.98,BAMLH0A0HYM2
2017-08-21,4.0,BAMLH0A0HYM2
2017-08-22,3.93,BAMLH0A0HYM2
2017-08-23,3.95,BAMLH0A0HYM2
2017-08-24,3.91,BAMLH0A0HYM2
2017-08-25,3.89,BAMLH0A0HYM2
2017-08-28,3.88,BAMLH0A0HYM2
2017-08-29,3.9,BAMLH0A0HYM2
2017-08-30,3.86,BAMLH0A0HYM2
2017-08-31,3.85,BAMLH0A0HYM2
2017-09-01,3.82,BAMLH0A0HYM2
2017-09-04,3.82,BAMLH0A0HYM2
2017-09-05,3.91,BAMLH0A0HYM2
2017-09-06,3.84,BAMLH0A0HYM2
2017-09-07,3.88,BAMLH0A0HYM2
2017-09-08,3.92,BAMLH0A0HYM2
2017-09-11,3.85,BAMLH0A0HYM2
2017-09-12,3.81,BAMLH0A0HYM2
2017-09-13,3.78,BAMLH0A0HYM2
2017-09-14,3.74,BAMLH0A0HYM2
2017-09-15,3.73,BAMLH0A0HYM2
2017-09-18,3.68,BAMLH0A0HYM2
2017-09-19,3.66,BAMLH0A0HYM2
2017-09-20,3.6,BAMLH0A0HYM2
2017-09-21,3.62,BAMLH0A0HYM2
2017-09-22,3.64,BAMLH0A0HYM2
2017-09-25,3.66,BAMLH0A0HYM2
2017-09-26,3.62,BAMLH0A0HYM2
2017-09-27,3.57,BAMLH0A0HYM2
2017-09-28,3.57,BAMLH0A0HYM2
2017-09-29,3.54,BAMLH0A0HYM2
2017-09-30,3.56,BAMLH0A0HYM2
2017-10-02,3.55,BAMLH0A0HYM2
2017-10-03,3.55,BAMLH0A0HYM2
2017-10-04,3.54,BAMLH0A0HYM2
2017-10-05,3.52,BAMLH0A0HYM2
2017-10-06,3.52,BAMLH0A0HYM2
2017-10-09,3.51,BAMLH0A0HYM2
2017-10-10,3.52,BAMLH0A0HYM2
2017-10-11,3.52,BAMLH0A0HYM2
2017-10-12,3.56,BAMLH0A0HYM2
2017-10-13,3.6,BAMLH0A0HYM2
2017-10-16,3.53,BAMLH0A0HYM2
2017-10-17,3.5,BAMLH0A0HYM2
2017-10-18,3.46,BAMLH0A0HYM2
2017-10-19,3.48,BAMLH0A0HYM2
2017-10-20,3.42,BAMLH0A0HYM2
2017-10-23,3.4,BAMLH0A0HYM2
2017-10-24,3.38,BAMLH0A0HYM2
2017-10-25,3.42,BAMLH0A0HYM2
2017-10-26,3.41,BAMLH0A0HYM2
2017-10-27,3.44,BAMLH0A0HYM2
2017-10-30,3.49,BAMLH0A0HYM2
2017-10-31,3.51,BAMLH0A0HYM2
2017-11-01,3.48,BAMLH0A0HYM2
2017-11-02,3.52,BAMLH0A0HYM2
2017-11-03,3.52,BAMLH0A0HYM2
2017-11-06,3.55,BAMLH0A0HYM2
2017-11-07,3.57,BAMLH0A0HYM2
2017-11-08,3.67,BAMLH0A0HYM2
2017-11-09,3.79,BAMLH0A0HYM2
2017-11-10,3.76,BAMLH0A0HYM2
2017-11-13,3.77,BAMLH0A0HYM2
2017-11-14,3.84,BAMLH0A0HYM2
2017-11-15,3.97,BAMLH0A0HYM2
2017-11-16,3.79,BAMLH0A0HYM2
2017-11-17,3.76,BAMLH0A0HYM2
2017-11-20,3.7,BAMLH0A0HYM2
2017-11-21,3.66,BAMLH0A0HYM2
2017-11-22,3.7,BAMLH0A0HYM2
2017-11-23,3.7,BAMLH0A0HYM2
2017-11-24,3.67,BAMLH0A0HYM2
2017-11-27,3.66,BAMLH0A0HYM2
2017-11-28,3.67,BAMLH0A0HYM2
2017-11-29,3.64,BAMLH0A0HYM2
2017-11-30,3.61,BAMLH0A0HYM2
2017-12-01,3.63,BAMLH0A0HYM2
2017-12-04,3.58,BAMLH0A0HYM2
2017-12-05,3.57,BAMLH0A0HYM2
2017-12-06,3.63,BAMLH0A0HYM2
2017-12-07,3.63,BAMLH0A0HYM2
2017-12-08,3.63,BAMLH0A0HYM2
2017-12-11,3.61,BAMLH0A0HYM2
2017-12-12,3.58,BAMLH0A0HYM2
2017-12-13,3.64,BAMLH0A0HYM2
2017-12-14,3.63,BAMLH0A0HYM2
2017-12-15,3.64,BAMLH0A0HYM2
2017-12-18,3.64,BAMLH0A0HYM2
2017-12-19,3.6,BAMLH0A0HYM2
2017-12-20,3.58,BAMLH0A0HYM2
2017-12-21,3.57,BAMLH0A0HYM2
2017-12-22,3.56,BAMLH0A0HYM2
2017-12-25,,BAMLH0A0HYM2
2017-12-26,3.57,BAMLH0A0HYM2
2017-12-27,3.59,BAMLH0A0HYM2
2017-12-28,3.55,BAMLH0A0HYM2
2017-12-29,3.58,BAMLH0A0HYM2
2017-12-31,3.63,BAMLH0A0HYM2
2018-01-01,,BAMLH0A0HYM2
2018-01-02,3.55,BAMLH0A0HYM2
2018-01-03,3.48,BAMLH0A0HYM2
2018-01-04,3.4,BAMLH0A0HYM2
2018-01-05,3.36,BAMLH0A0HYM2
2018-01-08,3.35,BAMLH0A0HYM2
2018-01-09,3.33,BAMLH0A0HYM2
2018-01-10,3.42,BAMLH0A0HYM2
2018-01-11,3.4,BAMLH0A0HYM2
2018-01-12,3.37,BAMLH0A0HYM2
2018-01-15,3.35,BAMLH0A0HYM2
2018-01-16,3.34,BAMLH0A0HYM2
2018-01-17,3.34,BAMLH0A0HYM2
2018-01-18,3.35,BAMLH0A0HYM2
2018-01-19,3.35,BAMLH0A0HYM2
2018-01-22,3.32,BAMLH0A0HYM2
2018-01-23,3.31,BAMLH0A0HYM2
2018-01-24,3.28,BAMLH0A0HYM2
2018-01-25,3.28,BAMLH0A0HYM2
2018-01-26,3.23,BAMLH0A0HYM2
2018-01-29,3.26,BAMLH0A0HYM2
2018-01-30,3.33,BAMLH0A0HYM2
2018-01-31,3.29,BAMLH0A0HYM2
2018-02-01,3.29,BAMLH0A0HYM2
2018-02-02,3.36,BAMLH0A0HYM2
2018-02-05,3.48,BAMLH0A0HYM2
2018-02-06,3.6,BAMLH0A0HYM2
2018-02-07,3.46,BAMLH0A0HYM2
2018-02-08,3.59,BAMLH0A0HYM2
2018-02-09,3.82,BAMLH0A0HYM2
2018-02-12,3.71,BAMLH0A0HYM2
2018-02-13,3.78,BAMLH0A0HYM2
2018-02-14,3.69,BAMLH0A0HYM2
2018-02-15,3.57,BAMLH0A0HYM2
2018-02-16,3.5,BAMLH0A0HYM2
2018-02-19,3.5,BAMLH0A0HYM2
2018-02-20,3.48,BAMLH0A0HYM2
2018-02-21,3.46,BAMLH0A0HYM2
2018-02-22,3.53,BAMLH0A0HYM2
2018-02-23,3.58,BAMLH0A0HYM2
2018-02-26,3.5,BAMLH0A0HYM2
2018-02-27,3.47,BAMLH0A0HYM2
2018-02-28,3.47,BAMLH0A0HYM2
2018-03-01,3.59,BAMLH0A0HYM2
2018-03-02,3.65,BAMLH0A0HYM2
2018-03-05,3.59,BAMLH0A0HYM2
2018-03-06,3.53,BAMLH0A0HYM2
2018-03-07,3.56,BAMLH0A0HYM2
2018-03-08,3.56,BAMLH0A0HYM2
2018-03-09,3.53,BAMLH0A0HYM2
2018-03-12,3.55,BAMLH0A0HYM2
2018-03-13,3.58,BAMLH0A0HYM2
2018-03-14,3.62,BAMLH0A0HYM2
2018-03-15,3.62,BAMLH0A0HYM2
2018-03-16,3.6,BAMLH0A0HYM2
2018-03-19,3.65,BAMLH0A0HYM2
2018-03-20,3.62,BAMLH0A0HYM2
2018-03-21,3.6,BAMLH0A0HYM2
2018-03-22,3.7,BAMLH0A0HYM2
2018-03-23,3.74,BAMLH0A0HYM2
2018-03-26,3.73,BAMLH0A0HYM2
2018-03-27,3.75,BAMLH0A0HYM2
2018-03-28,3.77,BAMLH0A0HYM2
2018-03-29,3.79,BAMLH0A0HYM2
2018-03-30,,BAMLH0A0HYM2
2018-03-31,3.72,BAMLH0A0HYM2
2018-04-02,3.77,BAMLH0A0HYM2
2018-04-03,3.71,BAMLH0A0HYM2
2018-04-04,3.71,BAMLH0A0HYM2
2018-04-05,3.59,BAMLH0A0HYM2
2018-04-06,3.64,BAMLH0A0HYM2
2018-04-09,3.61,BAMLH0A0HYM2
2018-04-10,3.52,BAMLH0A0HYM2
2018-04-11,3.5,BAMLH0A0HYM2
2018-04-12,3.42,BAMLH0A0HYM2
2018-04-13,3.38,BAMLH0A0HYM2
2018-04-16,3.33,BAMLH0A0HYM2
2018-04-17,3.29,BAMLH0A0HYM2
2018-04-18,3.24,BAMLH0A0HYM2
2018-04-19,3.33,BAMLH0A0HYM2
2018-04-20,3.33,BAMLH0A0HYM2
2018-04-23,3.36,BAMLH0A0HYM2
2018-04-24,3.41,BAMLH0A0HYM2
2018-04-25,3.47,BAMLH0A0HYM2
2018-04-26,3.43,BAMLH0A0HYM2
2018-04-27,3.44,BAMLH0A0HYM2
2018-04-30,3.46,BAMLH0A0HYM2
2018-05-01,3.47,BAMLH0A0HYM2
2018-05-02,3.45,BAMLH0A0HYM2
2018-05-03,3.5,BAMLH0A0HYM2
2018-05-04,3.49,BAMLH0A0HYM2
2018-05-07,3.46,BAMLH0A0HYM2
2018-05-08,3.46,BAMLH0A0HYM2
2018-05-09,3.43,BAMLH0A0HYM2
2018-05-10,3.41,BAMLH0A0HYM2
2018-05-11,3.4,BAMLH0A0HYM2
2018-05-14,3.37,BAMLH0A0HYM2
2018-05-15,3.36,BAMLH0A0HYM2
2018-05-16,3.37,BAMLH0A0HYM2
2018-05-17,3.36,BAMLH0A0HYM2
2018-05-18,3.41,BAMLH0A0HYM2
2018-05-21,3.4,BAMLH0A0HYM2
2018-05-22,3.39,BAMLH0A0HYM2
2018-05-23,3.48,BAMLH0A0HYM2
2018-05-24,3.49,BAMLH0A0HYM2
2018-05-25,3.53,BAMLH0A0HYM2
2018-05-28,3.53,BAMLH0A0HYM2
2018-05-29,3.75,BAMLH0A0HYM2
2018-05-30,3.64,BAMLH0A0HYM2
2018-05-31,3.63,BAMLH0A0HYM2
2018-06-01,3.55,BAMLH0A0HYM2
2018-06-04,3.49,BAMLH0A0HYM2
2018-06-05,3.5,BAMLH0A0HYM2
2018-06-06,3.44,BAMLH0A0HYM2
2018-06-07,3.44,BAMLH0A0HYM2
2018-06-08,3.45,BAMLH0A0HYM2
2018-06-11,3.39,BAMLH0A0HYM2
2018-06-12,3.38,BAMLH0A0HYM2
2018-06-13,3.33,BAMLH0A0HYM2
2018-06-14,3.31,BAMLH0A0HYM2
2018-06-15,3.33,BAMLH0A0HYM2
2018-06-18,3.34,BAMLH0A0HYM2
2018-06-19,3.4,BAMLH0A0HYM2
2018-06-20,3.34,BAMLH0A0HYM2
2018-06-21,3.39,BAMLH0A0HYM2
2018-06-22,3.39,BAMLH0A0HYM2
2018-06-25,3.47,BAMLH0A0HYM2
2018-06-26,3.48,BAMLH0A0HYM2
2018-06-27,3.56,BAMLH0A0HYM2
2018-06-28,3.64,BAMLH0A0HYM2
2018-06-29,3.61,BAMLH0A0HYM2
2018-06-30,3.71,BAMLH0A0HYM2
2018-07-02,3.78,BAMLH0A0HYM2
2018-07-03,3.77,BAMLH0A0HYM2
2018-07-04,3.77,BAMLH0A0HYM2
2018-07-05,3.74,BAMLH0A0HYM2
2018-07-06,3.74,BAMLH0A0HYM2
2018-07-09,3.65,BAMLH0A0HYM2
2018-07-10,3.59,BAMLH0A0HYM2
2018-07-11,3.66,BAMLH0A0HYM2
2018-07-12,3.61,BAMLH0A0HYM2
2018-07-13,3.62,BAMLH0A0HYM2
2018-07-16,3.59,BAMLH0A0HYM2
2018-07-17,3.58,BAMLH0A0HYM2
2018-07-18,3.56,BAMLH0A0HYM2
2018-07-19,3.59,BAMLH0A0HYM2
2018-07-20,3.55,BAMLH0A0HYM2
2018-07-23,3.5,BAMLH0A0HYM2
2018-07-24,3.47,BAMLH0A0HYM2
2018-07-25,3.48,BAMLH0A0HYM2
2018-07-26,3.42,BAMLH0A0HYM2
2018-07-27,3.42,BAMLH0A0HYM2
2018-07-30,3.43,BAMLH0A0HYM2
2018-07-31,3.46,BAMLH0A0HYM2
2018-08-01,3.43,BAMLH0A0HYM2
2018-08-02,3.43,BAMLH0A0HYM2
2018-08-03,3.43,BAMLH0A0HYM2
2018-08-06,3.43,BAMLH0A0HYM2
2018-08-07,3.35,BAMLH0A0HYM2
2018-08-08,3.37,BAMLH0A0HYM2
2018-08-09,3.38,BAMLH0A0HYM2
2018-08-10,3.5,BAMLH0A0HYM2
2018-08-13,3.52,BAMLH0A0HYM2
2018-08-14,3.48,BAMLH0A0HYM2
2018-08-15,3.55,BAMLH0A0HYM2
2018-08-16,3.49,BAMLH0A0HYM2
2018-08-17,3.49,BAMLH0A0HYM2
2018-08-20,3.52,BAMLH0A0HYM2
2018-08-21,3.48,BAMLH0A0HYM2
2018-08-22,3.48,BAMLH0A0HYM2
2018-08-23,3.47,BAMLH0A0HYM2
2018-08-24,3.46,BAMLH0A0HYM2
2018-08-27,3.43,BAMLH0A0HYM2
2018-08-28,3.4,BAMLH0A0HYM2
2018-08-29,3.39,BAMLH0A0HYM2
2018-08-30,3.44,BAMLH0A0HYM2
2018-08-31,3.49,BAMLH0A0HYM2
2018-09-03,3.49,BAMLH0A0HYM2
2018-09-04,3.46,BAMLH0A0HYM2
2018-09-05,3.49,BAMLH0A0HYM2
2018-09-06,3.52,BAMLH0A0HYM2
2018-09-07,3.48,BAMLH0A0HYM2
2018-09-10,3.46,BAMLH0A0HYM2
2018-09-11,3.4,BAMLH0A0HYM2
2018-09-12,3.38,BAMLH0A0HYM2
2018-09-13,3.35,BAMLH0A0HYM2
2018-09-14,3.29,BAMLH0A0HYM2
2018-09-17,3.29,BAMLH0A0HYM2
2018-09-18,3.24,BAMLH0A0HYM2
2018-09-19,3.24,BAMLH0A0HYM2
2018-09-20,3.25,BAMLH0A0HYM2
2018-09-21,3.25,BAMLH0A0HYM2
2018-09-24,3.28,BAMLH0A0HYM2
2018-09-25,3.26,BAMLH0A0HYM2
2018-09-26,3.27,BAMLH0A0HYM2
2018-09-27,3.25,BAMLH0A0HYM2
2018-09-28,3.24,BAMLH0A0HYM2
2018-09-30,3.28,BAMLH0A0HYM2
2018-10-01,3.22,BAMLH0A0HYM2
2018-10-02,3.22,BAMLH0A0HYM2
2018-10-03,3.16,BAMLH0A0HYM2
2018-10-04,3.29,BAMLH0A0HYM2
2018-10-05,3.32,BAMLH0A0HYM2
2018-10-08,3.32,BAMLH0A0HYM2
2018-10-09,3.41,BAMLH0A0HYM2
2018-10-10,3.51,BAMLH0A0HYM2
2018-10-11,3.58,BAMLH0A0HYM2
2018-10-12,3.54,BAMLH0A0HYM2
2018-10-15,3.49,BAMLH0A0HYM2
2018-10-16,3.45,BAMLH0A0HYM2
2018-10-17,3.45,BAMLH0A0HYM2
2018-10-18,3.51,BAMLH0A0HYM2
2018-10-19,3.51,BAMLH0A0HYM2
2018-10-22,3.52,BAMLH0A0HYM2
2018-10-23,3.65,BAMLH0A0HYM2
2018-10-24,3.68,BAMLH0A0HYM2
2018-10-25,3.72,BAMLH0A0HYM2
2018-10-26,3.85,BAMLH0A0HYM2
2018-10-29,3.84,BAMLH0A0HYM2
2018-10-30,3.89,BAMLH0A0HYM2
2018-10-31,3.81,BAMLH0A0HYM2
2018-11-01,3.81,BAMLH0A0HYM2
2018-11-02,3.72,BAMLH0A0HYM2
2018-11-05,3.72,BAMLH0A0HYM2
2018-11-06,3.68,BAMLH0A0HYM2
2018-11-07,3.6,BAMLH0A0HYM2
2018-11-08,3.57,BAMLH0A0HYM2
2018-11-09,3.71,BAMLH0A0HYM2
2018-11-12,3.71,BAMLH0A0HYM2
2018-11-13,3.89,BAMLH0A0HYM2
2018-11-14,3.99,BAMLH0A0HYM2
2018-11-15,4.11,BAMLH0A0HYM2
2018-11-16,4.18,BAMLH0A0HYM2
2018-11-19,4.25,BAMLH0A0HYM2
2018-11-20,4.33,BAMLH0A0HYM2
2018-11-21,4.24,BAMLH0A0HYM2
2018-11-22,4.25,BAMLH0A0HYM2
2018-11-23,4.29,BAMLH0A0HYM2
2018-11-26,4.26,BAMLH0A0HYM2
2018-11-27,4.31,BAMLH0A0HYM2
2018-11-28,4.25,BAMLH0A0HYM2
2018-11-29,4.22,BAMLH0A0HYM2
2018-11-30,4.29,BAMLH0A0HYM2
2018-12-03,4.2,BAMLH0A0HYM2
2018-12-04,4.29,BAMLH0A0HYM2
2018-12-05,4.29,BAMLH0A0HYM2
2018-12-06,4.5,BAMLH0A0HYM2
2018-12-07,4.5,BAMLH0A0HYM2
2018-12-10,4.56,BAMLH0A0HYM2
2018-12-11,4.48,BAMLH0A0HYM2
2018-12-12,4.4,BAMLH0A0HYM2
2018-12-13,4.39,BAMLH0A0HYM2
2018-12-14,4.46,BAMLH0A0HYM2
2018-12-17,4.58,BAMLH0A0HYM2
2018-12-18,4.72,BAMLH0A0HYM2
2018-12-19,4.84,BAMLH0A0HYM2
2018-12-20,5.11,BAMLH0A0HYM2
2018-12-21,5.22,BAMLH0A0HYM2
2018-12-24,5.35,BAMLH0A0HYM2
2018-12-25,,BAMLH0A0HYM2
2018-12-26,5.37,BAMLH0A0HYM2
2018-12-27,5.38,BAMLH0A0HYM2
2018-12-28,5.3,BAMLH0A0HYM2
2018-12-31,5.33,BAMLH0A0HYM2
2019-01-01,,BAMLH0A0HYM2
2019-01-02,5.35,BAMLH0A0HYM2
2019-01-03,5.44,BAMLH0A0HYM2
2019-01-04,5.05,BAMLH0A0HYM2
2019-01-07,4.83,BAMLH0A0HYM2
2019-01-08,4.65,BAMLH0A0HYM2
2019-01-09,4.52,BAMLH0A0HYM2
2019-01-10,4.54,BAMLH0A0HYM2
2019-01-11,4.55,BAMLH0A0HYM2
2019-01-14,4.6,BAMLH0A0HYM2
2019-01-15,4.55,BAMLH0A0HYM2
2019-01-16,4.44,BAMLH0A0HYM2
2019-01-17,4.4,BAMLH0A0HYM2
2019-01-18,4.27,BAMLH0A0HYM2
2019-01-21,4.27,BAMLH0A0HYM2
2019-01-22,4.41,BAMLH0A0HYM2
2019-01-23,4.39,BAMLH0A0HYM2
2019-01-24,4.45,BAMLH0A0HYM2
2019-01-25,4.34,BAMLH0A0HYM2
2019-01-28,4.41,BAMLH0A0HYM2
2019-01-29,4.4,BAMLH0A0HYM2
2019-01-30,4.36,BAMLH0A0HYM2
2019-01-31,4.37,BAMLH0A0HYM2
2019-02-01,4.29,BAMLH0A0HYM2
2019-02-04,4.25,BAMLH0A0HYM2
2019-02-05,4.15,BAMLH0A0HYM2
2019-02-06,4.13,BAMLH0A0HYM2
2019-02-07,4.29,BAMLH0A0HYM2
2019-02-08,4.32,BAMLH0A0HYM2
2019-02-11,4.28,BAMLH0A0HYM2
2019-02-12,4.17,BAMLH0A0HYM2
2019-02-13,4.12,BAMLH0A0HYM2
2019-02-14,4.17,BAMLH0A0HYM2
2019-02-15,4.12,BAMLH0A0HYM2
2019-02-18,4.12,BAMLH0A0HYM2
2019-02-19,4.11,BAMLH0A0HYM2
2019-02-20,4.08,BAMLH0A0HYM2
2019-02-21,4.04,BAMLH0A0HYM2
2019-02-22,4.05,BAMLH0A0HYM2
2019-02-25,4.0,BAMLH0A0HYM2
2019-02-26,4.01,BAMLH0A0HYM2
2019-02-27,3.94,BAMLH0A0HYM2
2019-02-28,3.92,BAMLH0A0HYM2
2019-03-01,3.86,BAMLH0A0HYM2
2019-03-04,3.9,BAMLH0A0HYM2
2019-03-05,3.91,BAMLH0A0HYM2
2019-03-06,3.98,BAMLH0A0HYM2
2019-03-07,4.1,BAMLH0A0HYM2
2019-03-08,4.18,BAMLH0A0HYM2
2019-03-11,4.12,BAMLH0A0HYM2
2019-03-12,4.08,BAMLH0A0HYM2
2019-03-13,3.99,BAMLH0A0HYM2
2019-03-14,3.95,BAMLH0A0HYM2
2019-03-15,3.95,BAMLH0A0HYM2
2019-03-18,3.95,BAMLH0A0HYM2
2019-03-19,3.91,BAMLH0A0HYM2
2019-03-20,3.97,BAMLH0A0HYM2
2019-03-21,3.92,BAMLH0A0HYM2
2019-03-22,4.03,BAMLH0A0HYM2
2019-03-25,4.13,BAMLH0A0HYM2
2019-03-26,4.09,BAMLH0A0HYM2
2019-03-27,4.09,BAMLH0A0HYM2
2019-03-28,4.08,BAMLH0A0HYM2
2019-03-29,3.99,BAMLH0A0HYM2
2019-03-31,4.05,BAMLH0A0HYM2
2019-04-01,3.94,BAMLH0A0HYM2
2019-04-02,3.95,BAMLH0A0HYM2
2019-04-03,3.9,BAMLH0A0HYM2
2019-04-04,3.9,BAMLH0A0HYM2
2019-04-05,3.86,BAMLH0A0HYM2
2019-04-08,3.84,BAMLH0A0HYM2
2019-04-09,3.86,BAMLH0A0HYM2
2019-04-10,3.86,BAMLH0A0HYM2
2019-04-11,3.79,BAMLH0A0HYM2
2019-04-12,3.68,BAMLH0A0HYM2
2019-04-15,3.68,BAMLH0A0HYM2
2019-04-16,3.64,BAMLH0A0HYM2
2019-04-17,3.67,BAMLH0A0HYM2
2019-04-18,3.73,BAMLH0A0HYM2
2019-04-19,,BAMLH0A0HYM2
2019-04-22,3.73,BAMLH0A0HYM2
2019-04-23,3.72,BAMLH0A0HYM2
2019-04-24,3.73,BAMLH0A0HYM2
2019-04-25,3.75,BAMLH0A0HYM2
2019-04-26,3.76,BAMLH0A0HYM2
2019-04-29,3.73,BAMLH0A0HYM2
2019-04-30,3.73,BAMLH0A0HYM2
2019-05-01,3.71,BAMLH0A0HYM2
2019-05-02,3.74,BAMLH0A0HYM2
2019-05-03,3.72,BAMLH0A0HYM2
2019-05-06,3.82,BAMLH0A0HYM2
2019-05-07,3.89,BAMLH0A0HYM2
2019-05-08,3.87,BAMLH0A0HYM2
2019-05-09,3.99,BAMLH0A0HYM2
2019-05-10,4.01,BAMLH0A0HYM2
2019-05-13,4.2,BAMLH0A0HYM2
2019-05-14,4.13,BAMLH0A0HYM2
2019-05-15,4.17,BAMLH0A0HYM2
2019-05-16,4.06,BAMLH0A0HYM2
2019-05-17,4.07,BAMLH0A0HYM2
2019-05-20,4.06,BAMLH0A0HYM2
2019-05-21,3.99,BAMLH0A0HYM2
2019-05-22,4.03,BAMLH0A0HYM2
2019-05-23,4.22,BAMLH0A0HYM2
2019-05-24,4.16,BAMLH0A0HYM2
2019-05-27,4.16,BAMLH0A0HYM2
2019-05-28,4.19,BAMLH0A0HYM2
2019-05-29,4.36,BAMLH0A0HYM2
2019-05-30,4.33,BAMLH0A0HYM2
2019-05-31,4.59,BAMLH0A0HYM2
2019-06-03,4.7,BAMLH0A0HYM2
2019-06-04,4.53,BAMLH0A0HYM2
2019-06-05,4.48,BAMLH0A0HYM2
2019-06-06,4.42,BAMLH0A0HYM2
2019-06-07,4.37,BAMLH0A0HYM2
2019-06-10,4.23,BAMLH0A0HYM2
2019-06-11,4.2,BAMLH0A0HYM2
2019-06-12,4.22,BAMLH0A0HYM2
2019-06-13,4.24,BAMLH0A0HYM2
2019-06-14,4.23,BAMLH0A0HYM2
2019-06-17,4.23,BAMLH0A0HYM2
2019-06-18,4.14,BAMLH0A0HYM2
2019-06-19,4.16,BAMLH0A0HYM2
2019-06-20,4.03,BAMLH0A0HYM2
2019-06-21,3.95,BAMLH0A0HYM2
2019-06-24,4.0,BAMLH0A0HYM2
2019-06-25,4.09,BAMLH0A0HYM2
2019-06-26,4.05,BAMLH0A0HYM2
2019-06-27,4.09,BAMLH0A0HYM2
2019-06-28,4.07,BAMLH0A0HYM2
2019-06-30,4.07,BAMLH0A0HYM2
2019-07-01,3.99,BAMLH0A0HYM2
2019-07-02,4.04,BAMLH0A0HYM2
2019-07-03,4.02,BAMLH0A0HYM2
2019-07-04,4.02,BAMLH0A0HYM2
2019-07-05,3.98,BAMLH0A0HYM2
2019-07-08,4.0,BAMLH0A0HYM2
2019-07-09,4.03,BAMLH0A0HYM2
2019-07-10,4.01,BAMLH0A0HYM2
2019-07-11,4.0,BAMLH0A0HYM2
2019-07-12,4.02,BAMLH0A0HYM2
2019-07-15,4.0,BAMLH0A0HYM2
2019-07-16,3.96,BAMLH0A0HYM2
2019-07-17,4.01,BAMLH0A0HYM2
2019-07-18,4.11,BAMLH0A0HYM2
2019-07-19,4.07,BAMLH0A0HYM2
2019-07-22,4.06,BAMLH0A0HYM2
2019-07-23,3.99,BAMLH0A0HYM2
2019-07-24,3.98,BAMLH0A0HYM2
2019-07-25,3.93,BAMLH0A0HYM2
2019-07-26,3.89,BAMLH0A0HYM2
2019-07-29,3.93,BAMLH0A0HYM2
2019-07-30,3.97,BAMLH0A0HYM2
2019-07-31,3.93,BAMLH0A0HYM2
2019-08-01,4.1,BAMLH0A0HYM2
2019-08-02,4.19,BAMLH0A0HYM2
2019-08-05,4.53,BAMLH0A0HYM2
2019-08-06,4.46,BAMLH0A0HYM2
2019-08-07,4.52,BAMLH0A0HYM2
2019-08-08,4.31,BAMLH0A0HYM2
2019-08-09,4.31,BAMLH0A0HYM2
2019-08-12,4.4,BAMLH0A0HYM2
2019-08-13,4.25,BAMLH0A0HYM2
2019-08-14,4.49,BAMLH0A0HYM2
2019-08-15,4.52,BAMLH0A0HYM2
2019-08-16,4.47,BAMLH0A0HYM2
2019-08-19,4.36,BAMLH0A0HYM2
2019-08-20,4.35,BAMLH0A0HYM2
2019-08-21,4.21,BAMLH0A0HYM2
2019-08-22,4.16,BAMLH0A0HYM2
2019-08-23,4.25,BAMLH0A0HYM2
2019-08-26,4.22,BAMLH0A0HYM2
2019-08-27,4.19,BAMLH0A0HYM2
2019-08-28,4.17,BAMLH0A0HYM2
2019-08-29,4.08,BAMLH0A0HYM2
2019-08-30,4.09,BAMLH0A0HYM2
2019-08-31,4.13,BAMLH0A0HYM2
2019-09-02,4.13,BAMLH0A0HYM2
2019-09-03,4.23,BAMLH0A0HYM2
2019-09-04,4.23,BAMLH0A0HYM2
2019-09-05,4.07,BAMLH0A0HYM2
2019-09-06,4.05,BAMLH0A0HYM2
2019-09-09,3.99,BAMLH0A0HYM2
2019-09-10,3.9,BAMLH0A0HYM2
2019-09-11,3.92,BAMLH0A0HYM2
2019-09-12,3.85,BAMLH0A0HYM2
2019-09-13,3.83,BAMLH0A0HYM2
2019-09-16,3.8,BAMLH0A0HYM2
2019-09-17,3.81,BAMLH0A0HYM2
2019-09-18,3.82,BAMLH0A0HYM2
2019-09-19,3.77,BAMLH0A0HYM2
2019-09-20,3.81,BAMLH0A0HYM2
2019-09-23,3.84,BAMLH0A0HYM2
2019-09-24,3.9,BAMLH0A0HYM2
2019-09-25,3.91,BAMLH0A0HYM2
2019-09-26,3.95,BAMLH0A0HYM2
2019-09-27,3.99,BAMLH0A0HYM2
2019-09-30,4.02,BAMLH0A0HYM2
2019-10-01,4.08,BAMLH0A0HYM2
2019-10-02,4.28,BAMLH0A0HYM2
2019-10-03,4.4,BAMLH0A0HYM2
2019-10-04,4.38,BAMLH0A0HYM2
2019-10-07,4.31,BAMLH0A0HYM2
2019-10-08,4.39,BAMLH0A0HYM2
2019-10-09,4.32,BAMLH0A0HYM2
2019-10-10,4.26,BAMLH0A0HYM2
2019-10-11,4.1,BAMLH0A0HYM2
2019-10-14,4.08,BAMLH0A0HYM2
2019-10-15,4.01,BAMLH0A0HYM2
2019-10-16,4.01,BAMLH0A0HYM2
2019-10-17,4.0,BAMLH0A0HYM2
2019-10-18,4.02,BAMLH0A0HYM2
2019-10-21,3.98,BAMLH0A0HYM2
2019-10-22,3.99,BAMLH0A0HYM2
2019-10-23,3.98,BAMLH0A0HYM2
2019-10-24,3.96,BAMLH0A0HYM2
2019-10-25,3.89,BAMLH0A0HYM2
2019-10-28,3.85,BAMLH0A0HYM2
2019-10-29,3.86,BAMLH0A0HYM2
2019-10-30,3.96,BAMLH0A0HYM2
2019-10-31,4.15,BAMLH0A0HYM2
2019-11-01,4.09,BAMLH0A0HYM2
2019-11-04,3.99,BAMLH0A0HYM2
2019-11-05,3.97,BAMLH0A0HYM2
2019-11-06,4.02,BAMLH0A0HYM2
2019-11-07,3.96,BAMLH0A0HYM2
2019-11-08,4.0,BAMLH0A0HYM2
2019-11-11,3.99,BAMLH0A0HYM2
2019-11-12,4.0,BAMLH0A0HYM2
2019-11-13,4.05,BAMLH0A0HYM2
2019-11-14,4.08,BAMLH0A0HYM2
2019-11-15,4.06,BAMLH0A0HYM2
2019-11-18,4.09,BAMLH0A0HYM2
2019-11-19,4.12,BAMLH0A0HYM2
2019-11-20,4.18,BAMLH0A0HYM2
2019-11-21,4.17,BAMLH0A0HYM2
2019-11-22,4.13,BAMLH0A0HYM2
2019-11-25,4.08,BAMLH0A0HYM2
2019-11-26,4.05,BAMLH0A0HYM2
2019-11-27,3.99,BAMLH0A0HYM2
2019-11-28,,BAMLH0A0HYM2
2019-11-29,4.01,BAMLH0A0HYM2
2019-11-30,4.02,BAMLH0A0HYM2
2019-12-02,4.03,BAMLH0A0HYM2
2019-12-03,4.14,BAMLH0A0HYM2
2019-12-04,4.02,BAMLH0A0HYM2
2019-12-05,4.0,BAMLH0A0HYM2
2019-12-06,3.89,BAMLH0A0HYM2
2019-12-09,3.88,BAMLH0A0HYM2
2019-12-10,3.84,BAMLH0A0HYM2
2019-12-11,3.83,BAMLH0A0HYM2
2019-12-12,3.7,BAMLH0A0HYM2
2019-12-13,3.71,BAMLH0A0HYM2
2019-12-16,3.62,BAMLH0A0HYM2
2019-12-17,3.58,BAMLH0A0HYM2
2019-12-18,3.51,BAMLH0A0HYM2
2019-12-19,3.54,BAMLH0A0HYM2
2019-12-20,3.53,BAMLH0A0HYM2
2019-12-23,3.52,BAMLH0A0HYM2
2019-12-24,3.53,BAMLH0A0HYM2
2019-12-25,,BAMLH0A0HYM2
2019-12-26,3.53,BAMLH0A0HYM2
2019-12-27,3.56,BAMLH0A0HYM2
2019-12-30,3.6,BAMLH0A0HYM2
2019-12-31,3.6,BAMLH0A0HYM2
2020-01-01,,BAMLH0A0HYM2
2020-01-02,3.56,BAMLH0A0HYM2
2020-01-03,3.61,BAMLH0A0HYM2
2020-01-06,3.57,BAMLH0A0HYM2
2020-01-07,3.54,BAMLH0A0HYM2
2020-01-08,3.5,BAMLH0A0HYM2
2020-01-09,3.49,BAMLH0A0HYM2
2020-01-10,3.48,BAMLH0A0HYM2
2020-01-13,3.48,BAMLH0A0HYM2
2020-01-14,3.45,BAMLH0A0HYM2
2020-01-15,3.44,BAMLH0A0HYM2
2020-01-16,3.42,BAMLH0A0HYM2
2020-01-17,3.39,BAMLH0A0HYM2
2020-01-20,3.38,BAMLH0A0HYM2
2020-01-21,3.47,BAMLH0A0HYM2
2020-01-22,3.49,BAMLH0A0HYM2
2020-01-23,3.58,BAMLH0A0HYM2
2020-01-24,3.68,BAMLH0A0HYM2
2020-01-27,4.03,BAMLH0A0HYM2
2020-01-28,3.86,BAMLH0A0HYM2
2020-01-29,3.83,BAMLH0A0HYM2
2020-01-30,3.95,BAMLH0A0HYM2
2020-01-31,4.03,BAMLH0A0HYM2
2020-02-03,3.97,BAMLH0A0HYM2
2020-02-04,3.85,BAMLH0A0HYM2
2020-02-05,3.75,BAMLH0A0HYM2
2020-02-06,3.7,BAMLH0A0HYM2
2020-02-07,3.75,BAMLH0A0HYM2
2020-02-10,3.75,BAMLH0A0HYM2
2020-02-11,3.65,BAMLH0A0HYM2
2020-02-12,3.59,BAMLH0A0HYM2
2020-02-13,3.57,BAMLH0A0HYM2
2020-02-14,3.56,BAMLH0A0HYM2
2020-02-17,3.56,BAMLH0A0HYM2
2020-02-18,3.61,BAMLH0A0HYM2
2020-02-19,3.57,BAMLH0A0HYM2
2020-02-20,3.62,BAMLH0A0HYM2
2020-02-21,3.66,BAMLH0A0HYM2
2020-02-24,4.03,BAMLH0A0HYM2
2020-02-25,4.18,BAMLH0A0HYM2
2020-02-26,4.27,BAMLH0A0HYM2
2020-02-27,4.62,BAMLH0A0HYM2
2020-02-28,5.04,BAMLH0A0HYM2
2020-02-29,5.06,BAMLH0A0HYM2
2020-03-02,4.97,BAMLH0A0HYM2
2020-03-03,4.84,BAMLH0A0HYM2
2020-03-04,4.75,BAMLH0A0HYM2
2020-03-05,5.05,BAMLH0A0HYM2
2020-03-06,5.64,BAMLH0A0HYM2
2020-03-09,6.68,BAMLH0A0HYM2
2020-03-10,6.38,BAMLH0A0HYM2
2020-03-11,6.61,BAMLH0A0HYM2
2020-03-12,7.42,BAMLH0A0HYM2
2020-03-13,7.31,BAMLH0A0HYM2
2020-03-16,8.38,BAMLH0A0HYM2
2020-03-17,8.41,BAMLH0A0HYM2
2020-03-18,9.04,BAMLH0A0HYM2
2020-03-19,9.82,BAMLH0A0HYM2
2020-03-20,10.09,BAMLH0A0HYM2
2020-03-23,10.87,BAMLH0A0HYM2
2020-03-24,10.55,BAMLH0A0HYM2
2020-03-25,10.11,BAMLH0A0HYM2
2020-03-26,9.29,BAMLH0A0HYM2
2020-03-27,8.99,BAMLH0A0HYM2
2020-03-30,8.82,BAMLH0A0HYM2
2020-03-31,8.77,BAMLH0A0HYM2
2020-04-01,9.11,BAMLH0A0HYM2
2020-04-02,9.17,BAMLH0A0HYM2
2020-04-03,9.43,BAMLH0A0HYM2
2020-04-06,9.26,BAMLH0A0HYM2
2020-04-07,8.88,BAMLH0A0HYM2
2020-04-08,8.81,BAMLH0A0HYM2
2020-04-09,7.96,BAMLH0A0HYM2
2020-04-10,,BAMLH0A0HYM2
2020-04-13,7.7,BAMLH0A0HYM2
2020-04-14,7.35,BAMLH0A0HYM2
2020-04-15,7.64,BAMLH0A0HYM2
2020-04-16,7.58,BAMLH0A0HYM2
2020-04-17,7.31,BAMLH0A0HYM2
2020-04-20,7.52,BAMLH0A0HYM2
2020-04-21,7.9,BAMLH0A0HYM2
2020-04-22,7.85,BAMLH0A0HYM2
2020-04-23,7.87,BAMLH0A0HYM2
2020-04-24,8.03,BAMLH0A0HYM2
2020-04-27,8.01,BAMLH0A0HYM2
2020-04-28,8.02,BAMLH0A0HYM2
2020-04-29,7.87,BAMLH0A0HYM2
2020-04-30,7.63,BAMLH0A0HYM2
2020-05-01,7.7,BAMLH0A0HYM2
2020-05-04,7.79,BAMLH0A0HYM2
2020-05-05,7.6,BAMLH0A0HYM2
2020-05-06,7.6,BAMLH0A0HYM2
2020-05-07,7.6,BAMLH0A0HYM2
2020-05-08,7.52,BAMLH0A0HYM2
2020-05-11,7.51,BAMLH0A0HYM2
2020-05-12,7.42,BAMLH0A0HYM2
2020-05-13,7.61,BAMLH0A0HYM2
2020-05-14,7.77,BAMLH0A0HYM2
2020-05-15,7.78,BAMLH0A0HYM2
2020-05-18,7.41,BAMLH0A0HYM2
2020-05-19,7.35,BAMLH0A0HYM2
2020-05-20,7.16,BAMLH0A0HYM2
2020-05-21,7.08,BAMLH0A0HYM2
2020-05-22,7.06,BAMLH0A0HYM2
2020-05-25,7.06,BAMLH0A0HYM2
2020-05-26,6.75,BAMLH0A0HYM2
2020-05-27,6.7,BAMLH0A0HYM2
2020-05-28,6.6,BAMLH0A0HYM2
2020-05-29,6.71,BAMLH0A0HYM2
2020-05-31,6.54,BAMLH0A0HYM2
2020-06-01,6.43,BAMLH0A0HYM2
2020-06-02,6.18,BAMLH0A0HYM2
2020-06-03,5.8,BAMLH0A0HYM2
2020-06-04,5.83,BAMLH0A0HYM2
2020-06-05,5.5,BAMLH0A0HYM2
2020-06-08,5.51,BAMLH0A0HYM2
2020-06-09,5.75,BAMLH0A0HYM2
2020-06-10,5.92,BAMLH0A0HYM2
2020-06-11,6.4,BAMLH0A0HYM2
2020-06-12,6.28,BAMLH0A0HYM2
2020-06-15,6.25,BAMLH0A0HYM2
2020-06-16,5.78,BAMLH0A0HYM2
2020-06-17,5.85,BAMLH0A0HYM2
2020-06-18,6.01,BAMLH0A0HYM2
2020-06-19,6.02,BAMLH0A0HYM2
2020-06-22,6.03,BAMLH0A0HYM2
2020-06-23,6.02,BAMLH0A0HYM2
2020-06-24,6.23,BAMLH0A0HYM2
2020-06-25,6.3,BAMLH0A0HYM2
2020-06-26,6.41,BAMLH0A0HYM2
2020-06-29,6.52,BAMLH0A0HYM2
2020-06-30,6.44,BAMLH0A0HYM2
2020-07-01,6.33,BAMLH0A0HYM2
2020-07-02,6.17,BAMLH0A0HYM2
2020-07-03,6.17,BAMLH0A0HYM2
2020-07-06,6.03,BAMLH0A0HYM2
2020-07-07,6.04,BAMLH0A0HYM2
2020-07-08,6.06,BAMLH0A0HYM2
2020-07-09,6.14,BAMLH0A0HYM2
2020-07-10,6.14,BAMLH0A0HYM2
2020-07-13,6.01,BAMLH0A0HYM2
2020-07-14,6.03,BAMLH0A0HYM2
2020-07-15,5.81,BAMLH0A0HYM2
2020-07-16,5.76,BAMLH0A0HYM2
2020-07-17,5.74,BAMLH0A0HYM2
2020-07-20,5.54,BAMLH0A0HYM2
2020-07-21,5.33,BAMLH0A0HYM2
2020-07-22,5.28,BAMLH0A0HYM2
2020-07-23,5.26,BAMLH0A0HYM2
2020-07-24,5.29,BAMLH0A0HYM2
2020-07-27,5.24,BAMLH0A0HYM2
2020-07-28,5.27,BAMLH0A0HYM2
2020-07-29,5.15,BAMLH0A0HYM2
2020-07-30,5.14,BAMLH0A0HYM2
2020-07-31,5.16,BAMLH0A0HYM2
2020-08-03,5.08,BAMLH0A0HYM2
2020-08-04,5.13,BAMLH0A0HYM2
2020-08-05,5.04,BAMLH0A0HYM2
2020-08-06,5.06,BAMLH0A0HYM2
2020-08-07,5.06,BAMLH0A0HYM2
2020-08-10,5.09,BAMLH0A0HYM2
2020-08-11,5.03,BAMLH0A0HYM2
2020-08-12,5.1,BAMLH0A0HYM2
2020-08-13,5.16,BAMLH0A0HYM2
2020-08-14,5.26,BAMLH0A0HYM2
2020-08-17,5.29,BAMLH0A0HYM2
2020-08-18,5.26,BAMLH0A0HYM2
2020-08-19,5.25,BAMLH0A0HYM2
2020-08-20,5.28,BAMLH0A0HYM2
2020-08-21,5.25,BAMLH0A0HYM2
2020-08-24,5.17,BAMLH0A0HYM2
2020-08-25,5.07,BAMLH0A0HYM2
2020-08-26,5.02,BAMLH0A0HYM2
2020-08-27,4.98,BAMLH0A0HYM2
2020-08-28,5.0,BAMLH0A0HYM2
2020-08-31,5.02,BAMLH0A0HYM2
2020-09-01,4.97,BAMLH0A0HYM2
2020-09-02,4.93,BAMLH0A0HYM2
2020-09-03,5.04,BAMLH0A0HYM2
2020-09-04,5.13,BAMLH0A0HYM2
2020-09-07,5.13,BAMLH0A0HYM2
2020-09-08,5.25,BAMLH0A0HYM2
2020-09-09,5.16,BAMLH0A0HYM2
2020-09-10,5.16,BAMLH0A0HYM2
2020-09-11,5.21,BAMLH0A0HYM2
2020-09-14,5.18,BAMLH0A0HYM2
2020-09-15,5.14,BAMLH0A0HYM2
2020-09-16,5.07,BAMLH0A0HYM2
2020-09-17,5.14,BAMLH0A0HYM2
2020-09-18,5.16,BAMLH0A0HYM2
2020-09-21,5.42,BAMLH0A0HYM2
2020-09-22,5.45,BAMLH0A0HYM2
2020-09-23,5.47,BAMLH0A0HYM2
2020-09-24,5.64,BAMLH0A0HYM2
2020-09-25,5.64,BAMLH0A0HYM2
2020-09-28,5.52,BAMLH0A0HYM2
2020-09-29,5.5,BAMLH0A0HYM2
2020-09-30,5.41,BAMLH0A0HYM2
2020-10-01,5.36,BAMLH0A0HYM2
2020-10-02,5.38,BAMLH0A0HYM2
2020-10-05,5.18,BAMLH0A0HYM2
2020-10-06,5.06,BAMLH0A0HYM2
2020-10-07,5.02,BAMLH0A0HYM2
2020-10-08,4.97,BAMLH0A0HYM2
2020-10-09,4.92,BAMLH0A0HYM2
2020-10-12,4.92,BAMLH0A0HYM2
2020-10-13,4.88,BAMLH0A0HYM2
2020-10-14,4.89,BAMLH0A0HYM2
2020-10-15,5.01,BAMLH0A0HYM2
2020-10-16,4.94,BAMLH0A0HYM2
2020-10-19,4.91,BAMLH0A0HYM2
2020-10-20,4.9,BAMLH0A0HYM2
2020-10-21,4.91,BAMLH0A0HYM2
2020-10-22,4.88,BAMLH0A0HYM2
2020-10-23,4.87,BAMLH0A0HYM2
2020-10-26,5.03,BAMLH0A0HYM2
2020-10-27,5.06,BAMLH0A0HYM2
2020-10-28,5.29,BAMLH0A0HYM2
2020-10-29,5.25,BAMLH0A0HYM2
2020-10-30,5.25,BAMLH0A0HYM2
2020-10-31,5.32,BAMLH0A0HYM2
2020-11-02,5.25,BAMLH0A0HYM2
2020-11-03,5.07,BAMLH0A0HYM2
2020-11-04,4.79,BAMLH0A0HYM2
2020-11-05,4.59,BAMLH0A0HYM2
2020-11-06,4.67,BAMLH0A0HYM2
2020-11-09,4.22,BAMLH0A0HYM2
2020-11-10,4.37,BAMLH0A0HYM2
2020-11-11,4.37,BAMLH0A0HYM2
2020-11-12,4.62,BAMLH0A0HYM2
2020-11-13,4.63,BAMLH0A0HYM2
2020-11-16,4.5,BAMLH0A0HYM2
2020-11-17,4.48,BAMLH0A0HYM2
2020-11-18,4.42,BAMLH0A0HYM2
2020-11-19,4.48,BAMLH0A0HYM2
2020-11-20,4.49,BAMLH0A0HYM2
2020-11-23,4.43,BAMLH0A0HYM2
2020-11-24,4.31,BAMLH0A0HYM2
2020-11-25,4.33,BAMLH0A0HYM2
2020-11-26,4.33,BAMLH0A0HYM2
2020-11-27,4.35,BAMLH0A0HYM2
2020-11-30,4.33,BAMLH0A0HYM2
2020-12-01,4.21,BAMLH0A0HYM2
2020-12-02,4.17,BAMLH0A0HYM2
2020-12-03,4.1,BAMLH0A0HYM2
2020-12-04,4.03,BAMLH0A0HYM2
2020-12-07,4.03,BAMLH0A0HYM2
2020-12-08,4.03,BAMLH0A0HYM2
2020-12-09,4.04,BAMLH0A0HYM2
2020-12-10,4.08,BAMLH0A0HYM2
2020-12-11,4.13,BAMLH0A0HYM2
2020-12-14,4.07,BAMLH0A0HYM2
2020-12-15,4.06,BAMLH0A0HYM2
2020-12-16,4.06,BAMLH0A0HYM2
2020-12-17,4.05,BAMLH0A0HYM2
2020-12-18,4.03,BAMLH0A0HYM2
2020-12-21,4.18,BAMLH0A0HYM2
2020-12-22,4.12,BAMLH0A0HYM2
2020-12-23,4.07,BAMLH0A0HYM2
2020-12-24,4.05,BAMLH0A0HYM2
2020-12-25,,BAMLH0A0HYM2
2020-12-28,3.89,BAMLH0A0HYM2
2020-12-29,3.85,BAMLH0A0HYM2
2020-12-30,3.87,BAMLH0A0HYM2
2020-12-31,3.86,BAMLH0A0HYM2
2021-01-01,,BAMLH0A0HYM2
2021-01-04,3.93,BAMLH0A0HYM2
2021-01-05,3.92,BAMLH0A0HYM2
2021-01-06,3.8,BAMLH0A0HYM2
2021-01-07,3.78,BAMLH0A0HYM2
2021-01-08,3.76,BAMLH0A0HYM2
2021-01-11,3.82,BAMLH0A0HYM2
2021-01-12,3.85,BAMLH0A0HYM2
2021-01-13,3.82,BAMLH0A0HYM2
2021-01-14,3.73,BAMLH0A0HYM2
2021-01-15,3.74,BAMLH0A0HYM2
2021-01-18,3.73,BAMLH0A0HYM2
2021-01-19,3.71,BAMLH0A0HYM2
2021-01-20,3.67,BAMLH0A0HYM2
2021-01-21,3.65,BAMLH0A0HYM2
2021-01-22,3.75,BAMLH0A0HYM2
2021-01-25,3.75,BAMLH0A0HYM2
2021-01-26,3.74,BAMLH0A0HYM2
2021-01-27,3.85,BAMLH0A0HYM2
2021-01-28,3.76,BAMLH0A0HYM2
2021-01-29,3.79,BAMLH0A0HYM2
2021-01-31,3.84,BAMLH0A0HYM2
2021-02-01,3.83,BAMLH0A0HYM2
2021-02-02,3.75,BAMLH0A0HYM2
2021-02-03,3.68,BAMLH0A0HYM2
2021-02-04,3.64,BAMLH0A0HYM2
2021-02-05,3.58,BAMLH0A0HYM2
2021-02-08,3.54,BAMLH0A0HYM2
2021-02-09,3.51,BAMLH0A0HYM2
2021-02-10,3.51,BAMLH0A0HYM2
2021-02-11,3.5,BAMLH0A0HYM2
2021-02-12,3.48,BAMLH0A0HYM2
2021-02-15,3.47,BAMLH0A0HYM2
2021-02-16,3.41,BAMLH0A0HYM2
2021-02-17,3.44,BAMLH0A0HYM2
2021-02-18,3.46,BAMLH0A0HYM2
2021-02-19,3.41,BAMLH0A0HYM2
2021-02-22,3.44,BAMLH0A0HYM2
2021-02-23,3.47,BAMLH0A0HYM2
2021-02-24,3.42,BAMLH0A0HYM2
2021-02-25,3.42,BAMLH0A0HYM2
2021-02-26,3.52,BAMLH0A0HYM2
2021-02-28,3.57,BAMLH0A0HYM2
2021-03-01,3.54,BAMLH0A0HYM2
2021-03-02,3.53,BAMLH0A0HYM2
2021-03-03,3.51,BAMLH0A0HYM2
2021-03-04,3.54,BAMLH0A0HYM2
2021-03-05,3.6,BAMLH0A0HYM2
2021-03-08,3.57,BAMLH0A0HYM2
2021-03-09,3.62,BAMLH0A0HYM2
2021-03-10,3.63,BAMLH0A0HYM2
2021-03-11,3.52,BAMLH0A0HYM2
2021-03-12,3.55,BAMLH0A0HYM2
2021-03-15,3.55,BAMLH0A0HYM2
2021-03-16,3.55,BAMLH0A0HYM2
2021-03-17,3.65,BAMLH0A0HYM2
2021-03-18,3.66,BAMLH0A0HYM2
2021-03-19,3.67,BAMLH0A0HYM2
2021-03-22,3.58,BAMLH0A0HYM2
2021-03-23,3.57,BAMLH0A0HYM2
2021-03-24,3.51,BAMLH0A0HYM2
2021-03-25,3.53,BAMLH0A0HYM2
2021-03-26,3.48,BAMLH0A0HYM2
2021-03-29,3.43,BAMLH0A0HYM2
2021-03-30,3.44,BAMLH0A0HYM2
2021-03-31,3.36,BAMLH0A0HYM2
2021-04-01,3.33,BAMLH0A0HYM2
2021-04-02,,BAMLH0A0HYM2
2021-04-05,3.25,BAMLH0A0HYM2
2021-04-06,3.25,BAMLH0A0HYM2
2021-04-07,3.22,BAMLH0A0HYM2
2021-04-08,3.21,BAMLH0A0HYM2
2021-04-09,3.24,BAMLH0A0HYM2
2021-04-12,3.24,BAMLH0A0HYM2
2021-04-13,3.32,BAMLH0A0HYM2
2021-04-14,3.25,BAMLH0A0HYM2
2021-04-15,3.25,BAMLH0A0HYM2
2021-04-16,3.22,BAMLH0A0HYM2
2021-04-19,3.25,BAMLH0A0HYM2
2021-04-20,3.35,BAMLH0A0HYM2
2021-04-21,3.34,BAMLH0A0HYM2
2021-04-22,3.34,BAMLH0A0HYM2
2021-04-23,3.29,BAMLH0A0HYM2
2021-04-26,3.26,BAMLH0A0HYM2
2021-04-27,3.24,BAMLH0A0HYM2
2021-04-28,3.26,BAMLH0A0HYM2
2021-04-29,3.24,BAMLH0A0HYM2
2021-04-30,3.28,BAMLH0A0HYM2
2021-05-03,3.27,BAMLH0A0HYM2
2021-05-04,3.32,BAMLH0A0HYM2
2021-05-05,3.29,BAMLH0A0HYM2
2021-05-06,3.3,BAMLH0A0HYM2
2021-05-07,3.27,BAMLH0A0HYM2
2021-05-10,3.26,BAMLH0A0HYM2
2021-05-11,3.36,BAMLH0A0HYM2
2021-05-12,3.34,BAMLH0A0HYM2
2021-05-13,3.37,BAMLH0A0HYM2
2021-05-14,3.35,BAMLH0A0HYM2
2021-05-17,3.35,BAMLH0A0HYM2
2021-05-18,3.35,BAMLH0A0HYM2
2021-05-19,3.4,BAMLH0A0HYM2
2021-05-20,3.42,BAMLH0A0HYM2
2021-05-21,3.37,BAMLH0A0HYM2
2021-05-24,3.37,BAMLH0A0HYM2
2021-05-25,3.34,BAMLH0A0HYM2
2021-05-26,3.35,BAMLH0A0HYM2
2021-05-27,3.3,BAMLH0A0HYM2
2021-05-28,3.29,BAMLH0A0HYM2
2021-05-31,3.34,BAMLH0A0HYM2
2021-06-01,3.33,BAMLH0A0HYM2
2021-06-02,3.31,BAMLH0A0HYM2
2021-06-03,3.28,BAMLH0A0HYM2
2021-06-04,3.28,BAMLH0A0HYM2
2021-06-07,3.27,BAMLH0A0HYM2
2021-06-08,3.26,BAMLH0A0HYM2
2021-06-09,3.22,BAMLH0A0HYM2
2021-06-10,3.23,BAMLH0A0HYM2
2021-06-11,3.21,BAMLH0A0HYM2
2021-06-14,3.17,BAMLH0A0HYM2
2021-06-15,3.17,BAMLH0A0HYM2
2021-06-16,3.12,BAMLH0A0HYM2
2021-06-17,3.15,BAMLH0A0HYM2
2021-06-18,3.18,BAMLH0A0HYM2
2021-06-21,3.14,BAMLH0A0HYM2
2021-06-22,3.15,BAMLH0A0HYM2
2021-06-23,3.13,BAMLH0A0HYM2
2021-06-24,3.08,BAMLH0A0HYM2
2021-06-25,3.04,BAMLH0A0HYM2
2021-06-28,3.05,BAMLH0A0HYM2
2021-06-29,3.03,BAMLH0A0HYM2
2021-06-30,3.04,BAMLH0A0HYM2
2021-07-01,3.02,BAMLH0A0HYM2
2021-07-02,3.04,BAMLH0A0HYM2
2021-07-05,3.03,BAMLH0A0HYM2
2021-07-06,3.05,BAMLH0A0HYM2
2021-07-07,3.05,BAMLH0A0HYM2
2021-07-08,3.14,BAMLH0A0HYM2
2021-07-09,3.07,BAMLH0A0HYM2
2021-07-12,3.05,BAMLH0A0HYM2
2021-07-13,3.04,BAMLH0A0HYM2
2021-07-14,3.1,BAMLH0A0HYM2
2021-07-15,3.14,BAMLH0A0HYM2
2021-07-16,3.18,BAMLH0A0HYM2
2021-07-19,3.44,BAMLH0A0HYM2
2021-07-20,3.38,BAMLH0A0HYM2
2021-07-21,3.24,BAMLH0A0HYM2
2021-07-22,3.24,BAMLH0A0HYM2
2021-07-23,3.22,BAMLH0A0HYM2
2021-07-26,3.21,BAMLH0A0HYM2
2021-07-27,3.27,BAMLH0A0HYM2
2021-07-28,3.26,BAMLH0A0HYM2
2021-07-29,3.23,BAMLH0A0HYM2
2021-07-30,3.26,BAMLH0A0HYM2
2021-07-31,3.32,BAMLH0A0HYM2
2021-08-02,3.36,BAMLH0A0HYM2
2021-08-03,3.42,BAMLH0A0HYM2
2021-08-04,3.42,BAMLH0A0HYM2
2021-08-05,3.37,BAMLH0A0HYM2
2021-08-06,3.32,BAMLH0A0HYM2
2021-08-09,3.34,BAMLH0A0HYM2
2021-08-10,3.32,BAMLH0A0HYM2
2021-08-11,3.37,BAMLH0A0HYM2
2021-08-12,3.34,BAMLH0A0HYM2
2021-08-13,3.36,BAMLH0A0HYM2
2021-08-16,3.38,BAMLH0A0HYM2
2021-08-17,3.37,BAMLH0A0HYM2
2021-08-18,3.35,BAMLH0A0HYM2
2021-08-19,3.42,BAMLH0A0HYM2
2021-08-20,3.37,BAMLH0A0HYM2
2021-08-23,3.34,BAMLH0A0HYM2
2021-08-24,3.26,BAMLH0A0HYM2
2021-08-25,3.22,BAMLH0A0HYM2
2021-08-26,3.2,BAMLH0A0HYM2
2021-08-27,3.17,BAMLH0A0HYM2
2021-08-30,3.16,BAMLH0A0HYM2
2021-08-31,3.21,BAMLH0A0HYM2
2021-09-01,3.19,BAMLH0A0HYM2
2021-09-02,3.16,BAMLH0A0HYM2
2021-09-03,3.14,BAMLH0A0HYM2
2021-09-06,3.13,BAMLH0A0HYM2
2021-09-07,3.16,BAMLH0A0HYM2
2021-09-08,3.16,BAMLH0A0HYM2
2021-09-09,3.15,BAMLH0A0HYM2
2021-09-10,3.11,BAMLH0A0HYM2
2021-09-13,3.09,BAMLH0A0HYM2
2021-09-14,3.11,BAMLH0A0HYM2
2021-09-15,3.08,BAMLH0A0HYM2
2021-09-16,3.06,BAMLH0A0HYM2
2021-09-17,3.04,BAMLH0A0HYM2
2021-09-20,3.23,BAMLH0A0HYM2
2021-09-21,3.17,BAMLH0A0HYM2
2021-09-22,3.09,BAMLH0A0HYM2
2021-09-23,3.03,BAMLH0A0HYM2
2021-09-24,3.05,BAMLH0A0HYM2
2021-09-27,3.06,BAMLH0A0HYM2
2021-09-28,3.13,BAMLH0A0HYM2
2021-09-29,3.09,BAMLH0A0HYM2
2021-09-30,3.15,BAMLH0A0HYM2
2021-10-01,3.2,BAMLH0A0HYM2
2021-10-04,3.21,BAMLH0A0HYM2
2021-10-05,3.17,BAMLH0A0HYM2
2021-10-06,3.29,BAMLH0A0HYM2
2021-10-07,3.19,BAMLH0A0HYM2
2021-10-08,3.2,BAMLH0A0HYM2
2021-10-11,3.2,BAMLH0A0HYM2
2021-10-12,3.28,BAMLH0A0HYM2
2021-10-13,3.25,BAMLH0A0HYM2
2021-10-14,3.18,BAMLH0A0HYM2
2021-10-15,3.12,BAMLH0A0HYM2
2021-10-18,3.11,BAMLH0A0HYM2
2021-10-19,3.09,BAMLH0A0HYM2
2021-10-20,3.07,BAMLH0A0HYM2
2021-10-21,3.03,BAMLH0A0HYM2
2021-10-22,3.07,BAMLH0A0HYM2
2021-10-25,3.11,BAMLH0A0HYM2
2021-10-26,3.09,BAMLH0A0HYM2
2021-10-27,3.11,BAMLH0A0HYM2
2021-10-28,3.08,BAMLH0A0HYM2
2021-10-29,3.08,BAMLH0A0HYM2
2021-10-31,3.15,BAMLH0A0HYM2
2021-11-01,3.16,BAMLH0A0HYM2
2021-11-02,3.21,BAMLH0A0HYM2
2021-11-03,3.18,BAMLH0A0HYM2
2021-11-04,3.19,BAMLH0A0HYM2
2021-11-05,3.12,BAMLH0A0HYM2
2021-11-08,3.03,BAMLH0A0HYM2
2021-11-09,3.08,BAMLH0A0HYM2
2021-11-10,3.06,BAMLH0A0HYM2
2021-11-11,3.06,BAMLH0A0HYM2
2021-11-12,3.09,BAMLH0A0HYM2
2021-11-15,3.1,BAMLH0A0HYM2
2021-11-16,3.12,BAMLH0A0HYM2
2021-11-17,3.17,BAMLH0A0HYM2
2021-11-18,3.19,BAMLH0A0HYM2
2021-11-19,3.24,BAMLH0A0HYM2
2021-11-22,3.18,BAMLH0A0HYM2
2021-11-23,3.3,BAMLH0A0HYM2
2021-11-24,3.32,BAMLH0A0HYM2
2021-11-25,3.32,BAMLH0A0HYM2
2021-11-26,3.62,BAMLH0A0HYM2
2021-11-29,3.53,BAMLH0A0HYM2
2021-11-30,3.67,BAMLH0A0HYM2
2021-12-01,3.58,BAMLH0A0HYM2
2021-12-02,3.54,BAMLH0A0HYM2
2021-12-03,3.56,BAMLH0A0HYM2
2021-12-06,3.41,BAMLH0A0HYM2
2021-12-07,3.16,BAMLH0A0HYM2
2021-12-08,3.21,BAMLH0A0HYM2
2021-12-09,3.25,BAMLH0A0HYM2
2021-12-10,3.29,BAMLH0A0HYM2
2021-12-13,3.33,BAMLH0A0HYM2
2021-12-14,3.35,BAMLH0A0HYM2
2021-12-15,3.33,BAMLH0A0HYM2
2021-12-16,3.32,BAMLH0A0HYM2
2021-12-17,3.36,BAMLH0A0HYM2
2021-12-20,3.41,BAMLH0A0HYM2
2021-12-21,3.25,BAMLH0A0HYM2
2021-12-22,3.21,BAMLH0A0HYM2
2021-12-23,3.12,BAMLH0A0HYM2
2021-12-24,,BAMLH0A0HYM2
2021-12-27,3.02,BAMLH0A0HYM2
2021-12-28,3.01,BAMLH0A0HYM2
2021-12-29,3.03,BAMLH0A0HYM2
2021-12-30,3.09,BAMLH0A0HYM2
2021-12-31,3.1,BAMLH0A0HYM2
2022-01-03,3.05,BAMLH0A0HYM2
2022-01-04,3.09,BAMLH0A0HYM2
2022-01-05,3.07,BAMLH0A0HYM2
2022-01-06,3.15,BAMLH0A0HYM2
2022-01-07,3.2,BAMLH0A0HYM2
2022-01-10,3.24,BAMLH0A0HYM2
2022-01-11,3.18,BAMLH0A0HYM2
2022-01-12,3.06,BAMLH0A0HYM2
2022-01-13,3.1,BAMLH0A0HYM2
2022-01-14,3.09,BAMLH0A0HYM2
2022-01-17,3.09,BAMLH0A0HYM2
2022-01-18,3.12,BAMLH0A0HYM2
2022-01-19,3.11,BAMLH0A0HYM2
2022-01-20,3.1,BAMLH0A0HYM2
2022-01-21,3.29,BAMLH0A0HYM2
2022-01-24,3.44,BAMLH0A0HYM2
2022-01-25,3.39,BAMLH0A0HYM2
2022-01-26,3.25,BAMLH0A0HYM2
2022-01-27,3.46,BAMLH0A0HYM2
2022-01-28,3.61,BAMLH0A0HYM2
2022-01-31,3.63,BAMLH0A0HYM2
2022-02-01,3.51,BAMLH0A0HYM2
2022-02-02,3.45,BAMLH0A0HYM2
2022-02-03,3.51,BAMLH0A0HYM2
2022-02-04,3.56,BAMLH0A0HYM2
2022-02-07,3.6,BAMLH0A0HYM2
2022-02-08,3.55,BAMLH0A0HYM2
2022-02-09,3.46,BAMLH0A0HYM2
2022-02-10,3.44,BAMLH0A0HYM2
2022-02-11,3.66,BAMLH0A0HYM2
2022-02-14,3.74,BAMLH0A0HYM2
2022-02-15,3.67,BAMLH0A0HYM2
2022-02-16,3.68,BAMLH0A0HYM2
2022-02-17,3.74,BAMLH0A0HYM2
2022-02-18,3.78,BAMLH0A0HYM2
2022-02-21,3.78,BAMLH0A0HYM2
2022-02-22,3.75,BAMLH0A0HYM2
2022-02-23,3.72,BAMLH0A0HYM2
2022-02-24,3.93,BAMLH0A0HYM2
2022-02-25,3.62,BAMLH0A0HYM2
2022-02-28,3.77,BAMLH0A0HYM2
2022-03-01,3.89,BAMLH0A0HYM2
2022-03-02,3.71,BAMLH0A0HYM2
2022-03-03,3.71,BAMLH0A0HYM2
2022-03-04,3.9,BAMLH0A0HYM2
2022-03-07,4.01,BAMLH0A0HYM2
2022-03-08,4.03,BAMLH0A0HYM2
2022-03-09,3.94,BAMLH0A0HYM2
2022-03-10,4.0,BAMLH0A0HYM2
2022-03-11,4.05,BAMLH0A0HYM2
2022-03-14,4.16,BAMLH0A0HYM2
2022-03-15,4.21,BAMLH0A0HYM2
2022-03-16,3.96,BAMLH0A0HYM2
2022-03-17,3.81,BAMLH0A0HYM2
2022-03-18,3.81,BAMLH0A0HYM2
2022-03-21,3.67,BAMLH0A0HYM2
2022-03-22,3.7,BAMLH0A0HYM2
2022-03-23,3.72,BAMLH0A0HYM2
2022-03-24,3.67,BAMLH0A0HYM2
2022-03-25,3.51,BAMLH0A0HYM2
2022-03-28,3.54,BAMLH0A0HYM2
2022-03-29,3.38,BAMLH0A0HYM2
2022-03-30,3.33,BAMLH0A0HYM2
2022-03-31,3.43,BAMLH0A0HYM2
2022-04-01,3.4,BAMLH0A0HYM2
2022-04-04,3.33,BAMLH0A0HYM2
2022-04-05,3.27,BAMLH0A0HYM2
2022-04-06,3.48,BAMLH0A0HYM2
2022-04-07,3.54,BAMLH0A0HYM2
2022-04-08,3.57,BAMLH0A0HYM2
2022-04-11,3.73,BAMLH0A0HYM2
2022-04-12,3.75,BAMLH0A0HYM2
2022-04-13,3.77,BAMLH0A0HYM2
2022-04-14,3.68,BAMLH0A0HYM2
2022-04-15,,BAMLH0A0HYM2
2022-04-18,3.64,BAMLH0A0HYM2
2022-04-19,3.58,BAMLH0A0HYM2
2022-04-20,3.56,BAMLH0A0HYM2
2022-04-21,3.5,BAMLH0A0HYM2
2022-04-22,3.65,BAMLH0A0HYM2
2022-04-25,3.8,BAMLH0A0HYM2
2022-04-26,3.83,BAMLH0A0HYM2
2022-04-27,3.89,BAMLH0A0HYM2
2022-04-28,3.83,BAMLH0A0HYM2
2022-04-29,3.93,BAMLH0A0HYM2
2022-04-30,3.97,BAMLH0A0HYM2
2022-05-02,4.05,BAMLH0A0HYM2
2022-05-03,3.97,BAMLH0A0HYM2
2022-05-04,4.1,BAMLH0A0HYM2
2022-05-05,4.03,BAMLH0A0HYM2
2022-05-06,4.18,BAMLH0A0HYM2
2022-05-09,4.47,BAMLH0A0HYM2
2022-05-10,4.52,BAMLH0A0HYM2
2022-05-11,4.55,BAMLH0A0HYM2
2022-05-12,4.77,BAMLH0A0HYM2
2022-05-13,4.63,BAMLH0A0HYM2
2022-05-16,4.71,BAMLH0A0HYM2
2022-05-17,4.6,BAMLH0A0HYM2
2022-05-18,4.84,BAMLH0A0HYM2
2022-05-19,4.92,BAMLH0A0HYM2
2022-05-20,4.91,BAMLH0A0HYM2
2022-05-23,4.82,BAMLH0A0HYM2
2022-05-24,4.94,BAMLH0A0HYM2
2022-05-25,4.74,BAMLH0A0HYM2
2022-05-26,4.38,BAMLH0A0HYM2
2022-05-27,4.19,BAMLH0A0HYM2
2022-05-30,4.19,BAMLH0A0HYM2
2022-05-31,4.22,BAMLH0A0HYM2
2022-06-01,4.13,BAMLH0A0HYM2
2022-06-02,4.15,BAMLH0A0HYM2
2022-06-03,4.21,BAMLH0A0HYM2
2022-06-06,4.19,BAMLH0A0HYM2
2022-06-07,4.34,BAMLH0A0HYM2
2022-06-08,4.34,BAMLH0A0HYM2
2022-06-09,4.42,BAMLH0A0HYM2
2022-06-10,4.51,BAMLH0A0HYM2
2022-06-13,4.87,BAMLH0A0HYM2
2022-06-14,4.9,BAMLH0A0HYM2
2022-06-15,4.82,BAMLH0A0HYM2
2022-06-16,5.17,BAMLH0A0HYM2
2022-06-17,5.15,BAMLH0A0HYM2
2022-06-20,5.15,BAMLH0A0HYM2
2022-06-21,5.05,BAMLH0A0HYM2
2022-06-22,5.32,BAMLH0A0HYM2
2022-06-23,5.38,BAMLH0A0HYM2
2022-06-24,5.18,BAMLH0A0HYM2
2022-06-27,5.11,BAMLH0A0HYM2
2022-06-28,5.26,BAMLH0A0HYM2
2022-06-29,5.62,BAMLH0A0HYM2
2022-06-30,5.87,BAMLH0A0HYM2
2022-07-01,5.92,BAMLH0A0HYM2
2022-07-04,5.93,BAMLH0A0HYM2
2022-07-05,5.99,BAMLH0A0HYM2
2022-07-06,5.8,BAMLH0A0HYM2
2022-07-07,5.5,BAMLH0A0HYM2
2022-07-08,5.36,BAMLH0A0HYM2
2022-07-11,5.44,BAMLH0A0HYM2
2022-07-12,5.43,BAMLH0A0HYM2
2022-07-13,5.47,BAMLH0A0HYM2
2022-07-14,5.53,BAMLH0A0HYM2
2022-07-15,5.39,BAMLH0A0HYM2
2022-07-18,5.25,BAMLH0A0HYM2
2022-07-19,5.1,BAMLH0A0HYM2
2022-07-20,4.9,BAMLH0A0HYM2
2022-07-21,4.99,BAMLH0A0HYM2
2022-07-22,4.96,BAMLH0A0HYM2
2022-07-25,4.95,BAMLH0A0HYM2
2022-07-26,5.06,BAMLH0A0HYM2
2022-07-27,5.07,BAMLH0A0HYM2
2022-07-28,4.98,BAMLH0A0HYM2
2022-07-29,4.77,BAMLH0A0HYM2
2022-07-31,4.83,BAMLH0A0HYM2
2022-08-01,4.8,BAMLH0A0HYM2
2022-08-02,4.61,BAMLH0A0HYM2
2022-08-03,4.54,BAMLH0A0HYM2
2022-08-04,4.55,BAMLH0A0HYM2
2022-08-05,4.44,BAMLH0A0HYM2
2022-08-08,4.41,BAMLH0A0HYM2
2022-08-09,4.46,BAMLH0A0HYM2
2022-08-10,4.33,BAMLH0A0HYM2
2022-08-11,4.21,BAMLH0A0HYM2
2022-08-12,4.25,BAMLH0A0HYM2
2022-08-15,4.24,BAMLH0A0HYM2
2022-08-16,4.25,BAMLH0A0HYM2
2022-08-17,4.33,BAMLH0A0HYM2
2022-08-18,4.37,BAMLH0A0HYM2
2022-08-19,4.45,BAMLH0A0HYM2
2022-08-22,4.62,BAMLH0A0HYM2
2022-08-23,4.68,BAMLH0A0HYM2
2022-08-24,4.61,BAMLH0A0HYM2
2022-08-25,4.6,BAMLH0A0HYM2
2022-08-26,4.65,BAMLH0A0HYM2
2022-08-29,4.78,BAMLH0A0HYM2
2022-08-30,4.9,BAMLH0A0HYM2
2022-08-31,5.03,BAMLH0A0HYM2
2022-09-01,5.08,BAMLH0A0HYM2
2022-09-02,5.06,BAMLH0A0HYM2
2022-09-05,5.07,BAMLH0A0HYM2
2022-09-06,4.98,BAMLH0A0HYM2
2022-09-07,4.97,BAMLH0A0HYM2
2022-09-08,4.8,BAMLH0A0HYM2
2022-09-09,4.57,BAMLH0A0HYM2
2022-09-12,4.5,BAMLH0A0HYM2
2022-09-13,4.68,BAMLH0A0HYM2
2022-09-14,4.74,BAMLH0A0HYM2
2022-09-15,4.77,BAMLH0A0HYM2
2022-09-16,5.0,BAMLH0A0HYM2
2022-09-19,4.88,BAMLH0A0HYM2
2022-09-20,4.88,BAMLH0A0HYM2
2022-09-21,4.87,BAMLH0A0HYM2
2022-09-22,4.91,BAMLH0A0HYM2
2022-09-23,5.12,BAMLH0A0HYM2
2022-09-26,5.18,BAMLH0A0HYM2
2022-09-27,5.22,BAMLH0A0HYM2
2022-09-28,5.47,BAMLH0A0HYM2
2022-09-29,5.5,BAMLH0A0HYM2
2022-09-30,5.43,BAMLH0A0HYM2
2022-10-03,5.43,BAMLH0A0HYM2
2022-10-04,5.12,BAMLH0A0HYM2
2022-10-05,5.09,BAMLH0A0HYM2
2022-10-06,4.95,BAMLH0A0HYM2
2022-10-07,5.02,BAMLH0A0HYM2
2022-10-10,5.03,BAMLH0A0HYM2
2022-10-11,5.25,BAMLH0A0HYM2
2022-10-12,5.31,BAMLH0A0HYM2
2022-10-13,5.25,BAMLH0A0HYM2
2022-10-14,5.15,BAMLH0A0HYM2
2022-10-17,5.04,BAMLH0A0HYM2
2022-10-18,4.95,BAMLH0A0HYM2
2022-10-19,4.97,BAMLH0A0HYM2
2022-10-20,4.89,BAMLH0A0HYM2
2022-10-21,4.99,BAMLH0A0HYM2
2022-10-24,4.91,BAMLH0A0HYM2
2022-10-25,4.88,BAMLH0A0HYM2
2022-10-26,4.8,BAMLH0A0HYM2
2022-10-27,4.76,BAMLH0A0HYM2
2022-10-28,4.54,BAMLH0A0HYM2
2022-10-31,4.63,BAMLH0A0HYM2
2022-11-01,4.61,BAMLH0A0HYM2
2022-11-02,4.62,BAMLH0A0HYM2
2022-11-03,4.81,BAMLH0A0HYM2
2022-11-04,4.77,BAMLH0A0HYM2
2022-11-07,4.71,BAMLH0A0HYM2
2022-11-08,4.79,BAMLH0A0HYM2
2022-11-09,4.99,BAMLH0A0HYM2
2022-11-10,4.8,BAMLH0A0HYM2
2022-11-11,4.81,BAMLH0A0HYM2
2022-11-14,4.67,BAMLH0A0HYM2
2022-11-15,4.64,BAMLH0A0HYM2
2022-11-16,4.71,BAMLH0A0HYM2
2022-11-17,4.75,BAMLH0A0HYM2
2022-11-18,4.65,BAMLH0A0HYM2
2022-11-21,4.64,BAMLH0A0HYM2
2022-11-22,4.57,BAMLH0A0HYM2
2022-11-23,4.51,BAMLH0A0HYM2
2022-11-24,4.51,BAMLH0A0HYM2
2022-11-25,4.52,BAMLH0A0HYM2
2022-11-28,4.63,BAMLH0A0HYM2
2022-11-29,4.63,BAMLH0A0HYM2
2022-11-30,4.55,BAMLH0A0HYM2
2022-12-01,4.48,BAMLH0A0HYM2
2022-12-02,4.5,BAMLH0A0HYM2
2022-12-05,4.43,BAMLH0A0HYM2
2022-12-06,4.57,BAMLH0A0HYM2
2022-12-07,4.68,BAMLH0A0HYM2
2022-12-08,4.55,BAMLH0A0HYM2
2022-12-09,4.46,BAMLH0A0HYM2
2022-12-12,4.4,BAMLH0A0HYM2
2022-12-13,4.34,BAMLH0A0HYM2
2022-12-14,4.37,BAMLH0A0HYM2
2022-12-15,4.54,BAMLH0A0HYM2
2022-12-16,4.67,BAMLH0A0HYM2
2022-12-19,4.67,BAMLH0A0HYM2
2022-12-20,4.68,BAMLH0A0HYM2
2022-12-21,4.56,BAMLH0A0HYM2
2022-12-22,4.61,BAMLH0A0HYM2
2022-12-23,4.59,BAMLH0A0HYM2
2022-12-26,,BAMLH0A0HYM2
2022-12-27,4.55,BAMLH0A0HYM2
2022-12-28,4.77,BAMLH0A0HYM2
2022-12-29,4.81,BAMLH0A0HYM2
2022-12-30,4.79,BAMLH0A0HYM2
2022-12-31,4.81,BAMLH0A0HYM2
2023-01-02,,BAMLH0A0HYM2
2023-01-03,4.7,BAMLH0A0HYM2
2023-01-04,4.62,BAMLH0A0HYM2
2023-01-05,4.58,BAMLH0A0HYM2
2023-01-06,4.47,BAMLH0A0HYM2
2023-01-09,4.37,BAMLH0A0HYM2
2023-01-10,4.33,BAMLH0A0HYM2
2023-01-11,4.3,BAMLH0A0HYM2
2023-01-12,4.29,BAMLH0A0HYM2
2023-01-13,4.21,BAMLH0A0HYM2
2023-01-16,4.19,BAMLH0A0HYM2
2023-01-17,4.19,BAMLH0A0HYM2
2023-01-18,4.25,BAMLH0A0HYM2
2023-01-19,4.39,BAMLH0A0HYM2
2023-01-20,4.35,BAMLH0A0HYM2
2023-01-23,4.27,BAMLH0A0HYM2
2023-01-24,4.33,BAMLH0A0HYM2
2023-01-25,4.35,BAMLH0A0HYM2
2023-01-26,4.24,BAMLH0A0HYM2
2023-01-27,4.23,BAMLH0A0HYM2
2023-01-30,4.26,BAMLH0A0HYM2
2023-01-31,4.3,BAMLH0A0HYM2
2023-02-01,4.31,BAMLH0A0HYM2
2023-02-02,3.94,BAMLH0A0HYM2
2023-02-03,3.95,BAMLH0A0HYM2
2023-02-06,3.99,BAMLH0A0HYM2
2023-02-07,3.99,BAMLH0A0HYM2
2023-02-08,4.07,BAMLH0A0HYM2
2023-02-09,4.05,BAMLH0A0HYM2
2023-02-10,4.24,BAMLH0A0HYM2
2023-02-13,4.23,BAMLH0A0HYM2
2023-02-14,4.15,BAMLH0A0HYM2
2023-02-15,4.18,BAMLH0A0HYM2
2023-02-16,4.24,BAMLH0A0HYM2
2023-02-17,4.38,BAMLH0A0HYM2
2023-02-20,4.38,BAMLH0A0HYM2
2023-02-21,4.49,BAMLH0A0HYM2
2023-02-22,4.41,BAMLH0A0HYM2
2023-02-23,4.3,BAMLH0A0HYM2
2023-02-24,4.28,BAMLH0A0HYM2
2023-02-27,4.21,BAMLH0A0HYM2
2023-02-28,4.22,BAMLH0A0HYM2
2023-03-01,4.17,BAMLH0A0HYM2
2023-03-02,4.18,BAMLH0A0HYM2
2023-03-03,4.05,BAMLH0A0HYM2
2023-03-06,3.97,BAMLH0A0HYM2
2023-03-07,3.98,BAMLH0A0HYM2
2023-03-08,4.09,BAMLH0A0HYM2
2023-03-09,4.27,BAMLH0A0HYM2
2023-03-10,4.61,BAMLH0A0HYM2
2023-03-13,5.03,BAMLH0A0HYM2
2023-03-14,4.74,BAMLH0A0HYM2
2023-03-15,5.2,BAMLH0A0HYM2
2023-03-16,4.93,BAMLH0A0HYM2
2023-03-17,5.17,BAMLH0A0HYM2
2023-03-20,5.15,BAMLH0A0HYM2
2023-03-21,4.85,BAMLH0A0HYM2
2023-03-22,5.0,BAMLH0A0HYM2
2023-03-23,5.1,BAMLH0A0HYM2
2023-03-24,5.22,BAMLH0A0HYM2
2023-03-27,5.03,BAMLH0A0HYM2
2023-03-28,5.01,BAMLH0A0HYM2
2023-03-29,4.83,BAMLH0A0HYM2
2023-03-30,4.74,BAMLH0A0HYM2
2023-03-31,4.58,BAMLH0A0HYM2
2023-04-03,4.58,BAMLH0A0HYM2
2023-04-04,4.73,BAMLH0A0HYM2
2023-04-05,4.84,BAMLH0A0HYM2
2023-04-06,4.84,BAMLH0A0HYM2
2023-04-07,,BAMLH0A0HYM2
2023-04-10,4.7,BAMLH0A0HYM2
2023-04-11,4.63,BAMLH0A0HYM2
2023-04-12,4.62,BAMLH0A0HYM2
2023-04-13,4.49,BAMLH0A0HYM2
2023-04-14,4.43,BAMLH0A0HYM2
2023-04-17,4.41,BAMLH0A0HYM2
2023-04-18,4.37,BAMLH0A0HYM2
2023-04-19,4.41,BAMLH0A0HYM2
2023-04-20,4.54,BAMLH0A0HYM2
2023-04-21,4.46,BAMLH0A0HYM2
2023-04-24,4.48,BAMLH0A0HYM2
2023-04-25,4.64,BAMLH0A0HYM2
2023-04-26,4.63,BAMLH0A0HYM2
2023-04-27,4.48,BAMLH0A0HYM2
2023-04-28,4.5,BAMLH0A0HYM2
2023-04-30,4.53,BAMLH0A0HYM2
2023-05-01,4.45,BAMLH0A0HYM2
2023-05-02,4.7,BAMLH0A0HYM2
2023-05-03,4.79,BAMLH0A0HYM2
2023-05-04,4.95,BAMLH0A0HYM2
2023-05-05,4.77,BAMLH0A0HYM2
2023-05-08,4.72,BAMLH0A0HYM2
2023-05-09,4.74,BAMLH0A0HYM2
2023-05-10,4.78,BAMLH0A0HYM2
2023-05-11,4.81,BAMLH0A0HYM2
2023-05-12,4.76,BAMLH0A0HYM2
2023-05-15,4.77,BAMLH0A0HYM2
2023-05-16,4.79,BAMLH0A0HYM2
2023-05-17,4.75,BAMLH0A0HYM2
2023-05-18,4.69,BAMLH0A0HYM2
2023-05-19,4.62,BAMLH0A0HYM2
2023-05-22,4.54,BAMLH0A0HYM2
2023-05-23,4.6,BAMLH0A0HYM2
2023-05-24,4.68,BAMLH0A0HYM2
2023-05-25,4.58,BAMLH0A0HYM2
2023-05-26,4.53,BAMLH0A0HYM2
2023-05-29,4.54,BAMLH0A0HYM2
2023-05-30,4.58,BAMLH0A0HYM2
2023-05-31,4.69,BAMLH0A0HYM2
2023-06-01,4.65,BAMLH0A0HYM2
2023-06-02,4.37,BAMLH0A0HYM2
2023-06-05,4.39,BAMLH0A0HYM2
2023-06-06,4.39,BAMLH0A0HYM2
2023-06-07,4.33,BAMLH0A0HYM2
2023-06-08,4.39,BAMLH0A0HYM2
2023-06-09,4.29,BAMLH0A0HYM2
2023-06-12,4.34,BAMLH0A0HYM2
2023-06-13,4.18,BAMLH0A0HYM2
2023-06-14,4.18,BAMLH0A0HYM2
2023-06-15,4.21,BAMLH0A0HYM2
2023-06-16,4.15,BAMLH0A0HYM2
2023-06-19,4.15,BAMLH0A0HYM2
2023-06-20,4.22,BAMLH0A0HYM2
2023-06-21,4.32,BAMLH0A0HYM2
2023-06-22,4.3,BAMLH0A0HYM2
2023-06-23,4.4,BAMLH0A0HYM2
2023-06-26,4.45,BAMLH0A0HYM2
2023-06-27,4.3,BAMLH0A0HYM2
2023-06-28,4.27,BAMLH0A0HYM2
2023-06-29,4.14,BAMLH0A0HYM2
2023-06-30,4.05,BAMLH0A0HYM2
2023-07-03,3.99,BAMLH0A0HYM2
2023-07-04,3.99,BAMLH0A0HYM2
2023-07-05,4.01,BAMLH0A0HYM2
2023-07-06,4.1,BAMLH0A0HYM2
2023-07-07,4.08,BAMLH0A0HYM2
2023-07-10,4.13,BAMLH0A0HYM2
2023-07-11,4.05,BAMLH0A0HYM2
2023-07-12,3.95,BAMLH0A0HYM2
2023-07-13,3.97,BAMLH0A0HYM2
2023-07-14,3.9,BAMLH0A0HYM2
2023-07-17,3.97,BAMLH0A0HYM2
2023-07-18,3.9,BAMLH0A0HYM2
2023-07-19,3.89,BAMLH0A0HYM2
2023-07-20,3.9,BAMLH0A0HYM2
2023-07-21,3.89,BAMLH0A0HYM2
2023-07-24,3.82,BAMLH0A0HYM2
2023-07-25,3.84,BAMLH0A0HYM2
2023-07-26,3.91,BAMLH0A0HYM2
2023-07-27,3.78,BAMLH0A0HYM2
2023-07-28,3.82,BAMLH0A0HYM2
2023-07-31,3.79,BAMLH0A0HYM2
2023-08-01,3.82,BAMLH0A0HYM2
2023-08-02,3.96,BAMLH0A0HYM2
2023-08-03,3.98,BAMLH0A0HYM2
2023-08-04,4.01,BAMLH0A0HYM2
2023-08-07,3.97,BAMLH0A0HYM2
2023-08-08,4.0,BAMLH0A0HYM2
2023-08-09,3.94,BAMLH0A0HYM2
2023-08-10,3.83,BAMLH0A0HYM2
2023-08-11,3.83,BAMLH0A0HYM2
2023-08-14,3.79,BAMLH0A0HYM2
2023-08-15,3.85,BAMLH0A0HYM2
2023-08-16,3.81,BAMLH0A0HYM2
2023-08-17,3.95,BAMLH0A0HYM2
2023-08-18,4.02,BAMLH0A0HYM2
2023-08-21,3.97,BAMLH0A0HYM2
2023-08-22,3.93,BAMLH0A0HYM2
2023-08-23,3.92,BAMLH0A0HYM2
2023-08-24,3.91,BAMLH0A0HYM2
2023-08-25,3.9,BAMLH0A0HYM2
2023-08-28,3.86,BAMLH0A0HYM2
2023-08-29,3.87,BAMLH0A0HYM2
2023-08-30,3.8,BAMLH0A0HYM2
2023-08-31,3.85,BAMLH0A0HYM2
2023-09-01,3.81,BAMLH0A0HYM2
2023-09-04,3.81,BAMLH0A0HYM2
2023-09-05,3.83,BAMLH0A0HYM2
2023-09-06,3.86,BAMLH0A0HYM2
2023-09-07,3.9,BAMLH0A0HYM2
2023-09-08,3.85,BAMLH0A0HYM2
2023-09-11,3.82,BAMLH0A0HYM2
2023-09-12,3.84,BAMLH0A0HYM2
2023-09-13,3.85,BAMLH0A0HYM2
2023-09-14,3.78,BAMLH0A0HYM2
2023-09-15,3.79,BAMLH0A0HYM2
2023-09-18,3.82,BAMLH0A0HYM2
2023-09-19,3.82,BAMLH0A0HYM2
2023-09-20,3.77,BAMLH0A0HYM2
2023-09-21,3.89,BAMLH0A0HYM2
2023-09-22,3.93,BAMLH0A0HYM2
2023-09-25,3.97,BAMLH0A0HYM2
2023-09-26,4.04,BAMLH0A0HYM2
2023-09-27,4.03,BAMLH0A0HYM2
2023-09-28,4.09,BAMLH0A0HYM2
2023-09-29,4.03,BAMLH0A0HYM2
2023-09-30,4.03,BAMLH0A0HYM2
2023-10-02,4.11,BAMLH0A0HYM2
2023-10-03,4.26,BAMLH0A0HYM2
2023-10-04,4.37,BAMLH0A0HYM2
2023-10-05,4.38,BAMLH0A0HYM2
2023-10-06,4.33,BAMLH0A0HYM2
2023-10-09,4.34,BAMLH0A0HYM2
2023-10-10,4.26,BAMLH0A0HYM2
2023-10-11,4.25,BAMLH0A0HYM2
2023-10-12,4.25,BAMLH0A0HYM2
2023-10-13,4.3,BAMLH0A0HYM2
2023-10-16,4.27,BAMLH0A0HYM2
2023-10-17,4.25,BAMLH0A0HYM2
2023-10-18,4.32,BAMLH0A0HYM2
2023-10-19,4.37,BAMLH0A0HYM2
2023-10-20,4.52,BAMLH0A0HYM2
2023-10-23,4.51,BAMLH0A0HYM2
2023-10-24,4.41,BAMLH0A0HYM2
2023-10-25,4.37,BAMLH0A0HYM2
2023-10-26,4.5,BAMLH0A0HYM2
2023-10-27,4.53,BAMLH0A0HYM2
2023-10-30,4.5,BAMLH0A0HYM2
2023-10-31,4.42,BAMLH0A0HYM2
2023-11-01,4.47,BAMLH0A0HYM2
2023-11-02,4.15,BAMLH0A0HYM2
2023-11-03,4.04,BAMLH0A0HYM2
2023-11-06,4.0,BAMLH0A0HYM2
2023-11-07,4.08,BAMLH0A0HYM2
2023-11-08,4.08,BAMLH0A0HYM2
2023-11-09,4.04,BAMLH0A0HYM2
2023-11-10,4.03,BAMLH0A0HYM2
2023-11-13,4.03,BAMLH0A0HYM2
2023-11-14,3.92,BAMLH0A0HYM2
2023-11-15,3.89,BAMLH0A0HYM2
2023-11-16,4.02,BAMLH0A0HYM2
2023-11-17,3.99,BAMLH0A0HYM2
2023-11-20,3.92,BAMLH0A0HYM2
2023-11-21,3.95,BAMLH0A0HYM2
2023-11-22,3.9,BAMLH0A0HYM2
2023-11-23,3.9,BAMLH0A0HYM2
2023-11-24,3.85,BAMLH0A0HYM2
2023-11-27,3.89,BAMLH0A0HYM2
2023-11-28,3.9,BAMLH0A0HYM2
2023-11-29,3.8,BAMLH0A0HYM2
2023-11-30,3.84,BAMLH0A0HYM2
2023-12-01,3.87,BAMLH0A0HYM2
2023-12-04,3.8,BAMLH0A0HYM2
2023-12-05,3.8,BAMLH0A0HYM2
2023-12-06,3.79,BAMLH0A0HYM2
2023-12-07,3.77,BAMLH0A0HYM2
2023-12-08,3.75,BAMLH0A0HYM2
2023-12-11,3.79,BAMLH0A0HYM2
2023-12-12,3.76,BAMLH0A0HYM2
2023-12-13,3.79,BAMLH0A0HYM2
2023-12-14,3.47,BAMLH0A0HYM2
2023-12-15,3.51,BAMLH0A0HYM2
2023-12-18,3.51,BAMLH0A0HYM2
2023-12-19,3.46,BAMLH0A0HYM2
2023-12-20,3.43,BAMLH0A0HYM2
2023-12-21,3.41,BAMLH0A0HYM2
2023-12-22,3.39,BAMLH0A0HYM2
2023-12-25,,BAMLH0A0HYM2
2023-12-26,3.37,BAMLH0A0HYM2
2023-12-27,3.34,BAMLH0A0HYM2
2023-12-28,3.32,BAMLH0A0HYM2
2023-12-29,3.34,BAMLH0A0HYM2
2023-12-31,3.39,BAMLH0A0HYM2
2024-01-01,,BAMLH0A0HYM2
2024-01-02,3.54,BAMLH0A0HYM2
2024-01-03,3.71,BAMLH0A0HYM2
2024-01-04,3.69,BAMLH0A0HYM2
2024-01-05,3.68,BAMLH0A0HYM2
2024-01-08,3.63,BAMLH0A0HYM2
2024-01-09,3.59,BAMLH0A0HYM2
2024-01-10,3.5,BAMLH0A0HYM2
2024-01-11,3.55,BAMLH0A0HYM2
2024-01-12,3.56,BAMLH0A0HYM2
2024-01-15,3.54,BAMLH0A0HYM2
2024-01-16,3.58,BAMLH0A0HYM2
2024-01-17,3.62,BAMLH0A0HYM2
2024-01-18,3.58,BAMLH0A0HYM2
2024-01-19,3.54,BAMLH0A0HYM2
2024-01-22,3.49,BAMLH0A0HYM2
2024-01-23,3.51,BAMLH0A0HYM2
2024-01-24,3.44,BAMLH0A0HYM2
2024-01-25,3.45,BAMLH0A0HYM2
2024-01-26,3.39,BAMLH0A0HYM2
2024-01-29,3.41,BAMLH0A0HYM2
2024-01-30,3.42,BAMLH0A0HYM2
2024-01-31,3.59,BAMLH0A0HYM2
2024-02-01,3.56,BAMLH0A0HYM2
2024-02-02,3.47,BAMLH0A0HYM2
2024-02-05,3.5,BAMLH0A0HYM2
2024-02-06,3.52,BAMLH0A0HYM2
2024-02-07,3.43,BAMLH0A0HYM2
2024-02-08,3.38,BAMLH0A0HYM2
2024-02-09,3.33,BAMLH0A0HYM2
2024-02-12,3.35,BAMLH0A0HYM2
2024-02-13,3.36,BAMLH0A0HYM2
2024-02-14,3.38,BAMLH0A0HYM2
2024-02-15,3.35,BAMLH0A0HYM2
2024-02-16,3.34,BAMLH0A0HYM2
2024-02-19,3.34,BAMLH0A0HYM2
2024-02-20,3.37,BAMLH0A0HYM2
2024-02-21,3.34,BAMLH0A0HYM2
2024-02-22,3.22,BAMLH0A0HYM2
2024-02-23,3.23,BAMLH0A0HYM2
2024-02-26,3.23,BAMLH0A0HYM2
2024-02-27,3.26,BAMLH0A0HYM2
2024-02-28,3.31,BAMLH0A0HYM2
2024-02-29,3.29,BAMLH0A0HYM2
2024-03-01,3.32,BAMLH0A0HYM2
2024-03-04,3.26,BAMLH0A0HYM2
2024-03-05,3.31,BAMLH0A0HYM2
2024-03-06,3.27,BAMLH0A0HYM2
2024-03-07,3.27,BAMLH0A0HYM2
2024-03-08,3.26,BAMLH0A0HYM2
2024-03-11,3.26,BAMLH0A0HYM2
2024-03-12,3.2,BAMLH0A0HYM2
2024-03-13,3.15,BAMLH0A0HYM2
2024-03-14,3.15,BAMLH0A0HYM2
2024-03-15,3.16,BAMLH0A0HYM2
2024-03-18,3.13,BAMLH0A0HYM2
2024-03-19,3.1,BAMLH0A0HYM2
2024-03-20,3.14,BAMLH0A0HYM2
2024-03-21,3.05,BAMLH0A0HYM2
2024-03-22,3.08,BAMLH0A0HYM2
2024-03-25,3.11,BAMLH0A0HYM2
2024-03-26,3.15,BAMLH0A0HYM2
2024-03-27,3.15,BAMLH0A0HYM2
2024-03-28,3.12,BAMLH0A0HYM2
2024-03-29,,BAMLH0A0HYM2
2024-03-31,3.15,BAMLH0A0HYM2
2024-04-01,3.12,BAMLH0A0HYM2
2024-04-02,3.23,BAMLH0A0HYM2
2024-04-03,3.23,BAMLH0A0HYM2
2024-04-04,3.24,BAMLH0A0HYM2
2024-04-05,3.18,BAMLH0A0HYM2
2024-04-08,3.15,BAMLH0A0HYM2
2024-04-09,3.14,BAMLH0A0HYM2
2024-04-10,3.1,BAMLH0A0HYM2
2024-04-11,3.16,BAMLH0A0HYM2
2024-04-12,3.25,BAMLH0A0HYM2
2024-04-15,3.28,BAMLH0A0HYM2
2024-04-16,3.36,BAMLH0A0HYM2
2024-04-17,3.42,BAMLH0A0HYM2
2024-04-18,3.39,BAMLH0A0HYM2
2024-04-19,3.37,BAMLH0A0HYM2
2024-04-22,3.29,BAMLH0A0HYM2
2024-04-23,3.2,BAMLH0A0HYM2
2024-04-24,3.19,BAMLH0A0HYM2
2024-04-25,3.24,BAMLH0A0HYM2
2024-04-26,3.16,BAMLH0A0HYM2
2024-04-29,3.12,BAMLH0A0HYM2
2024-04-30,3.18,BAMLH0A0HYM2
2024-05-01,3.21,BAMLH0A0HYM2
2024-05-02,3.16,BAMLH0A0HYM2
2024-05-03,3.08,BAMLH0A0HYM2
2024-05-06,3.03,BAMLH0A0HYM2
2024-05-07,3.06,BAMLH0A0HYM2
2024-05-08,3.1,BAMLH0A0HYM2
2024-05-09,3.14,BAMLH0A0HYM2
2024-05-10,3.12,BAMLH0A0HYM2
2024-05-13,3.14,BAMLH0A0HYM2
2024-05-14,3.14,BAMLH0A0HYM2
2024-05-15,3.13,BAMLH0A0HYM2
2024-05-16,3.08,BAMLH0A0HYM2
2024-05-17,3.09,BAMLH0A0HYM2
2024-05-20,3.07,BAMLH0A0HYM2
2024-05-21,3.07,BAMLH0A0HYM2
2024-05-22,3.11,BAMLH0A0HYM2
2024-05-23,3.1,BAMLH0A0HYM2
2024-05-24,3.11,BAMLH0A0HYM2
2024-05-27,3.12,BAMLH0A0HYM2
2024-05-28,3.09,BAMLH0A0HYM2
2024-05-29,3.15,BAMLH0A0HYM2
2024-05-30,3.19,BAMLH0A0HYM2
2024-05-31,3.2,BAMLH0A0HYM2
2024-06-03,3.17,BAMLH0A0HYM2
2024-06-04,3.22,BAMLH0A0HYM2
2024-06-05,3.2,BAMLH0A0HYM2
2024-06-06,3.2,BAMLH0A0HYM2
2024-06-07,3.15,BAMLH0A0HYM2
2024-06-10,3.15,BAMLH0A0HYM2
2024-06-11,3.19,BAMLH0A0HYM2
2024-06-12,3.09,BAMLH0A0HYM2
2024-06-13,3.2,BAMLH0A0HYM2
2024-06-14,3.29,BAMLH0A0HYM2
2024-06-17,3.26,BAMLH0A0HYM2
2024-06-18,3.24,BAMLH0A0HYM2
2024-06-19,3.24,BAMLH0A0HYM2
2024-06-20,3.23,BAMLH0A0HYM2
2024-06-21,3.21,BAMLH0A0HYM2
2024-06-24,3.19,BAMLH0A0HYM2
2024-06-25,3.19,BAMLH0A0HYM2
2024-06-26,3.18,BAMLH0A0HYM2
2024-06-27,3.21,BAMLH0A0HYM2
2024-06-28,3.18,BAMLH0A0HYM2
2024-06-30,3.21,BAMLH0A0HYM2
2024-07-01,3.21,BAMLH0A0HYM2
2024-07-02,3.23,BAMLH0A0HYM2
2024-07-03,3.25,BAMLH0A0HYM2
2024-07-04,3.25,BAMLH0A0HYM2
2024-07-05,3.27,BAMLH0A0HYM2
2024-07-08,3.2,BAMLH0A0HYM2
2024-07-09,3.21,BAMLH0A0HYM2
2024-07-10,3.17,BAMLH0A0HYM2
2024-07-11,3.18,BAMLH0A0HYM2
2024-07-12,3.19,BAMLH0A0HYM2
2024-07-15,3.13,BAMLH0A0HYM2
2024-07-16,3.08,BAMLH0A0HYM2
2024-07-17,3.09,BAMLH0A0HYM2
2024-07-18,3.09,BAMLH0A0HYM2
2024-07-19,3.09,BAMLH0A0HYM2
2024-07-22,3.05,BAMLH0A0HYM2
2024-07-23,3.02,BAMLH0A0HYM2
2024-07-24,3.1,BAMLH0A0HYM2
2024-07-25,3.08,BAMLH0A0HYM2
2024-07-26,3.1,BAMLH0A0HYM2
2024-07-29,3.13,BAMLH0A0HYM2
2024-07-30,3.2,BAMLH0A0HYM2
2024-07-31,3.25,BAMLH0A0HYM2
2024-08-01,3.35,BAMLH0A0HYM2
2024-08-02,3.72,BAMLH0A0HYM2
2024-08-05,3.93,BAMLH0A0HYM2
2024-08-06,3.67,BAMLH0A0HYM2
2024-08-07,3.57,BAMLH0A0HYM2
2024-08-08,3.48,BAMLH0A0HYM2
2024-08-09,3.49,BAMLH0A0HYM2
2024-08-12,3.52,BAMLH0A0HYM2
2024-08-13,3.54,BAMLH0A0HYM2
2024-08-14,3.46,BAMLH0A0HYM2
2024-08-15,3.31,BAMLH0A0HYM2
2024-08-16,3.29,BAMLH0A0HYM2
2024-08-19,3.21,BAMLH0A0HYM2
2024-08-20,3.25,BAMLH0A0HYM2
2024-08-21,3.27,BAMLH0A0HYM2
2024-08-22,3.21,BAMLH0A0HYM2
2024-08-23,3.19,BAMLH0A0HYM2
2024-08-26,3.15,BAMLH0A0HYM2
2024-08-27,3.17,BAMLH0A0HYM2
2024-08-28,3.19,BAMLH0A0HYM2
2024-08-29,3.15,BAMLH0A0HYM2
2024-08-30,3.13,BAMLH0A0HYM2
2024-08-31,3.17,BAMLH0A0HYM2
2024-09-02,3.17,BAMLH0A0HYM2
2024-09-03,3.31,BAMLH0A0HYM2
2024-09-04,3.35,BAMLH0A0HYM2
2024-09-05,3.29,BAMLH0A0HYM2
2024-09-06,3.39,BAMLH0A0HYM2
2024-09-09,3.36,BAMLH0A0HYM2
2024-09-10,3.46,BAMLH0A0HYM2
2024-09-11,3.44,BAMLH0A0HYM2
2024-09-12,3.39,BAMLH0A0HYM2
2024-09-13,3.37,BAMLH0A0HYM2
2024-09-16,3.32,BAMLH0A0HYM2
2024-09-17,3.25,BAMLH0A0HYM2
2024-09-18,3.21,BAMLH0A0HYM2
2024-09-19,3.1,BAMLH0A0HYM2
2024-09-20,3.15,BAMLH0A0HYM2
2024-09-23,3.15,BAMLH0A0HYM2
2024-09-24,3.21,BAMLH0A0HYM2
2024-09-25,3.19,BAMLH0A0HYM2
2024-09-26,3.14,BAMLH0A0HYM2
2024-09-27,3.14,BAMLH0A0HYM2
2024-09-30,3.03,BAMLH0A0HYM2
2024-10-01,3.07,BAMLH0A0HYM2
2024-10-02,3.06,BAMLH0A0HYM2
2024-10-03,3.04,BAMLH0A0HYM2
2024-10-04,2.89,BAMLH0A0HYM2
2024-10-07,2.95,BAMLH0A0HYM2
2024-10-08,2.99,BAMLH0A0HYM2
2024-10-09,2.94,BAMLH0A0HYM2
2024-10-10,2.99,BAMLH0A0HYM2
2024-10-11,2.98,BAMLH0A0HYM2
2024-10-14,2.97,BAMLH0A0HYM2
2024-10-15,2.93,BAMLH0A0HYM2
2024-10-16,2.9,BAMLH0A0HYM2
2024-10-17,2.89,BAMLH0A0HYM2
2024-10-18,2.88,BAMLH0A0HYM2
2024-10-21,2.88,BAMLH0A0HYM2
2024-10-22,2.92,BAMLH0A0HYM2
2024-10-23,2.95,BAMLH0A0HYM2
2024-10-24,2.93,BAMLH0A0HYM2
2024-10-25,2.89,BAMLH0A0HYM2
2024-10-28,2.82,BAMLH0A0HYM2
2024-10-29,2.85,BAMLH0A0HYM2
2024-10-30,2.8,BAMLH0A0HYM2
2024-10-31,2.88,BAMLH0A0HYM2
2024-11-01,2.83,BAMLH0A0HYM2
2024-11-04,2.87,BAMLH0A0HYM2
2024-11-05,2.86,BAMLH0A0HYM2
2024-11-06,2.74,BAMLH0A0HYM2
2024-11-07,2.73,BAMLH0A0HYM2
2024-11-08,2.63,BAMLH0A0HYM2
2024-11-11,2.63,BAMLH0A0HYM2
2024-11-12,2.61,BAMLH0A0HYM2
2024-11-13,2.64,BAMLH0A0HYM2
2024-11-14,2.6,BAMLH0A0HYM2
2024-11-15,2.72,BAMLH0A0HYM2
2024-11-18,2.72,BAMLH0A0HYM2
2024-11-19,2.69,BAMLH0A0HYM2
2024-11-20,2.67,BAMLH0A0HYM2
2024-11-21,2.61,BAMLH0A0HYM2
2024-11-22,2.61,BAMLH0A0HYM2
2024-11-25,2.64,BAMLH0A0HYM2
2024-11-26,2.68,BAMLH0A0HYM2
2024-11-27,2.69,BAMLH0A0HYM2
2024-11-28,2.69,BAMLH0A0HYM2
2024-11-29,2.72,BAMLH0A0HYM2
2024-11-30,2.74,BAMLH0A0HYM2
2024-12-02,2.68,BAMLH0A0HYM2
2024-12-03,2.66,BAMLH0A0HYM2
2024-12-04,2.66,BAMLH0A0HYM2
2024-12-05,2.66,BAMLH0A0HYM2
2024-12-06,2.67,BAMLH0A0HYM2
2024-12-09,2.67,BAMLH0A0HYM2
2024-12-10,2.67,BAMLH0A0HYM2
2024-12-11,2.64,BAMLH0A0HYM2
2024-12-12,2.66,BAMLH0A0HYM2
2024-12-13,2.68,BAMLH0A0HYM2
2024-12-16,2.69,BAMLH0A0HYM2
2024-12-17,2.75,BAMLH0A0HYM2
2024-12-18,2.73,BAMLH0A0HYM2
2024-12-19,2.91,BAMLH0A0HYM2
2024-12-20,2.86,BAMLH0A0HYM2
2024-12-23,2.85,BAMLH0A0HYM2
2024-12-24,2.86,BAMLH0A0HYM2
2024-12-25,,BAMLH0A0HYM2
2024-12-26,2.86,BAMLH0A0HYM2
2024-12-27,2.84,BAMLH0A0HYM2
2024-12-30,2.94,BAMLH0A0HYM2
2024-12-31,2.92,BAMLH0A0HYM2
2025-01-01,,BAMLH0A0HYM2
2025-01-02,2.88,BAMLH0A0HYM2
2025-01-03,2.81,BAMLH0A0HYM2
2025-01-06,2.76,BAMLH0A0HYM2
2025-01-07,2.79,BAMLH0A0HYM2
2025-01-08,2.84,BAMLH0A0HYM2
2025-01-09,2.82,BAMLH0A0HYM2
2025-01-10,2.81,BAMLH0A0HYM2
2025-01-13,2.85,BAMLH0A0HYM2
2025-01-14,2.8,BAMLH0A0HYM2
2025-01-15,2.72,BAMLH0A0HYM2
2025-01-16,2.73,BAMLH0A0HYM2
2025-01-17,2.64,BAMLH0A0HYM2
2025-01-20,2.64,BAMLH0A0HYM2
2025-01-21,2.61,BAMLH0A0HYM2
2025-01-22,2.59,BAMLH0A0HYM2
2025-01-23,2.61,BAMLH0A0HYM2
2025-01-24,2.6,BAMLH0A0HYM2
2025-01-27,2.66,BAMLH0A0HYM2
2025-01-28,2.66,BAMLH0A0HYM2
2025-01-29,2.68,BAMLH0A0HYM2
2025-01-30,2.67,BAMLH0A0HYM2
2025-01-31,2.68,BAMLH0A0HYM2
2025-02-03,2.73,BAMLH0A0HYM2
2025-02-04,2.71,BAMLH0A0HYM2
2025-02-05,2.69,BAMLH0A0HYM2
2025-02-06,2.66,BAMLH0A0HYM2
2025-02-07,2.67,BAMLH0A0HYM2
2025-02-10,2.66,BAMLH0A0HYM2
2025-02-11,2.66,BAMLH0A0HYM2
2025-02-12,2.65,BAMLH0A0HYM2
2025-02-13,2.65,BAMLH0A0HYM2
2025-02-14,2.62,BAMLH0A0HYM2
2025-02-17,2.62,BAMLH0A0HYM2
2025-02-18,2.62,BAMLH0A0HYM2
2025-02-19,2.68,BAMLH0A0HYM2
2025-02-20,2.66,BAMLH0A0HYM2
2025-02-21,2.78,BAMLH0A0HYM2
2025-02-24,2.78,BAMLH0A0HYM2
2025-02-25,2.84,BAMLH0A0HYM2
2025-02-26,2.81,BAMLH0A0HYM2
2025-02-27,2.81,BAMLH0A0HYM2
2025-02-28,2.87,BAMLH0A0HYM2
2025-03-03,2.94,BAMLH0A0HYM2
2025-03-04,2.99,BAMLH0A0HYM2
2025-03-05,2.88,BAMLH0A0HYM2
2025-03-06,2.99,BAMLH0A0HYM2
2025-03-07,2.97,BAMLH0A0HYM2
2025-03-10,3.16,BAMLH0A0HYM2
2025-03-11,3.22,BAMLH0A0HYM2
2025-03-12,3.2,BAMLH0A0HYM2
2025-03-13,3.4,BAMLH0A0HYM2
2025-03-14,3.25,BAMLH0A0HYM2
2025-03-17,3.18,BAMLH0A0HYM2
2025-03-18,3.23,BAMLH0A0HYM2
2025-03-19,3.19,BAMLH0A0HYM2
2025-03-20,3.17,BAMLH0A0HYM2
2025-03-21,3.21,BAMLH0A0HYM2
2025-03-24,3.05,BAMLH0A0HYM2
2025-03-25,3.09,BAMLH0A0HYM2
2025-03-26,3.19,BAMLH0A0HYM2
2025-03-27,3.27,BAMLH0A0HYM2
2025-03-28,3.47,BAMLH0A0HYM2
2025-03-31,3.55,BAMLH0A0HYM2
2025-04-01,3.5,BAMLH0A0HYM2
2025-04-02,3.42,BAMLH0A0HYM2
2025-04-03,4.01,BAMLH0A0HYM2
2025-04-04,4.45,BAMLH0A0HYM2
2025-04-07,4.61,BAMLH0A0HYM2
2025-04-08,4.57,BAMLH0A0HYM2
2025-04-09,4.37,BAMLH0A0HYM2
2025-04-10,4.42,BAMLH0A0HYM2
2025-04-11,4.26,BAMLH0A0HYM2
2025-04-14,4.14,BAMLH0A0HYM2
2025-04-15,4.09,BAMLH0A0HYM2
2025-04-16,4.16,BAMLH0A0HYM2
2025-04-17,4.02,BAMLH0A0HYM2
2025-04-18,,BAMLH0A0HYM2
2025-04-21,4.16,BAMLH0A0HYM2
2025-04-22,3.99,BAMLH0A0HYM2
2025-04-23,3.75,BAMLH0A0HYM2
2025-04-24,3.73,BAMLH0A0HYM2
2025-04-25,3.67,BAMLH0A0HYM2
2025-04-28,3.73,BAMLH0A0HYM2
2025-04-29,3.74,BAMLH0A0HYM2
2025-04-30,3.94,BAMLH0A0HYM2
2025-05-01,3.78,BAMLH0A0HYM2
2025-05-02,3.6,BAMLH0A0HYM2
2025-05-05,3.6,BAMLH0A0HYM2
2025-05-06,3.66,BAMLH0A0HYM2
2025-05-07,3.67,BAMLH0A0HYM2
2025-05-08,3.51,BAMLH0A0HYM2
2025-05-09,3.53,BAMLH0A0HYM2
2025-05-12,3.15,BAMLH0A0HYM2
2025-05-13,3.09,BAMLH0A0HYM2
2025-05-14,3.1,BAMLH0A0HYM2
2025-05-15,3.2,BAMLH0A0HYM2
2025-05-16,3.16,BAMLH0A0HYM2
2025-05-19,3.21,BAMLH0A0HYM2
2025-05-20,3.2,BAMLH0A0HYM2
2025-05-21,3.25,BAMLH0A0HYM2
2025-05-22,3.32,BAMLH0A0HYM2
2025-05-23,3.4,BAMLH0A0HYM2
2025-05-26,3.4,BAMLH0A0HYM2
2025-05-27,3.24,BAMLH0A0HYM2
2025-05-28,3.23,BAMLH0A0HYM2
2025-05-29,3.22,BAMLH0A0HYM2
2025-05-30,3.31,BAMLH0A0HYM2
2025-05-31,3.32,BAMLH0A0HYM2
2025-06-02,3.27,BAMLH0A0HYM2
2025-06-03,3.19,BAMLH0A0HYM2
2025-06-04,3.23,BAMLH0A0HYM2
2025-06-05,3.18,BAMLH0A0HYM2
2025-06-06,3.09,BAMLH0A0HYM2
2025-06-09,3.12,BAMLH0A0HYM2
2025-06-10,3.12,BAMLH0A0HYM2
2025-06-11,3.12,BAMLH0A0HYM2
2025-06-12,3.17,BAMLH0A0HYM2
2025-06-13,3.18,BAMLH0A0HYM2
2025-06-16,3.1,BAMLH0A0HYM2
2025-06-17,3.17,BAMLH0A0HYM2
2025-06-18,3.16,BAMLH0A0HYM2
2025-06-19,3.16,BAMLH0A0HYM2
2025-06-20,3.13,BAMLH0A0HYM2
2025-06-23,3.12,BAMLH0A0HYM2
2025-06-24,3.06,BAMLH0A0HYM2
2025-06-25,3.04,BAMLH0A0HYM2
2025-06-26,3.04,BAMLH0A0HYM2
2025-06-27,3.02,BAMLH0A0HYM2
2025-06-30,2.96,BAMLH0A0HYM2
2025-07-01,2.91,BAMLH0A0HYM2
2025-07-02,2.88,BAMLH0A0HYM2
2025-07-03,2.8,BAMLH0A0HYM2
2025-07-04,2.8,BAMLH0A0HYM2
2025-07-07,2.86,BAMLH0A0HYM2
2025-07-08,2.92,BAMLH0A0HYM2
2025-07-09,2.94,BAMLH0A0HYM2
2025-07-10,2.92,BAMLH0A0HYM2
2025-07-11,2.97,BAMLH0A0HYM2
2025-07-14,2.95,BAMLH0A0HYM2
2025-07-15,2.95,BAMLH0A0HYM2
2025-07-16,3.0,BAMLH0A0HYM2
2025-07-17,2.91,BAMLH0A0HYM2
2025-07-18,2.93,BAMLH0A0HYM2
2025-07-21,2.89,BAMLH0A0HYM2
2025-07-22,2.9,BAMLH0A0HYM2
2025-07-23,2.83,BAMLH0A0HYM2
2025-07-24,2.82,BAMLH0A0HYM2
2025-07-25,2.84,BAMLH0A0HYM2
2025-07-28,2.82,BAMLH0A0HYM2
2025-07-29,2.86,BAMLH0A0HYM2
2025-07-30,2.89,BAMLH0A0HYM2
2025-07-31,2.86,BAMLH0A0HYM2
2025-08-01,3.13,BAMLH0A0HYM2
2025-08-04,3.02,BAMLH0A0HYM2
2025-08-05,2.98,BAMLH0A0HYM2
2025-08-06,2.98,BAMLH0A0HYM2
2025-08-07,2.95,BAMLH0A0HYM2
2025-08-08,2.94,BAMLH0A0HYM2
2025-08-11,2.94,BAMLH0A0HYM2
2025-08-12,2.93,BAMLH0A0HYM2
2025-08-13,2.9,BAMLH0A0HYM2
2025-08-14,2.89,BAMLH0A0HYM2
2025-08-15,2.88,BAMLH0A0HYM2
2025-08-18,2.88,BAMLH0A0HYM2
2025-08-19,2.9,BAMLH0A0HYM2
2025-08-20,2.94,BAMLH0A0HYM2
2025-08-21,2.95,BAMLH0A0HYM2
2025-08-22,2.88,BAMLH0A0HYM2
2025-08-25,2.8,BAMLH0A0HYM2
2025-08-26,2.78,BAMLH0A0HYM2
2025-08-27,2.78,BAMLH0A0HYM2
2025-08-28,2.75,BAMLH0A0HYM2
2025-08-29,2.82,BAMLH0A0HYM2
2025-08-31,2.84,BAMLH0A0HYM2
2025-09-01,2.84,BAMLH0A0HYM2
2025-09-02,2.92,BAMLH0A0HYM2
2025-09-03,2.88,BAMLH0A0HYM2
2025-09-04,2.84,BAMLH0A0HYM2
2025-09-05,2.83,BAMLH0A0HYM2
2025-09-08,2.84,BAMLH0A0HYM2
2025-09-09,2.87,BAMLH0A0HYM2
2025-09-10,2.84,BAMLH0A0HYM2
2025-09-11,2.78,BAMLH0A0HYM2
2025-09-12,2.79,BAMLH0A0HYM2
2025-09-15,2.75,BAMLH0A0HYM2
2025-09-16,2.79,BAMLH0A0HYM2
2025-09-17,2.79,BAMLH0A0HYM2
2025-09-18,2.71,BAMLH0A0HYM2
2025-09-19,2.72,BAMLH0A0HYM2
2025-09-22,2.69,BAMLH0A0HYM2
2025-09-23,2.71,BAMLH0A0HYM2
2025-09-24,2.7,BAMLH0A0HYM2
2025-09-25,2.76,BAMLH0A0HYM2
2025-09-26,2.75,BAMLH0A0HYM2
2025-09-29,2.74,BAMLH0A0HYM2
2025-09-30,2.8,BAMLH0A0HYM2
2025-10-01,2.81,BAMLH0A0HYM2
2025-10-02,2.81,BAMLH0A0HYM2
2025-10-03,2.8,BAMLH0A0HYM2
2025-10-06,2.76,BAMLH0A0HYM2
2025-10-07,2.82,BAMLH0A0HYM2
2025-10-08,2.84,BAMLH0A0HYM2
2025-10-09,2.95,BAMLH0A0HYM2
2025-10-10,3.18,BAMLH0A0HYM2
2025-10-13,3.18,BAMLH0A0HYM2
2025-10-14,3.11,BAMLH0A0HYM2
2025-10-15,2.95,BAMLH0A0HYM2
2025-10-16,3.04,BAMLH0A0HYM2
2025-10-17,3.04,BAMLH0A0HYM2
2025-10-20,2.99,BAMLH0A0HYM2
2025-10-21,2.97,BAMLH0A0HYM2
2025-10-22,3.01,BAMLH0A0HYM2
2025-10-23,2.96,BAMLH0A0HYM2
2025-10-24,2.88,BAMLH0A0HYM2
2025-10-27,2.8,BAMLH0A0HYM2
2025-10-28,2.82,BAMLH0A0HYM2
2025-10-29,2.76,BAMLH0A0HYM2
2025-10-30,2.85,BAMLH0A0HYM2
2025-10-31,2.94,BAMLH0A0HYM2
2025-11-03,3.04,BAMLH0A0HYM2
2025-11-04,3.13,BAMLH0A0HYM2
2025-11-05,3.05,BAMLH0A0HYM2
2025-11-06,3.13,BAMLH0A0HYM2
2025-11-07,3.15,BAMLH0A0HYM2
2025-11-10,3.02,BAMLH0A0HYM2
2025-11-11,3.02,BAMLH0A0HYM2
2025-11-12,3.02,BAMLH0A0HYM2
2025-11-13,3.09,BAMLH0A0HYM2
2025-11-14,3.07,BAMLH0A0HYM2
2025-11-17,3.13,BAMLH0A0HYM2
2025-11-18,3.2,BAMLH0A0HYM2
2025-11-19,3.17,BAMLH0A0HYM2
2025-11-20,3.17,BAMLH0A0HYM2
2025-11-21,3.19,BAMLH0A0HYM2
2025-11-24,3.15,BAMLH0A0HYM2
2025-11-25,3.1,BAMLH0A0HYM2
2025-11-26,3.0,BAMLH0A0HYM2
2025-11-27,3.0,BAMLH0A0HYM2
2025-11-28,2.95,BAMLH0A0HYM2
2025-11-30,2.92,BAMLH0A0HYM2
2025-12-01,2.94,BAMLH0A0HYM2
2025-12-02,2.92,BAMLH0A0HYM2
2025-12-03,2.89,BAMLH0A0HYM2
2025-12-04,2.88,BAMLH0A0HYM2
2025-12-05,2.85,BAMLH0A0HYM2
2025-12-08,2.89,BAMLH0A0HYM2
2025-12-09,2.89,BAMLH0A0HYM2
2025-12-10,2.91,BAMLH0A0HYM2
2025-12-11,2.88,BAMLH0A0HYM2
2025-12-12,2.91,BAMLH0A0HYM2
2025-12-15,2.91,BAMLH0A0HYM2
2025-12-16,2.98,BAMLH0A0HYM2
2025-12-17,2.99,BAMLH0A0HYM2
2025-12-18,2.95,BAMLH0A0HYM2
2025-12-19,2.9,BAMLH0A0HYM2
2025-12-22,2.88,BAMLH0A0HYM2
2025-12-23,2.83,BAMLH0A0HYM2
2025-12-24,2.84,BAMLH0A0HYM2
2025-12-25,,BAMLH0A0HYM2
2025-12-26,2.86,BAMLH0A0HYM2
2025-12-29,2.87,BAMLH0A0HYM2
2025-12-30,2.84,BAMLH0A0HYM2
2025-12-31,2.81,BAMLH0A0HYM2
2026-01-01,,BAMLH0A0HYM2
2026-01-02,2.83,BAMLH0A0HYM2
2026-01-05,2.81,BAMLH0A0HYM2
2026-01-06,2.79,BAMLH0A0HYM2
2026-01-07,2.79,BAMLH0A0HYM2
2026-01-08,2.76,BAMLH0A0HYM2
2026-01-09,2.74,BAMLH0A0HYM2
2026-01-12,2.74,BAMLH0A0HYM2
2026-01-13,2.75,BAMLH0A0HYM2
2026-01-14,2.76,BAMLH0A0HYM2
2026-01-15,2.71,BAMLH0A0HYM2
2026-01-16,2.65,BAMLH0A0HYM2
2026-01-19,2.65,BAMLH0A0HYM2
2026-01-20,2.73,BAMLH0A0HYM2
2026-01-21,2.69,BAMLH0A0HYM2
2026-01-22,2.64,BAMLH0A0HYM2
2026-01-23,2.68,BAMLH0A0HYM2
2026-01-26,2.69,BAMLH0A0HYM2
2026-01-27,2.71,BAMLH0A0HYM2
2026-01-28,2.72,BAMLH0A0HYM2
2026-01-29,2.77,BAMLH0A0HYM2
2026-01-30,2.8,BAMLH0A0HYM2
2026-01-31,2.88,BAMLH0A0HYM2
2026-02-02,2.81,BAMLH0A0HYM2
2026-02-03,2.85,BAMLH0A0HYM2
2026-02-04,2.86,BAMLH0A0HYM2
2026-02-05,2.97,BAMLH0A0HYM2
2026-02-06,2.87,BAMLH0A0HYM2
2026-02-09,2.84,BAMLH0A0HYM2
2026-02-10,2.86,BAMLH0A0HYM2
2026-02-11,2.84,BAMLH0A0HYM2
2026-02-12,2.92,BAMLH0A0HYM2
2026-02-13,2.95,BAMLH0A0HYM2
2026-02-16,2.94,BAMLH0A0HYM2
2026-02-17,2.94,BAMLH0A0HYM2
2026-02-18,2.86,BAMLH0A0HYM2
2026-02-19,2.88,BAMLH0A0HYM2
2026-02-20,2.86,BAMLH0A0HYM2
2026-02-23,2.95,BAMLH0A0HYM2
2026-02-24,2.97,BAMLH0A0HYM2
2026-02-25,2.94,BAMLH0A0HYM2
2026-02-26,2.98,BAMLH0A0HYM2
2026-02-27,3.1,BAMLH0A0HYM2
2026-02-28,3.12,BAMLH0A0HYM2
2026-03-02,3.03,BAMLH0A0HYM2
2026-03-03,3.08,BAMLH0A0HYM2
2026-03-04,2.97,BAMLH0A0HYM2
2026-03-05,3.0,BAMLH0A0HYM2
2026-03-06,3.13,BAMLH0A0HYM2
2026-03-09,3.19,BAMLH0A0HYM2
2026-03-10,3.06,BAMLH0A0HYM2
2026-03-11,3.09,BAMLH0A0HYM2
2026-03-12,3.17,BAMLH0A0HYM2
2026-03-13,3.28,BAMLH0A0HYM2
2026-03-16,3.27,BAMLH0A0HYM2
2026-03-17,3.22,BAMLH0A0HYM2
2026-03-18,3.2,BAMLH0A0HYM2
2026-03-19,3.27,BAMLH0A0HYM2
2026-03-20,3.24,BAMLH0A0HYM2
2026-03-23,3.19,BAMLH0A0HYM2
2026-03-24,3.19,BAMLH0A0HYM2
2026-03-25,3.17,BAMLH0A0HYM2
2026-03-26,3.21,BAMLH0A0HYM2
2026-03-27,3.42,BAMLH0A0HYM2
2026-03-30,3.46,BAMLH0A0HYM2
2026-03-31,3.28,BAMLH0A0HYM2
2026-04-01,3.16,BAMLH0A0HYM2
2026-04-02,3.17,BAMLH0A0HYM2
2026-04-03,3.13,BAMLH0A0HYM2
2026-04-06,3.05,BAMLH0A0HYM2
2026-04-07,3.12,BAMLH0A0HYM2
2026-04-08,2.94,BAMLH0A0HYM2
2026-04-09,2.9,BAMLH0A0HYM2
2026-04-10,2.94,BAMLH0A0HYM2
2026-04-13,2.95,BAMLH0A0HYM2
2026-04-14,2.84,BAMLH0A0HYM2
2026-04-15,2.85,BAMLH0A0HYM2
2026-04-16,2.86,BAMLH0A0HYM2
2026-04-17,2.83,BAMLH0A0HYM2
2026-04-20,2.87,BAMLH0A0HYM2
2026-04-21,2.85,BAMLH0A0HYM2
2026-04-22,2.84,BAMLH0A0HYM2
2026-04-23,2.86,BAMLH0A0HYM2
2026-04-24,2.86,BAMLH0A0HYM2
2026-04-27,2.84,BAMLH0A0HYM2
2026-04-28,2.85,BAMLH0A0HYM2
2026-04-29,2.82,BAMLH0A0HYM2
2026-04-30,2.83,BAMLH0A0HYM2
2026-05-01,2.77,BAMLH0A0HYM2
2026-05-04,2.78,BAMLH0A0HYM2
2026-05-05,2.77,BAMLH0A0HYM2
2026-05-06,2.75,BAMLH0A0HYM2
2026-05-07,2.79,BAMLH0A0HYM2
2026-05-08,2.81,BAMLH0A0HYM2
2026-05-11,2.79,BAMLH0A0HYM2
2026-05-12,2.82,BAMLH0A0HYM2
2026-05-13,2.82,BAMLH0A0HYM2
2026-05-14,2.76,BAMLH0A0HYM2
2026-05-15,2.8,BAMLH0A0HYM2
2026-05-18,2.83,BAMLH0A0HYM2
2026-05-19,2.86,BAMLH0A0HYM2
2026-05-20,2.8,BAMLH0A0HYM2
2026-05-21,2.78,BAMLH0A0HYM2
2026-05-22,2.74,BAMLH0A0HYM2
2026-05-25,2.74,BAMLH0A0HYM2
2026-05-26,2.72,BAMLH0A0HYM2
2026-05-27,2.71,BAMLH0A0HYM2
2026-05-28,2.72,BAMLH0A0HYM2
2026-05-29,2.72,BAMLH0A0HYM2
2026-05-31,2.74,BAMLH0A0HYM2
2026-06-01,2.72,BAMLH0A0HYM2
2026-06-02,2.71,BAMLH0A0HYM2
2026-06-03,2.75,BAMLH0A0HYM2
2026-06-04,2.74,BAMLH0A0HYM2
2026-06-05,2.76,BAMLH0A0HYM2
2026-06-08,2.75,BAMLH0A0HYM2
2026-06-09,2.78,BAMLH0A0HYM2
2026-06-10,2.8,BAMLH0A0HYM2
2026-06-11,2.78,BAMLH0A0HYM2
2026-06-12,2.71,BAMLH0A0HYM2
2026-06-15,2.66,BAMLH0A0HYM2
2026-06-16,2.71,BAMLH0A0HYM2
2026-06-17,2.63,BAMLH0A0HYM2
2026-06-18,2.66,BAMLH0A0HYM2
2026-06-19,2.66,BAMLH0A0HYM2
2026-06-22,2.65,BAMLH0A0HYM2
2026-06-23,2.71,BAMLH0A0HYM2
2026-06-24,2.76,BAMLH0A0HYM2
2026-06-25,2.78,BAMLH0A0HYM2
2026-06-26,2.83,BAMLH0A0HYM2
2026-06-29,2.8,BAMLH0A0HYM2
2026-06-30,2.75,BAMLH0A0HYM2
2026-07-01,2.74,BAMLH0A0HYM2
2026-07-02,2.75,BAMLH0A0HYM2
2026-07-03,2.74,BAMLH0A0HYM2
2026-07-06,2.72,BAMLH0A0HYM2
2026-07-07,2.67,BAMLH0A0HYM2
2026-07-08,2.7,BAMLH0A0HYM2
2026-07-09,2.7,BAMLH0A0HYM2
2026-07-10,2.69,BAMLH0A0HYM2
2026-07-13,2.69,BAMLH0A0HYM2
2026-07-14,2.72,BAMLH0A0HYM2
2026-07-15,2.71,BAMLH0A0HYM2
2026-07-16,2.71,BAMLH0A0HYM2
2026-07-17,2.73,BAMLH0A0HYM2
2026-07-20,2.69,BAMLH0A0HYM2
2026-07-21,2.69,BAMLH0A0HYM2
2026-07-22,2.68,BAMLH0A0HYM2
2026-07-23,2.77,BAMLH0A0HYM2
2026-07-24,2.79,BAMLH0A0HYM2
2026-07-27,2.81,BAMLH0A0HYM2
2026-07-28,2.84,BAMLH0A0HYM2
2026-07-29,2.87,BAMLH0A0HYM2
2026-07-30,2.84,BAMLH0A0HYM2
2026-07-31,2.85,BAMLH0A0HYM2
2026-08-03,2.78,BAMLH0A0HYM2
2026-08-04,2.73,BAMLH0A0HYM2
2026-08-05,2.75,BAMLH0A0HYM2
2026-08-06,2.71,BAMLH0A0HYM2
2026-08-07,2.7,BAMLH0A0HYM2
2026-08-10,2.7,BAMLH0A0HYM2
2026-08-11,2.72,BAMLH0A0HYM2
2026-08-12,2.71,BAMLH0A0HYM2
2026-08-13,2.71,BAMLH0A0HYM2
2026-08-14,2.67,BAMLH0A0HYM2
2026-08-17,2.7,BAMLH0A0HYM2
2026-08-18,2.75,BAMLH0A0HYM2
2026-08-19,2.73,BAMLH0A0HYM2
2026-08-20,2.75,BAMLH0A0HYM2
2026-08-21,2.7,BAMLH0A0HYM2
2026-08-24,2.69,BAMLH0A0HYM2
2026-08-25,2.7,BAMLH0A0HYM2
2026-08-26,2.67,BAMLH0A0HYM2
2026-08-27,2.63,BAMLH0A0HYM2
2026-08-28,2.6,BAMLH0A0HYM2
2026-08-31,2.63,BAMLH0A0HYM2
2026-09-01,2.65,BAMLH0A0HYM2
2026-09-02,2.66,BAMLH0A0HYM2
2026-09-03,2.65,BAMLH0A0HYM2
2026-09-04,2.68,BAMLH0A0HYM2
2026-09-07,2.68,BAMLH0A0HYM2
2026-09-08,2.67,BAMLH0A0HYM2
2026-09-09,2.71,BAMLH0A0HYM2
2026-09-10,2.7,BAMLH0A0HYM2
